19:32:23.680 debug: 07/06/2026, 19:32:23
19:32:23.680 debug: Project: C:\Users\Admin\Desktop\coco\PipeRescue
19:32:23.680 debug: Targets: editor,preview
19:32:23.686 debug: Packer deriver version file lost or format incorrect: Error: ENOENT: no such file or directory, open 'C:\Users\Admin\Desktop\coco\PipeRescue\temp\programming\packer-driver\VERSION'
19:32:23.686 debug: Clearing out the targets...
19:32:23.693 debug: Engine path: C:\ProgramData\cocos\editors\Creator\3.8.7\resources\resources\3d\engine
19:32:23.727 debug: Initializing target [Editor]
19:32:23.728 debug: Loading cache
19:32:23.728 debug: No record files found: Error: ENOENT: no such file or directory, open 'C:\Users\Admin\Desktop\coco\PipeRescue\temp\programming\packer-driver\targets\editor\main-record.json'
19:32:23.729 debug: Loading cache costs 1.0733999999974912ms.
19:32:23.729 debug: Engine features shipped in editor: base,gfx-webgl,gfx-webgl2,gfx-empty,gfx-webgpu,3d,animation,skeletal-animation,2d,rich-text,mask,graphics,ui-skew,ui,affine-transform,sorting-2d,particle,particle-2d,physics-framework,physics-cannon,physics-physx,physics-ammo,physics-builtin,physics-2d-framework,physics-2d-box2d-jsb,physics-2d-box2d,physics-2d-builtin,physics-2d-box2d-wasm,intersection-2d,primitive,profiler,occlusion-query,geometry-renderer,debug-renderer,audio,video,xr,light-probe,terrain,webview,tween,tiled-map,vendor-google,spine-3.8,spine-4.2,dragon-bones,marionette,procedural-animation,custom-pipeline,custom-pipeline-builtin-scripts,custom-pipeline-post-process,legacy-pipeline,websocket,websocket-server,meshopt
19:32:23.730 debug: Our import map(foo:/bar): {
  "imports": {
    "cc": "cce:/internal/x/cc"
  }
}
19:32:23.730 debug: Initializing target [Preview]
19:32:23.731 debug: Loading cache
19:32:23.732 debug: No record files found: Error: ENOENT: no such file or directory, open 'C:\Users\Admin\Desktop\coco\PipeRescue\temp\programming\packer-driver\targets\preview\main-record.json'
19:32:23.734 debug: Loading cache costs 0.9968000000008033ms.
19:32:23.735 debug: Our import map(foo:/bar): {
  "imports": {
    "cc": "cce:/internal/x/cc"
  }
}
19:32:23.901 debug: Sync engine features: 2d,affine-transform,animation,audio,base,dragon-bones,gfx-webgl,gfx-webgl2,graphics,intersection-2d,legacy-pipeline,mask,particle-2d,physics-2d-box2d,profiler,rich-text,spine-3.8,tiled-map,tween,ui,video,webview
19:32:23.910 debug: Reset databases. Enumerated domains: [
  {
    "root": "db://internal/",
    "physical": "C:\\ProgramData\\cocos\\editors\\Creator\\3.8.7\\resources\\resources\\3d\\engine\\editor\\assets"
  },
  {
    "root": "db://assets/",
    "physical": "C:\\Users\\Admin\\Desktop\\coco\\PipeRescue\\assets"
  }
]
19:32:23.910 debug: Our import map(foo:/bar): {
  "imports": {
    "cc": "cce:/internal/x/cc",
    "db://internal/": "file:///C:/ProgramData/cocos/editors/Creator/3.8.7/resources/resources/3d/engine/editor/assets/",
    "db://assets/": "file:///C:/Users/Admin/Desktop/coco/PipeRescue/assets/"
  }
}
19:32:23.913 debug: Our import map(foo:/bar): {
  "imports": {
    "cc": "cce:/internal/x/cc",
    "db://internal/": "file:///C:/ProgramData/cocos/editors/Creator/3.8.7/resources/resources/3d/engine/editor/assets/",
    "db://assets/": "file:///C:/Users/Admin/Desktop/coco/PipeRescue/assets/"
  }
}
19:32:23.914 debug: Pulling asset-db.
19:32:23.919 debug: Fetch asset-db cost: 5.573899999999412ms.
19:32:23.922 debug: Build iteration starts.
Number of accumulated asset changes: 0
Feature changed: false
19:32:23.922 debug: Target(editor) build started.
19:32:23.928 debug: QuickPack.build, lock file failed!, workspace: C:\Users\Admin\Desktop\coco\PipeRescue\temp\programming\packer-driver\targets\editor, err: Error: ENOENT: no such file or directory, lstat 'C:\Users\Admin\Desktop\coco\PipeRescue\temp\programming\packer-driver\targets\editor'
19:32:23.929 debug: Inspect cce:/internal/x/cc
19:32:24.066 debug: transform url: 'cce:/internal/x/cc' costs: 137.90 ms
19:32:24.073 debug: Resolve cce:/internal/x/cc-fu/base from cce:/internal/x/cc as external dependency cce:/internal/x/cc-fu/base.
19:32:24.074 debug: Resolve cce:/internal/x/cc-fu/gfx-webgl from cce:/internal/x/cc as external dependency cce:/internal/x/cc-fu/gfx-webgl.
19:32:24.074 debug: Resolve cce:/internal/x/cc-fu/gfx-webgl2 from cce:/internal/x/cc as external dependency cce:/internal/x/cc-fu/gfx-webgl2.
19:32:24.074 debug: Resolve cce:/internal/x/cc-fu/gfx-empty from cce:/internal/x/cc as external dependency cce:/internal/x/cc-fu/gfx-empty.
19:32:24.074 debug: Resolve cce:/internal/x/cc-fu/gfx-webgpu from cce:/internal/x/cc as external dependency cce:/internal/x/cc-fu/gfx-webgpu.
19:32:24.074 debug: Resolve cce:/internal/x/cc-fu/3d from cce:/internal/x/cc as external dependency cce:/internal/x/cc-fu/3d.
19:32:24.074 debug: Resolve cce:/internal/x/cc-fu/animation from cce:/internal/x/cc as external dependency cce:/internal/x/cc-fu/animation.
19:32:24.074 debug: Resolve cce:/internal/x/cc-fu/skeletal-animation from cce:/internal/x/cc as external dependency cce:/internal/x/cc-fu/skeletal-animation.
19:32:24.074 debug: Resolve cce:/internal/x/cc-fu/2d from cce:/internal/x/cc as external dependency cce:/internal/x/cc-fu/2d.
19:32:24.075 debug: Resolve cce:/internal/x/cc-fu/sorting from cce:/internal/x/cc as external dependency cce:/internal/x/cc-fu/sorting.
19:32:24.075 debug: Resolve cce:/internal/x/cc-fu/rich-text from cce:/internal/x/cc as external dependency cce:/internal/x/cc-fu/rich-text.
19:32:24.075 debug: Resolve cce:/internal/x/cc-fu/mask from cce:/internal/x/cc as external dependency cce:/internal/x/cc-fu/mask.
19:32:24.075 debug: Resolve cce:/internal/x/cc-fu/graphics from cce:/internal/x/cc as external dependency cce:/internal/x/cc-fu/graphics.
19:32:24.075 debug: Resolve cce:/internal/x/cc-fu/ui-skew from cce:/internal/x/cc as external dependency cce:/internal/x/cc-fu/ui-skew.
19:32:24.075 debug: Resolve cce:/internal/x/cc-fu/ui from cce:/internal/x/cc as external dependency cce:/internal/x/cc-fu/ui.
19:32:24.075 debug: Resolve cce:/internal/x/cc-fu/affine-transform from cce:/internal/x/cc as external dependency cce:/internal/x/cc-fu/affine-transform.
19:32:24.075 debug: Resolve cce:/internal/x/cc-fu/sorting-2d from cce:/internal/x/cc as external dependency cce:/internal/x/cc-fu/sorting-2d.
19:32:24.075 debug: Resolve cce:/internal/x/cc-fu/particle from cce:/internal/x/cc as external dependency cce:/internal/x/cc-fu/particle.
19:32:24.075 debug: Resolve cce:/internal/x/cc-fu/particle-2d from cce:/internal/x/cc as external dependency cce:/internal/x/cc-fu/particle-2d.
19:32:24.076 debug: Resolve cce:/internal/x/cc-fu/physics-framework from cce:/internal/x/cc as external dependency cce:/internal/x/cc-fu/physics-framework.
19:32:24.076 debug: Resolve cce:/internal/x/cc-fu/physics-cannon from cce:/internal/x/cc as external dependency cce:/internal/x/cc-fu/physics-cannon.
19:32:24.076 debug: Resolve cce:/internal/x/cc-fu/physics-physx from cce:/internal/x/cc as external dependency cce:/internal/x/cc-fu/physics-physx.
19:32:24.076 debug: Resolve cce:/internal/x/cc-fu/physics-ammo from cce:/internal/x/cc as external dependency cce:/internal/x/cc-fu/physics-ammo.
19:32:24.076 debug: Resolve cce:/internal/x/cc-fu/physics-builtin from cce:/internal/x/cc as external dependency cce:/internal/x/cc-fu/physics-builtin.
19:32:24.076 debug: Resolve cce:/internal/x/cc-fu/physics-2d-framework from cce:/internal/x/cc as external dependency cce:/internal/x/cc-fu/physics-2d-framework.
19:32:24.076 debug: Resolve cce:/internal/x/cc-fu/physics-2d-box2d-jsb from cce:/internal/x/cc as external dependency cce:/internal/x/cc-fu/physics-2d-box2d-jsb.
19:32:24.076 debug: Resolve cce:/internal/x/cc-fu/physics-2d-box2d from cce:/internal/x/cc as external dependency cce:/internal/x/cc-fu/physics-2d-box2d.
19:32:24.076 debug: Resolve cce:/internal/x/cc-fu/physics-2d-builtin from cce:/internal/x/cc as external dependency cce:/internal/x/cc-fu/physics-2d-builtin.
19:32:24.076 debug: Resolve cce:/internal/x/cc-fu/physics-2d-box2d-wasm from cce:/internal/x/cc as external dependency cce:/internal/x/cc-fu/physics-2d-box2d-wasm.
19:32:24.076 debug: Resolve cce:/internal/x/cc-fu/intersection-2d from cce:/internal/x/cc as external dependency cce:/internal/x/cc-fu/intersection-2d.
19:32:24.076 debug: Resolve cce:/internal/x/cc-fu/primitive from cce:/internal/x/cc as external dependency cce:/internal/x/cc-fu/primitive.
19:32:24.076 debug: Resolve cce:/internal/x/cc-fu/profiler from cce:/internal/x/cc as external dependency cce:/internal/x/cc-fu/profiler.
19:32:24.077 debug: Resolve cce:/internal/x/cc-fu/geometry-renderer from cce:/internal/x/cc as external dependency cce:/internal/x/cc-fu/geometry-renderer.
19:32:24.077 debug: Resolve cce:/internal/x/cc-fu/audio from cce:/internal/x/cc as external dependency cce:/internal/x/cc-fu/audio.
19:32:24.077 debug: Resolve cce:/internal/x/cc-fu/video from cce:/internal/x/cc as external dependency cce:/internal/x/cc-fu/video.
19:32:24.077 debug: Resolve cce:/internal/x/cc-fu/xr from cce:/internal/x/cc as external dependency cce:/internal/x/cc-fu/xr.
19:32:24.077 debug: Resolve cce:/internal/x/cc-fu/light-probe from cce:/internal/x/cc as external dependency cce:/internal/x/cc-fu/light-probe.
19:32:24.077 debug: Resolve cce:/internal/x/cc-fu/terrain from cce:/internal/x/cc as external dependency cce:/internal/x/cc-fu/terrain.
19:32:24.077 debug: Resolve cce:/internal/x/cc-fu/webview from cce:/internal/x/cc as external dependency cce:/internal/x/cc-fu/webview.
19:32:24.077 debug: Resolve cce:/internal/x/cc-fu/tween from cce:/internal/x/cc as external dependency cce:/internal/x/cc-fu/tween.
19:32:24.077 debug: Resolve cce:/internal/x/cc-fu/tiled-map from cce:/internal/x/cc as external dependency cce:/internal/x/cc-fu/tiled-map.
19:32:24.077 debug: Resolve cce:/internal/x/cc-fu/vendor-google from cce:/internal/x/cc as external dependency cce:/internal/x/cc-fu/vendor-google.
19:32:24.077 debug: Resolve cce:/internal/x/cc-fu/spine from cce:/internal/x/cc as external dependency cce:/internal/x/cc-fu/spine.
19:32:24.077 debug: Resolve cce:/internal/x/cc-fu/dragon-bones from cce:/internal/x/cc as external dependency cce:/internal/x/cc-fu/dragon-bones.
19:32:24.077 debug: Resolve cce:/internal/x/cc-fu/custom-pipeline from cce:/internal/x/cc as external dependency cce:/internal/x/cc-fu/custom-pipeline.
19:32:24.077 debug: Resolve cce:/internal/x/cc-fu/custom-pipeline-post-process from cce:/internal/x/cc as external dependency cce:/internal/x/cc-fu/custom-pipeline-post-process.
19:32:24.077 debug: Resolve cce:/internal/x/cc-fu/legacy-pipeline from cce:/internal/x/cc as external dependency cce:/internal/x/cc-fu/legacy-pipeline.
19:32:24.078 debug: Inspect cce:/internal/x/prerequisite-imports
19:32:24.121 debug: transform url: 'cce:/internal/x/prerequisite-imports' costs: 43.20 ms
19:32:24.144 debug: Target(editor) ends with cost 221.59799999999814ms.
19:32:24.144 debug: Target(preview) build started.
19:32:24.148 debug: QuickPack.build, lock file failed!, workspace: C:\Users\Admin\Desktop\coco\PipeRescue\temp\programming\packer-driver\targets\preview, err: Error: ENOENT: no such file or directory, lstat 'C:\Users\Admin\Desktop\coco\PipeRescue\temp\programming\packer-driver\targets\preview'
19:32:24.148 debug: Inspect cce:/internal/x/cc
19:32:24.218 debug: transform url: 'cce:/internal/x/cc' costs: 70.40 ms
19:32:24.223 debug: Resolve cce:/internal/x/cc-fu/2d from cce:/internal/x/cc as external dependency cce:/internal/x/cc-fu/2d.
19:32:24.224 debug: Resolve cce:/internal/x/cc-fu/sorting from cce:/internal/x/cc as external dependency cce:/internal/x/cc-fu/sorting.
19:32:24.224 debug: Resolve cce:/internal/x/cc-fu/affine-transform from cce:/internal/x/cc as external dependency cce:/internal/x/cc-fu/affine-transform.
19:32:24.224 debug: Resolve cce:/internal/x/cc-fu/animation from cce:/internal/x/cc as external dependency cce:/internal/x/cc-fu/animation.
19:32:24.224 debug: Resolve cce:/internal/x/cc-fu/audio from cce:/internal/x/cc as external dependency cce:/internal/x/cc-fu/audio.
19:32:24.224 debug: Resolve cce:/internal/x/cc-fu/base from cce:/internal/x/cc as external dependency cce:/internal/x/cc-fu/base.
19:32:24.224 debug: Resolve cce:/internal/x/cc-fu/dragon-bones from cce:/internal/x/cc as external dependency cce:/internal/x/cc-fu/dragon-bones.
19:32:24.224 debug: Resolve cce:/internal/x/cc-fu/gfx-webgl from cce:/internal/x/cc as external dependency cce:/internal/x/cc-fu/gfx-webgl.
19:32:24.224 debug: Resolve cce:/internal/x/cc-fu/gfx-webgl2 from cce:/internal/x/cc as external dependency cce:/internal/x/cc-fu/gfx-webgl2.
19:32:24.224 debug: Resolve cce:/internal/x/cc-fu/graphics from cce:/internal/x/cc as external dependency cce:/internal/x/cc-fu/graphics.
19:32:24.224 debug: Resolve cce:/internal/x/cc-fu/intersection-2d from cce:/internal/x/cc as external dependency cce:/internal/x/cc-fu/intersection-2d.
19:32:24.224 debug: Resolve cce:/internal/x/cc-fu/legacy-pipeline from cce:/internal/x/cc as external dependency cce:/internal/x/cc-fu/legacy-pipeline.
19:32:24.224 debug: Resolve cce:/internal/x/cc-fu/mask from cce:/internal/x/cc as external dependency cce:/internal/x/cc-fu/mask.
19:32:24.224 debug: Resolve cce:/internal/x/cc-fu/particle-2d from cce:/internal/x/cc as external dependency cce:/internal/x/cc-fu/particle-2d.
19:32:24.225 debug: Resolve cce:/internal/x/cc-fu/physics-2d-box2d from cce:/internal/x/cc as external dependency cce:/internal/x/cc-fu/physics-2d-box2d.
19:32:24.225 debug: Resolve cce:/internal/x/cc-fu/physics-2d-framework from cce:/internal/x/cc as external dependency cce:/internal/x/cc-fu/physics-2d-framework.
19:32:24.225 debug: Resolve cce:/internal/x/cc-fu/profiler from cce:/internal/x/cc as external dependency cce:/internal/x/cc-fu/profiler.
19:32:24.225 debug: Resolve cce:/internal/x/cc-fu/rich-text from cce:/internal/x/cc as external dependency cce:/internal/x/cc-fu/rich-text.
19:32:24.225 debug: Resolve cce:/internal/x/cc-fu/spine from cce:/internal/x/cc as external dependency cce:/internal/x/cc-fu/spine.
19:32:24.225 debug: Resolve cce:/internal/x/cc-fu/tiled-map from cce:/internal/x/cc as external dependency cce:/internal/x/cc-fu/tiled-map.
19:32:24.225 debug: Resolve cce:/internal/x/cc-fu/tween from cce:/internal/x/cc as external dependency cce:/internal/x/cc-fu/tween.
19:32:24.225 debug: Resolve cce:/internal/x/cc-fu/ui from cce:/internal/x/cc as external dependency cce:/internal/x/cc-fu/ui.
19:32:24.225 debug: Resolve cce:/internal/x/cc-fu/video from cce:/internal/x/cc as external dependency cce:/internal/x/cc-fu/video.
19:32:24.226 debug: Resolve cce:/internal/x/cc-fu/webview from cce:/internal/x/cc as external dependency cce:/internal/x/cc-fu/webview.
19:32:24.226 debug: Inspect cce:/internal/x/prerequisite-imports
19:32:24.259 debug: transform url: 'cce:/internal/x/prerequisite-imports' costs: 33.60 ms
19:32:24.279 debug: Target(preview) ends with cost 134.52820000000065ms.
19:33:13.489 debug: Pulling asset-db.
19:33:17.384 debug: Fetch asset-db cost: 3894.244299999991ms.
19:33:17.387 debug: Build iteration starts.
Number of accumulated asset changes: 6
Feature changed: false
19:33:17.388 debug: Target(editor) build started.
19:33:17.402 debug: Detected change: cce:/internal/x/prerequisite-imports. Last mtime: Thu Jan 01 1970 05:30:17 GMT+0530 (India Standard Time), Current mtime: Thu Jan 01 1970 05:31:11 GMT+0530 (India Standard Time)
19:33:17.402 debug: Inspect cce:/internal/x/prerequisite-imports
19:33:17.453 debug: transform url: 'cce:/internal/x/prerequisite-imports' costs: 51.10 ms
19:33:17.456 debug: Resolve file:///C:/ProgramData/cocos/editors/Creator/3.8.7/resources/resources/3d/engine/editor/assets/default_renderpipeline/builtin-dof-pass.ts from cce:/internal/x/prerequisite-imports as file:///C:/ProgramData/cocos/editors/Creator/3.8.7/resources/resources/3d/engine/editor/assets/default_renderpipeline/builtin-dof-pass.ts.
19:33:17.457 debug: Inspect file:///C:/ProgramData/cocos/editors/Creator/3.8.7/resources/resources/3d/engine/editor/assets/default_renderpipeline/builtin-dof-pass.ts
19:33:18.068 debug: transform url: 'file:///C:/ProgramData/cocos/editors/Creator/3.8.7/resources/resources/3d/engine/editor/assets/default_renderpipeline/builtin-dof-pass.ts' costs: 610.60 ms
19:33:18.110 debug: Resolve file:///C:/ProgramData/cocos/editors/Creator/3.8.7/resources/resources/3d/engine/editor/assets/default_renderpipeline/builtin-pipeline-pass.ts from cce:/internal/x/prerequisite-imports as file:///C:/ProgramData/cocos/editors/Creator/3.8.7/resources/resources/3d/engine/editor/assets/default_renderpipeline/builtin-pipeline-pass.ts.
19:33:18.111 debug: Inspect file:///C:/ProgramData/cocos/editors/Creator/3.8.7/resources/resources/3d/engine/editor/assets/default_renderpipeline/builtin-pipeline-pass.ts
19:33:18.320 debug: transform url: 'file:///C:/ProgramData/cocos/editors/Creator/3.8.7/resources/resources/3d/engine/editor/assets/default_renderpipeline/builtin-pipeline-pass.ts' costs: 208.70 ms
19:33:18.325 debug: Resolve file:///C:/ProgramData/cocos/editors/Creator/3.8.7/resources/resources/3d/engine/editor/assets/default_renderpipeline/builtin-pipeline-settings.ts from cce:/internal/x/prerequisite-imports as file:///C:/ProgramData/cocos/editors/Creator/3.8.7/resources/resources/3d/engine/editor/assets/default_renderpipeline/builtin-pipeline-settings.ts.
19:33:18.325 debug: Inspect file:///C:/ProgramData/cocos/editors/Creator/3.8.7/resources/resources/3d/engine/editor/assets/default_renderpipeline/builtin-pipeline-settings.ts
19:33:18.600 debug: transform url: 'file:///C:/ProgramData/cocos/editors/Creator/3.8.7/resources/resources/3d/engine/editor/assets/default_renderpipeline/builtin-pipeline-settings.ts' costs: 274.40 ms
19:33:18.607 debug: Resolve file:///C:/ProgramData/cocos/editors/Creator/3.8.7/resources/resources/3d/engine/editor/assets/default_renderpipeline/builtin-pipeline-types.ts from cce:/internal/x/prerequisite-imports as file:///C:/ProgramData/cocos/editors/Creator/3.8.7/resources/resources/3d/engine/editor/assets/default_renderpipeline/builtin-pipeline-types.ts.
19:33:18.608 debug: Inspect file:///C:/ProgramData/cocos/editors/Creator/3.8.7/resources/resources/3d/engine/editor/assets/default_renderpipeline/builtin-pipeline-types.ts
19:33:18.735 debug: transform url: 'file:///C:/ProgramData/cocos/editors/Creator/3.8.7/resources/resources/3d/engine/editor/assets/default_renderpipeline/builtin-pipeline-types.ts' costs: 127.30 ms
19:33:18.782 debug: Resolve file:///C:/ProgramData/cocos/editors/Creator/3.8.7/resources/resources/3d/engine/editor/assets/default_renderpipeline/builtin-pipeline.ts from cce:/internal/x/prerequisite-imports as file:///C:/ProgramData/cocos/editors/Creator/3.8.7/resources/resources/3d/engine/editor/assets/default_renderpipeline/builtin-pipeline.ts.
19:33:18.782 debug: Inspect file:///C:/ProgramData/cocos/editors/Creator/3.8.7/resources/resources/3d/engine/editor/assets/default_renderpipeline/builtin-pipeline.ts
19:33:19.433 debug: transform url: 'file:///C:/ProgramData/cocos/editors/Creator/3.8.7/resources/resources/3d/engine/editor/assets/default_renderpipeline/builtin-pipeline.ts' costs: 651.00 ms
19:33:19.444 debug: Resolve file:///C:/ProgramData/cocos/editors/Creator/3.8.7/resources/resources/3d/engine/editor/assets/tools/debug-view-runtime-control.ts from cce:/internal/x/prerequisite-imports as file:///C:/ProgramData/cocos/editors/Creator/3.8.7/resources/resources/3d/engine/editor/assets/tools/debug-view-runtime-control.ts.
19:33:19.445 debug: Inspect file:///C:/ProgramData/cocos/editors/Creator/3.8.7/resources/resources/3d/engine/editor/assets/tools/debug-view-runtime-control.ts
19:33:19.696 debug: transform url: 'file:///C:/ProgramData/cocos/editors/Creator/3.8.7/resources/resources/3d/engine/editor/assets/tools/debug-view-runtime-control.ts' costs: 248.30 ms
19:33:19.719 debug: Resolve cce:/internal/code-quality/cr.mjs from file:///C:/ProgramData/cocos/editors/Creator/3.8.7/resources/resources/3d/engine/editor/assets/default_renderpipeline/builtin-dof-pass.ts as cce:/internal/code-quality/cr.mjs.
19:33:19.720 debug: Inspect cce:/internal/code-quality/cr.mjs
19:33:19.801 debug: transform url: 'cce:/internal/code-quality/cr.mjs' costs: 80.70 ms
19:33:19.906 debug: Resolve cc from file:///C:/ProgramData/cocos/editors/Creator/3.8.7/resources/resources/3d/engine/editor/assets/default_renderpipeline/builtin-dof-pass.ts as cce:/internal/x/cc.
19:33:19.906 debug: Resolve cc from file:///C:/ProgramData/cocos/editors/Creator/3.8.7/resources/resources/3d/engine/editor/assets/default_renderpipeline/builtin-dof-pass.ts as cce:/internal/x/cc.
19:33:19.906 debug: Resolve cc from file:///C:/ProgramData/cocos/editors/Creator/3.8.7/resources/resources/3d/engine/editor/assets/default_renderpipeline/builtin-dof-pass.ts as cce:/internal/x/cc.
19:33:19.906 debug: Resolve cc/env from file:///C:/ProgramData/cocos/editors/Creator/3.8.7/resources/resources/3d/engine/editor/assets/default_renderpipeline/builtin-dof-pass.ts as external dependency cc/env.
19:33:19.909 debug: Resolve ./builtin-pipeline-settings from file:///C:/ProgramData/cocos/editors/Creator/3.8.7/resources/resources/3d/engine/editor/assets/default_renderpipeline/builtin-dof-pass.ts as file:///C:/ProgramData/cocos/editors/Creator/3.8.7/resources/resources/3d/engine/editor/assets/default_renderpipeline/builtin-pipeline-settings.ts.
19:33:19.912 debug: Resolve ./builtin-pipeline-pass from file:///C:/ProgramData/cocos/editors/Creator/3.8.7/resources/resources/3d/engine/editor/assets/default_renderpipeline/builtin-dof-pass.ts as file:///C:/ProgramData/cocos/editors/Creator/3.8.7/resources/resources/3d/engine/editor/assets/default_renderpipeline/builtin-pipeline-pass.ts.
19:33:19.915 debug: Resolve ./builtin-pipeline from file:///C:/ProgramData/cocos/editors/Creator/3.8.7/resources/resources/3d/engine/editor/assets/default_renderpipeline/builtin-dof-pass.ts as file:///C:/ProgramData/cocos/editors/Creator/3.8.7/resources/resources/3d/engine/editor/assets/default_renderpipeline/builtin-pipeline.ts.
19:33:19.916 debug: Resolve cce:/internal/code-quality/cr.mjs from file:///C:/ProgramData/cocos/editors/Creator/3.8.7/resources/resources/3d/engine/editor/assets/default_renderpipeline/builtin-pipeline-settings.ts as cce:/internal/code-quality/cr.mjs.
19:33:19.916 debug: Resolve cc from file:///C:/ProgramData/cocos/editors/Creator/3.8.7/resources/resources/3d/engine/editor/assets/default_renderpipeline/builtin-pipeline-settings.ts as cce:/internal/x/cc.
19:33:19.916 debug: Resolve cc from file:///C:/ProgramData/cocos/editors/Creator/3.8.7/resources/resources/3d/engine/editor/assets/default_renderpipeline/builtin-pipeline-settings.ts as cce:/internal/x/cc.
19:33:19.916 debug: Resolve cc from file:///C:/ProgramData/cocos/editors/Creator/3.8.7/resources/resources/3d/engine/editor/assets/default_renderpipeline/builtin-pipeline-settings.ts as cce:/internal/x/cc.
19:33:19.916 debug: Resolve cc/env from file:///C:/ProgramData/cocos/editors/Creator/3.8.7/resources/resources/3d/engine/editor/assets/default_renderpipeline/builtin-pipeline-settings.ts as external dependency cc/env.
19:33:19.918 debug: Resolve ./builtin-pipeline-types from file:///C:/ProgramData/cocos/editors/Creator/3.8.7/resources/resources/3d/engine/editor/assets/default_renderpipeline/builtin-pipeline-settings.ts as file:///C:/ProgramData/cocos/editors/Creator/3.8.7/resources/resources/3d/engine/editor/assets/default_renderpipeline/builtin-pipeline-types.ts.
19:33:19.919 debug: Resolve cc from file:///C:/ProgramData/cocos/editors/Creator/3.8.7/resources/resources/3d/engine/editor/assets/default_renderpipeline/builtin-pipeline-types.ts as cce:/internal/x/cc.
19:33:19.919 debug: Resolve cc from file:///C:/ProgramData/cocos/editors/Creator/3.8.7/resources/resources/3d/engine/editor/assets/default_renderpipeline/builtin-pipeline-types.ts as cce:/internal/x/cc.
19:33:19.919 debug: Resolve cc from file:///C:/ProgramData/cocos/editors/Creator/3.8.7/resources/resources/3d/engine/editor/assets/default_renderpipeline/builtin-pipeline-types.ts as cce:/internal/x/cc.
19:33:19.919 debug: Resolve cce:/internal/code-quality/cr.mjs from file:///C:/ProgramData/cocos/editors/Creator/3.8.7/resources/resources/3d/engine/editor/assets/default_renderpipeline/builtin-pipeline-pass.ts as cce:/internal/code-quality/cr.mjs.
19:33:19.919 debug: Resolve cc from file:///C:/ProgramData/cocos/editors/Creator/3.8.7/resources/resources/3d/engine/editor/assets/default_renderpipeline/builtin-pipeline-pass.ts as cce:/internal/x/cc.
19:33:19.920 debug: Resolve cc from file:///C:/ProgramData/cocos/editors/Creator/3.8.7/resources/resources/3d/engine/editor/assets/default_renderpipeline/builtin-pipeline-pass.ts as cce:/internal/x/cc.
19:33:19.920 debug: Resolve cc from file:///C:/ProgramData/cocos/editors/Creator/3.8.7/resources/resources/3d/engine/editor/assets/default_renderpipeline/builtin-pipeline-pass.ts as cce:/internal/x/cc.
19:33:19.922 debug: Resolve ./builtin-pipeline-settings from file:///C:/ProgramData/cocos/editors/Creator/3.8.7/resources/resources/3d/engine/editor/assets/default_renderpipeline/builtin-pipeline-pass.ts as file:///C:/ProgramData/cocos/editors/Creator/3.8.7/resources/resources/3d/engine/editor/assets/default_renderpipeline/builtin-pipeline-settings.ts.
19:33:19.922 debug: Resolve cc/env from file:///C:/ProgramData/cocos/editors/Creator/3.8.7/resources/resources/3d/engine/editor/assets/default_renderpipeline/builtin-pipeline-pass.ts as external dependency cc/env.
19:33:19.922 debug: Resolve cce:/internal/code-quality/cr.mjs from file:///C:/ProgramData/cocos/editors/Creator/3.8.7/resources/resources/3d/engine/editor/assets/default_renderpipeline/builtin-pipeline.ts as cce:/internal/code-quality/cr.mjs.
19:33:19.922 debug: Resolve cc from file:///C:/ProgramData/cocos/editors/Creator/3.8.7/resources/resources/3d/engine/editor/assets/default_renderpipeline/builtin-pipeline.ts as cce:/internal/x/cc.
19:33:19.922 debug: Resolve cc from file:///C:/ProgramData/cocos/editors/Creator/3.8.7/resources/resources/3d/engine/editor/assets/default_renderpipeline/builtin-pipeline.ts as cce:/internal/x/cc.
19:33:19.922 debug: Resolve cc from file:///C:/ProgramData/cocos/editors/Creator/3.8.7/resources/resources/3d/engine/editor/assets/default_renderpipeline/builtin-pipeline.ts as cce:/internal/x/cc.
19:33:19.922 debug: Resolve cc/env from file:///C:/ProgramData/cocos/editors/Creator/3.8.7/resources/resources/3d/engine/editor/assets/default_renderpipeline/builtin-pipeline.ts as external dependency cc/env.
19:33:19.926 debug: Resolve ./builtin-pipeline-types from file:///C:/ProgramData/cocos/editors/Creator/3.8.7/resources/resources/3d/engine/editor/assets/default_renderpipeline/builtin-pipeline.ts as file:///C:/ProgramData/cocos/editors/Creator/3.8.7/resources/resources/3d/engine/editor/assets/default_renderpipeline/builtin-pipeline-types.ts.
19:33:19.927 debug: Resolve cc from file:///C:/ProgramData/cocos/editors/Creator/3.8.7/resources/resources/3d/engine/editor/assets/tools/debug-view-runtime-control.ts as cce:/internal/x/cc.
19:33:19.927 debug: Resolve cc from file:///C:/ProgramData/cocos/editors/Creator/3.8.7/resources/resources/3d/engine/editor/assets/tools/debug-view-runtime-control.ts as cce:/internal/x/cc.
19:33:19.931 debug: Resolve cc from file:///C:/ProgramData/cocos/editors/Creator/3.8.7/resources/resources/3d/engine/editor/assets/tools/debug-view-runtime-control.ts as cce:/internal/x/cc.
19:33:19.956 debug: Target(editor) ends with cost 2568.0390000000043ms.
19:33:19.957 debug: Target(preview) build started.
19:33:19.978 debug: Detected change: cce:/internal/x/prerequisite-imports. Last mtime: Thu Jan 01 1970 05:30:17 GMT+0530 (India Standard Time), Current mtime: Thu Jan 01 1970 05:31:13 GMT+0530 (India Standard Time)
19:33:19.978 debug: Inspect cce:/internal/x/prerequisite-imports
19:33:20.037 debug: transform url: 'cce:/internal/x/prerequisite-imports' costs: 58.30 ms
19:33:20.092 debug: Resolve file:///C:/ProgramData/cocos/editors/Creator/3.8.7/resources/resources/3d/engine/editor/assets/default_renderpipeline/builtin-dof-pass.ts from cce:/internal/x/prerequisite-imports as file:///C:/ProgramData/cocos/editors/Creator/3.8.7/resources/resources/3d/engine/editor/assets/default_renderpipeline/builtin-dof-pass.ts.
19:33:20.093 debug: Inspect file:///C:/ProgramData/cocos/editors/Creator/3.8.7/resources/resources/3d/engine/editor/assets/default_renderpipeline/builtin-dof-pass.ts
19:33:20.380 debug: transform url: 'file:///C:/ProgramData/cocos/editors/Creator/3.8.7/resources/resources/3d/engine/editor/assets/default_renderpipeline/builtin-dof-pass.ts' costs: 283.80 ms
19:33:20.385 debug: Resolve file:///C:/ProgramData/cocos/editors/Creator/3.8.7/resources/resources/3d/engine/editor/assets/default_renderpipeline/builtin-pipeline-pass.ts from cce:/internal/x/prerequisite-imports as file:///C:/ProgramData/cocos/editors/Creator/3.8.7/resources/resources/3d/engine/editor/assets/default_renderpipeline/builtin-pipeline-pass.ts.
19:33:20.385 debug: Inspect file:///C:/ProgramData/cocos/editors/Creator/3.8.7/resources/resources/3d/engine/editor/assets/default_renderpipeline/builtin-pipeline-pass.ts
19:33:20.503 debug: transform url: 'file:///C:/ProgramData/cocos/editors/Creator/3.8.7/resources/resources/3d/engine/editor/assets/default_renderpipeline/builtin-pipeline-pass.ts' costs: 117.80 ms
19:33:20.512 debug: Resolve file:///C:/ProgramData/cocos/editors/Creator/3.8.7/resources/resources/3d/engine/editor/assets/default_renderpipeline/builtin-pipeline-settings.ts from cce:/internal/x/prerequisite-imports as file:///C:/ProgramData/cocos/editors/Creator/3.8.7/resources/resources/3d/engine/editor/assets/default_renderpipeline/builtin-pipeline-settings.ts.
19:33:20.513 debug: Inspect file:///C:/ProgramData/cocos/editors/Creator/3.8.7/resources/resources/3d/engine/editor/assets/default_renderpipeline/builtin-pipeline-settings.ts
19:33:20.790 debug: transform url: 'file:///C:/ProgramData/cocos/editors/Creator/3.8.7/resources/resources/3d/engine/editor/assets/default_renderpipeline/builtin-pipeline-settings.ts' costs: 276.70 ms
19:33:20.801 debug: Resolve file:///C:/ProgramData/cocos/editors/Creator/3.8.7/resources/resources/3d/engine/editor/assets/default_renderpipeline/builtin-pipeline-types.ts from cce:/internal/x/prerequisite-imports as file:///C:/ProgramData/cocos/editors/Creator/3.8.7/resources/resources/3d/engine/editor/assets/default_renderpipeline/builtin-pipeline-types.ts.
19:33:20.802 debug: Inspect file:///C:/ProgramData/cocos/editors/Creator/3.8.7/resources/resources/3d/engine/editor/assets/default_renderpipeline/builtin-pipeline-types.ts
19:33:20.940 debug: transform url: 'file:///C:/ProgramData/cocos/editors/Creator/3.8.7/resources/resources/3d/engine/editor/assets/default_renderpipeline/builtin-pipeline-types.ts' costs: 137.80 ms
19:33:20.948 debug: Resolve file:///C:/ProgramData/cocos/editors/Creator/3.8.7/resources/resources/3d/engine/editor/assets/default_renderpipeline/builtin-pipeline.ts from cce:/internal/x/prerequisite-imports as file:///C:/ProgramData/cocos/editors/Creator/3.8.7/resources/resources/3d/engine/editor/assets/default_renderpipeline/builtin-pipeline.ts.
19:33:20.948 debug: Inspect file:///C:/ProgramData/cocos/editors/Creator/3.8.7/resources/resources/3d/engine/editor/assets/default_renderpipeline/builtin-pipeline.ts
19:33:22.275 debug: transform url: 'file:///C:/ProgramData/cocos/editors/Creator/3.8.7/resources/resources/3d/engine/editor/assets/default_renderpipeline/builtin-pipeline.ts' costs: 1325.90 ms
19:33:22.283 debug: Resolve file:///C:/ProgramData/cocos/editors/Creator/3.8.7/resources/resources/3d/engine/editor/assets/tools/debug-view-runtime-control.ts from cce:/internal/x/prerequisite-imports as file:///C:/ProgramData/cocos/editors/Creator/3.8.7/resources/resources/3d/engine/editor/assets/tools/debug-view-runtime-control.ts.
19:33:22.283 debug: Inspect file:///C:/ProgramData/cocos/editors/Creator/3.8.7/resources/resources/3d/engine/editor/assets/tools/debug-view-runtime-control.ts
19:33:22.549 debug: transform url: 'file:///C:/ProgramData/cocos/editors/Creator/3.8.7/resources/resources/3d/engine/editor/assets/tools/debug-view-runtime-control.ts' costs: 265.90 ms
19:33:22.897 debug: Resolve cce:/internal/code-quality/cr.mjs from file:///C:/ProgramData/cocos/editors/Creator/3.8.7/resources/resources/3d/engine/editor/assets/default_renderpipeline/builtin-dof-pass.ts as cce:/internal/code-quality/cr.mjs.
19:33:22.897 debug: Inspect cce:/internal/code-quality/cr.mjs
19:33:22.974 debug: transform url: 'cce:/internal/code-quality/cr.mjs' costs: 76.70 ms
19:33:23.034 debug: Resolve cc from file:///C:/ProgramData/cocos/editors/Creator/3.8.7/resources/resources/3d/engine/editor/assets/default_renderpipeline/builtin-dof-pass.ts as cce:/internal/x/cc.
19:33:23.035 debug: Resolve cc from file:///C:/ProgramData/cocos/editors/Creator/3.8.7/resources/resources/3d/engine/editor/assets/default_renderpipeline/builtin-dof-pass.ts as cce:/internal/x/cc.
19:33:23.035 debug: Resolve cc from file:///C:/ProgramData/cocos/editors/Creator/3.8.7/resources/resources/3d/engine/editor/assets/default_renderpipeline/builtin-dof-pass.ts as cce:/internal/x/cc.
19:33:23.035 debug: Resolve cc/env from file:///C:/ProgramData/cocos/editors/Creator/3.8.7/resources/resources/3d/engine/editor/assets/default_renderpipeline/builtin-dof-pass.ts as external dependency cc/env.
19:33:23.038 debug: Resolve ./builtin-pipeline-settings from file:///C:/ProgramData/cocos/editors/Creator/3.8.7/resources/resources/3d/engine/editor/assets/default_renderpipeline/builtin-dof-pass.ts as file:///C:/ProgramData/cocos/editors/Creator/3.8.7/resources/resources/3d/engine/editor/assets/default_renderpipeline/builtin-pipeline-settings.ts.
19:33:23.039 debug: Resolve ./builtin-pipeline-pass from file:///C:/ProgramData/cocos/editors/Creator/3.8.7/resources/resources/3d/engine/editor/assets/default_renderpipeline/builtin-dof-pass.ts as file:///C:/ProgramData/cocos/editors/Creator/3.8.7/resources/resources/3d/engine/editor/assets/default_renderpipeline/builtin-pipeline-pass.ts.
19:33:23.041 debug: Resolve ./builtin-pipeline from file:///C:/ProgramData/cocos/editors/Creator/3.8.7/resources/resources/3d/engine/editor/assets/default_renderpipeline/builtin-dof-pass.ts as file:///C:/ProgramData/cocos/editors/Creator/3.8.7/resources/resources/3d/engine/editor/assets/default_renderpipeline/builtin-pipeline.ts.
19:33:23.041 debug: Resolve cce:/internal/code-quality/cr.mjs from file:///C:/ProgramData/cocos/editors/Creator/3.8.7/resources/resources/3d/engine/editor/assets/default_renderpipeline/builtin-pipeline-settings.ts as cce:/internal/code-quality/cr.mjs.
19:33:23.042 debug: Resolve cc from file:///C:/ProgramData/cocos/editors/Creator/3.8.7/resources/resources/3d/engine/editor/assets/default_renderpipeline/builtin-pipeline-settings.ts as cce:/internal/x/cc.
19:33:23.042 debug: Resolve cc from file:///C:/ProgramData/cocos/editors/Creator/3.8.7/resources/resources/3d/engine/editor/assets/default_renderpipeline/builtin-pipeline-settings.ts as cce:/internal/x/cc.
19:33:23.042 debug: Resolve cc from file:///C:/ProgramData/cocos/editors/Creator/3.8.7/resources/resources/3d/engine/editor/assets/default_renderpipeline/builtin-pipeline-settings.ts as cce:/internal/x/cc.
19:33:23.042 debug: Resolve cc/env from file:///C:/ProgramData/cocos/editors/Creator/3.8.7/resources/resources/3d/engine/editor/assets/default_renderpipeline/builtin-pipeline-settings.ts as external dependency cc/env.
19:33:23.044 debug: Resolve ./builtin-pipeline-types from file:///C:/ProgramData/cocos/editors/Creator/3.8.7/resources/resources/3d/engine/editor/assets/default_renderpipeline/builtin-pipeline-settings.ts as file:///C:/ProgramData/cocos/editors/Creator/3.8.7/resources/resources/3d/engine/editor/assets/default_renderpipeline/builtin-pipeline-types.ts.
19:33:23.044 debug: Resolve cc from file:///C:/ProgramData/cocos/editors/Creator/3.8.7/resources/resources/3d/engine/editor/assets/default_renderpipeline/builtin-pipeline-types.ts as cce:/internal/x/cc.
19:33:23.044 debug: Resolve cc from file:///C:/ProgramData/cocos/editors/Creator/3.8.7/resources/resources/3d/engine/editor/assets/default_renderpipeline/builtin-pipeline-types.ts as cce:/internal/x/cc.
19:33:23.045 debug: Resolve cc from file:///C:/ProgramData/cocos/editors/Creator/3.8.7/resources/resources/3d/engine/editor/assets/default_renderpipeline/builtin-pipeline-types.ts as cce:/internal/x/cc.
19:33:23.045 debug: Resolve cce:/internal/code-quality/cr.mjs from file:///C:/ProgramData/cocos/editors/Creator/3.8.7/resources/resources/3d/engine/editor/assets/default_renderpipeline/builtin-pipeline-pass.ts as cce:/internal/code-quality/cr.mjs.
19:33:23.045 debug: Resolve cc from file:///C:/ProgramData/cocos/editors/Creator/3.8.7/resources/resources/3d/engine/editor/assets/default_renderpipeline/builtin-pipeline-pass.ts as cce:/internal/x/cc.
19:33:23.045 debug: Resolve cc from file:///C:/ProgramData/cocos/editors/Creator/3.8.7/resources/resources/3d/engine/editor/assets/default_renderpipeline/builtin-pipeline-pass.ts as cce:/internal/x/cc.
19:33:23.045 debug: Resolve cc from file:///C:/ProgramData/cocos/editors/Creator/3.8.7/resources/resources/3d/engine/editor/assets/default_renderpipeline/builtin-pipeline-pass.ts as cce:/internal/x/cc.
19:33:23.047 debug: Resolve ./builtin-pipeline-settings from file:///C:/ProgramData/cocos/editors/Creator/3.8.7/resources/resources/3d/engine/editor/assets/default_renderpipeline/builtin-pipeline-pass.ts as file:///C:/ProgramData/cocos/editors/Creator/3.8.7/resources/resources/3d/engine/editor/assets/default_renderpipeline/builtin-pipeline-settings.ts.
19:33:23.048 debug: Resolve cc/env from file:///C:/ProgramData/cocos/editors/Creator/3.8.7/resources/resources/3d/engine/editor/assets/default_renderpipeline/builtin-pipeline-pass.ts as external dependency cc/env.
19:33:23.048 debug: Resolve cce:/internal/code-quality/cr.mjs from file:///C:/ProgramData/cocos/editors/Creator/3.8.7/resources/resources/3d/engine/editor/assets/default_renderpipeline/builtin-pipeline.ts as cce:/internal/code-quality/cr.mjs.
19:33:23.048 debug: Resolve cc from file:///C:/ProgramData/cocos/editors/Creator/3.8.7/resources/resources/3d/engine/editor/assets/default_renderpipeline/builtin-pipeline.ts as cce:/internal/x/cc.
19:33:23.048 debug: Resolve cc from file:///C:/ProgramData/cocos/editors/Creator/3.8.7/resources/resources/3d/engine/editor/assets/default_renderpipeline/builtin-pipeline.ts as cce:/internal/x/cc.
19:33:23.048 debug: Resolve cc from file:///C:/ProgramData/cocos/editors/Creator/3.8.7/resources/resources/3d/engine/editor/assets/default_renderpipeline/builtin-pipeline.ts as cce:/internal/x/cc.
19:33:23.049 debug: Resolve cc/env from file:///C:/ProgramData/cocos/editors/Creator/3.8.7/resources/resources/3d/engine/editor/assets/default_renderpipeline/builtin-pipeline.ts as external dependency cc/env.
19:33:23.051 debug: Resolve ./builtin-pipeline-types from file:///C:/ProgramData/cocos/editors/Creator/3.8.7/resources/resources/3d/engine/editor/assets/default_renderpipeline/builtin-pipeline.ts as file:///C:/ProgramData/cocos/editors/Creator/3.8.7/resources/resources/3d/engine/editor/assets/default_renderpipeline/builtin-pipeline-types.ts.
19:33:23.052 debug: Resolve cc from file:///C:/ProgramData/cocos/editors/Creator/3.8.7/resources/resources/3d/engine/editor/assets/tools/debug-view-runtime-control.ts as cce:/internal/x/cc.
19:33:23.052 debug: Resolve cc from file:///C:/ProgramData/cocos/editors/Creator/3.8.7/resources/resources/3d/engine/editor/assets/tools/debug-view-runtime-control.ts as cce:/internal/x/cc.
19:33:23.052 debug: Resolve cc from file:///C:/ProgramData/cocos/editors/Creator/3.8.7/resources/resources/3d/engine/editor/assets/tools/debug-view-runtime-control.ts as cce:/internal/x/cc.
19:33:23.090 debug: Target(preview) ends with cost 3133.008500000011ms.
19:42:52.448 debug: Dispatch build request for time accumulated 4 asset changes.
19:42:52.687 debug: Build iteration starts.
Number of accumulated asset changes: 4
Feature changed: false
19:42:52.689 debug: Target(editor) build started.
19:42:52.698 debug: Detected change: cce:/internal/x/prerequisite-imports. Last mtime: Thu Jan 01 1970 05:31:11 GMT+0530 (India Standard Time), Current mtime: Thu Jan 01 1970 05:40:46 GMT+0530 (India Standard Time)
19:42:52.699 debug: Inspect cce:/internal/x/prerequisite-imports
19:42:52.726 debug: transform url: 'cce:/internal/x/prerequisite-imports' costs: 26.80 ms
19:42:52.729 debug: Resolve file:///C:/ProgramData/cocos/editors/Creator/3.8.7/resources/resources/3d/engine/editor/assets/default_renderpipeline/builtin-dof-pass.ts from cce:/internal/x/prerequisite-imports as file:///C:/ProgramData/cocos/editors/Creator/3.8.7/resources/resources/3d/engine/editor/assets/default_renderpipeline/builtin-dof-pass.ts.
19:42:52.730 debug: Resolve file:///C:/ProgramData/cocos/editors/Creator/3.8.7/resources/resources/3d/engine/editor/assets/default_renderpipeline/builtin-pipeline-pass.ts from cce:/internal/x/prerequisite-imports as file:///C:/ProgramData/cocos/editors/Creator/3.8.7/resources/resources/3d/engine/editor/assets/default_renderpipeline/builtin-pipeline-pass.ts.
19:42:52.731 debug: Resolve file:///C:/ProgramData/cocos/editors/Creator/3.8.7/resources/resources/3d/engine/editor/assets/default_renderpipeline/builtin-pipeline-settings.ts from cce:/internal/x/prerequisite-imports as file:///C:/ProgramData/cocos/editors/Creator/3.8.7/resources/resources/3d/engine/editor/assets/default_renderpipeline/builtin-pipeline-settings.ts.
19:42:52.732 debug: Resolve file:///C:/ProgramData/cocos/editors/Creator/3.8.7/resources/resources/3d/engine/editor/assets/default_renderpipeline/builtin-pipeline-types.ts from cce:/internal/x/prerequisite-imports as file:///C:/ProgramData/cocos/editors/Creator/3.8.7/resources/resources/3d/engine/editor/assets/default_renderpipeline/builtin-pipeline-types.ts.
19:42:52.733 debug: Resolve file:///C:/ProgramData/cocos/editors/Creator/3.8.7/resources/resources/3d/engine/editor/assets/default_renderpipeline/builtin-pipeline.ts from cce:/internal/x/prerequisite-imports as file:///C:/ProgramData/cocos/editors/Creator/3.8.7/resources/resources/3d/engine/editor/assets/default_renderpipeline/builtin-pipeline.ts.
19:42:52.735 debug: Resolve file:///C:/ProgramData/cocos/editors/Creator/3.8.7/resources/resources/3d/engine/editor/assets/tools/debug-view-runtime-control.ts from cce:/internal/x/prerequisite-imports as file:///C:/ProgramData/cocos/editors/Creator/3.8.7/resources/resources/3d/engine/editor/assets/tools/debug-view-runtime-control.ts.
19:42:52.736 debug: Resolve file:///C:/Users/Admin/Desktop/coco/PipeRescue/assets/scripts/GameController.ts from cce:/internal/x/prerequisite-imports as file:///C:/Users/Admin/Desktop/coco/PipeRescue/assets/scripts/GameController.ts.
19:42:52.737 debug: Inspect file:///C:/Users/Admin/Desktop/coco/PipeRescue/assets/scripts/GameController.ts
19:42:52.921 debug: transform url: 'file:///C:/Users/Admin/Desktop/coco/PipeRescue/assets/scripts/GameController.ts' costs: 183.80 ms
19:42:52.925 debug: Resolve file:///C:/Users/Admin/Desktop/coco/PipeRescue/assets/scripts/PathSolver.ts from cce:/internal/x/prerequisite-imports as file:///C:/Users/Admin/Desktop/coco/PipeRescue/assets/scripts/PathSolver.ts.
19:42:52.926 debug: Inspect file:///C:/Users/Admin/Desktop/coco/PipeRescue/assets/scripts/PathSolver.ts
19:42:53.015 debug: transform url: 'file:///C:/Users/Admin/Desktop/coco/PipeRescue/assets/scripts/PathSolver.ts' costs: 89.60 ms
19:42:53.021 debug: Resolve file:///C:/Users/Admin/Desktop/coco/PipeRescue/assets/scripts/PipeTypes.ts from cce:/internal/x/prerequisite-imports as file:///C:/Users/Admin/Desktop/coco/PipeRescue/assets/scripts/PipeTypes.ts.
19:42:53.021 debug: Inspect file:///C:/Users/Admin/Desktop/coco/PipeRescue/assets/scripts/PipeTypes.ts
19:42:53.084 debug: transform url: 'file:///C:/Users/Admin/Desktop/coco/PipeRescue/assets/scripts/PipeTypes.ts' costs: 62.70 ms
19:42:53.087 debug: Resolve file:///C:/Users/Admin/Desktop/coco/PipeRescue/assets/scripts/TileNode.ts from cce:/internal/x/prerequisite-imports as file:///C:/Users/Admin/Desktop/coco/PipeRescue/assets/scripts/TileNode.ts.
19:42:53.087 debug: Inspect file:///C:/Users/Admin/Desktop/coco/PipeRescue/assets/scripts/TileNode.ts
19:42:53.177 debug: transform url: 'file:///C:/Users/Admin/Desktop/coco/PipeRescue/assets/scripts/TileNode.ts' costs: 88.90 ms
19:42:53.182 debug: Resolve cce:/internal/code-quality/cr.mjs from file:///C:/Users/Admin/Desktop/coco/PipeRescue/assets/scripts/GameController.ts as cce:/internal/code-quality/cr.mjs.
19:42:53.183 debug: Resolve cc from file:///C:/Users/Admin/Desktop/coco/PipeRescue/assets/scripts/GameController.ts as cce:/internal/x/cc.
19:42:53.183 debug: Resolve cc from file:///C:/Users/Admin/Desktop/coco/PipeRescue/assets/scripts/GameController.ts as cce:/internal/x/cc.
19:42:53.183 debug: Resolve cc from file:///C:/Users/Admin/Desktop/coco/PipeRescue/assets/scripts/GameController.ts as cce:/internal/x/cc.
19:42:53.185 debug: Resolve ./PipeTypes from file:///C:/Users/Admin/Desktop/coco/PipeRescue/assets/scripts/GameController.ts as file:///C:/Users/Admin/Desktop/coco/PipeRescue/assets/scripts/PipeTypes.ts.
19:42:53.186 debug: Resolve ./TileNode from file:///C:/Users/Admin/Desktop/coco/PipeRescue/assets/scripts/GameController.ts as file:///C:/Users/Admin/Desktop/coco/PipeRescue/assets/scripts/TileNode.ts.
19:42:53.190 debug: Resolve ./PathSolver from file:///C:/Users/Admin/Desktop/coco/PipeRescue/assets/scripts/GameController.ts as file:///C:/Users/Admin/Desktop/coco/PipeRescue/assets/scripts/PathSolver.ts.
19:42:53.190 debug: Resolve cc from file:///C:/Users/Admin/Desktop/coco/PipeRescue/assets/scripts/PipeTypes.ts as cce:/internal/x/cc.
19:42:53.190 debug: Resolve cce:/internal/code-quality/cr.mjs from file:///C:/Users/Admin/Desktop/coco/PipeRescue/assets/scripts/TileNode.ts as cce:/internal/code-quality/cr.mjs.
19:42:53.190 debug: Resolve cc from file:///C:/Users/Admin/Desktop/coco/PipeRescue/assets/scripts/TileNode.ts as cce:/internal/x/cc.
19:42:53.190 debug: Resolve cc from file:///C:/Users/Admin/Desktop/coco/PipeRescue/assets/scripts/TileNode.ts as cce:/internal/x/cc.
19:42:53.191 debug: Resolve cc from file:///C:/Users/Admin/Desktop/coco/PipeRescue/assets/scripts/TileNode.ts as cce:/internal/x/cc.
19:42:53.192 debug: Resolve ./PipeTypes from file:///C:/Users/Admin/Desktop/coco/PipeRescue/assets/scripts/TileNode.ts as file:///C:/Users/Admin/Desktop/coco/PipeRescue/assets/scripts/PipeTypes.ts.
19:42:53.192 debug: Resolve cce:/internal/code-quality/cr.mjs from file:///C:/Users/Admin/Desktop/coco/PipeRescue/assets/scripts/PathSolver.ts as cce:/internal/code-quality/cr.mjs.
19:42:53.192 debug: Resolve cc from file:///C:/Users/Admin/Desktop/coco/PipeRescue/assets/scripts/PathSolver.ts as cce:/internal/x/cc.
19:42:53.192 debug: Resolve ./PipeTypes from file:///C:/Users/Admin/Desktop/coco/PipeRescue/assets/scripts/PathSolver.ts as file:///C:/Users/Admin/Desktop/coco/PipeRescue/assets/scripts/PipeTypes.ts.
19:42:53.213 debug: Target(editor) ends with cost 524.4329999999609ms.
19:42:53.214 debug: Target(preview) build started.
19:42:53.219 debug: Detected change: cce:/internal/x/prerequisite-imports. Last mtime: Thu Jan 01 1970 05:31:13 GMT+0530 (India Standard Time), Current mtime: Thu Jan 01 1970 05:40:46 GMT+0530 (India Standard Time)
19:42:53.219 debug: Inspect cce:/internal/x/prerequisite-imports
19:42:53.235 debug: transform url: 'cce:/internal/x/prerequisite-imports' costs: 15.90 ms
19:42:53.239 debug: Resolve file:///C:/ProgramData/cocos/editors/Creator/3.8.7/resources/resources/3d/engine/editor/assets/default_renderpipeline/builtin-dof-pass.ts from cce:/internal/x/prerequisite-imports as file:///C:/ProgramData/cocos/editors/Creator/3.8.7/resources/resources/3d/engine/editor/assets/default_renderpipeline/builtin-dof-pass.ts.
19:42:53.240 debug: Resolve file:///C:/ProgramData/cocos/editors/Creator/3.8.7/resources/resources/3d/engine/editor/assets/default_renderpipeline/builtin-pipeline-pass.ts from cce:/internal/x/prerequisite-imports as file:///C:/ProgramData/cocos/editors/Creator/3.8.7/resources/resources/3d/engine/editor/assets/default_renderpipeline/builtin-pipeline-pass.ts.
19:42:53.241 debug: Resolve file:///C:/ProgramData/cocos/editors/Creator/3.8.7/resources/resources/3d/engine/editor/assets/default_renderpipeline/builtin-pipeline-settings.ts from cce:/internal/x/prerequisite-imports as file:///C:/ProgramData/cocos/editors/Creator/3.8.7/resources/resources/3d/engine/editor/assets/default_renderpipeline/builtin-pipeline-settings.ts.
19:42:53.242 debug: Resolve file:///C:/ProgramData/cocos/editors/Creator/3.8.7/resources/resources/3d/engine/editor/assets/default_renderpipeline/builtin-pipeline-types.ts from cce:/internal/x/prerequisite-imports as file:///C:/ProgramData/cocos/editors/Creator/3.8.7/resources/resources/3d/engine/editor/assets/default_renderpipeline/builtin-pipeline-types.ts.
19:42:53.243 debug: Resolve file:///C:/ProgramData/cocos/editors/Creator/3.8.7/resources/resources/3d/engine/editor/assets/default_renderpipeline/builtin-pipeline.ts from cce:/internal/x/prerequisite-imports as file:///C:/ProgramData/cocos/editors/Creator/3.8.7/resources/resources/3d/engine/editor/assets/default_renderpipeline/builtin-pipeline.ts.
19:42:53.245 debug: Resolve file:///C:/ProgramData/cocos/editors/Creator/3.8.7/resources/resources/3d/engine/editor/assets/tools/debug-view-runtime-control.ts from cce:/internal/x/prerequisite-imports as file:///C:/ProgramData/cocos/editors/Creator/3.8.7/resources/resources/3d/engine/editor/assets/tools/debug-view-runtime-control.ts.
19:42:53.246 debug: Resolve file:///C:/Users/Admin/Desktop/coco/PipeRescue/assets/scripts/GameController.ts from cce:/internal/x/prerequisite-imports as file:///C:/Users/Admin/Desktop/coco/PipeRescue/assets/scripts/GameController.ts.
19:42:53.246 debug: Inspect file:///C:/Users/Admin/Desktop/coco/PipeRescue/assets/scripts/GameController.ts
19:42:53.401 debug: transform url: 'file:///C:/Users/Admin/Desktop/coco/PipeRescue/assets/scripts/GameController.ts' costs: 155.40 ms
19:42:53.406 debug: Resolve file:///C:/Users/Admin/Desktop/coco/PipeRescue/assets/scripts/PathSolver.ts from cce:/internal/x/prerequisite-imports as file:///C:/Users/Admin/Desktop/coco/PipeRescue/assets/scripts/PathSolver.ts.
19:42:53.406 debug: Inspect file:///C:/Users/Admin/Desktop/coco/PipeRescue/assets/scripts/PathSolver.ts
19:42:53.471 debug: transform url: 'file:///C:/Users/Admin/Desktop/coco/PipeRescue/assets/scripts/PathSolver.ts' costs: 64.90 ms
19:42:53.476 debug: Resolve file:///C:/Users/Admin/Desktop/coco/PipeRescue/assets/scripts/PipeTypes.ts from cce:/internal/x/prerequisite-imports as file:///C:/Users/Admin/Desktop/coco/PipeRescue/assets/scripts/PipeTypes.ts.
19:42:53.476 debug: Inspect file:///C:/Users/Admin/Desktop/coco/PipeRescue/assets/scripts/PipeTypes.ts
19:42:53.519 debug: transform url: 'file:///C:/Users/Admin/Desktop/coco/PipeRescue/assets/scripts/PipeTypes.ts' costs: 43.40 ms
19:42:53.525 debug: Resolve file:///C:/Users/Admin/Desktop/coco/PipeRescue/assets/scripts/TileNode.ts from cce:/internal/x/prerequisite-imports as file:///C:/Users/Admin/Desktop/coco/PipeRescue/assets/scripts/TileNode.ts.
19:42:53.525 debug: Inspect file:///C:/Users/Admin/Desktop/coco/PipeRescue/assets/scripts/TileNode.ts
19:42:53.672 debug: transform url: 'file:///C:/Users/Admin/Desktop/coco/PipeRescue/assets/scripts/TileNode.ts' costs: 147.00 ms
19:42:53.676 debug: Resolve cce:/internal/code-quality/cr.mjs from file:///C:/Users/Admin/Desktop/coco/PipeRescue/assets/scripts/GameController.ts as cce:/internal/code-quality/cr.mjs.
19:42:53.676 debug: Resolve cc from file:///C:/Users/Admin/Desktop/coco/PipeRescue/assets/scripts/GameController.ts as cce:/internal/x/cc.
19:42:53.676 debug: Resolve cc from file:///C:/Users/Admin/Desktop/coco/PipeRescue/assets/scripts/GameController.ts as cce:/internal/x/cc.
19:42:53.676 debug: Resolve cc from file:///C:/Users/Admin/Desktop/coco/PipeRescue/assets/scripts/GameController.ts as cce:/internal/x/cc.
19:42:53.679 debug: Resolve ./PipeTypes from file:///C:/Users/Admin/Desktop/coco/PipeRescue/assets/scripts/GameController.ts as file:///C:/Users/Admin/Desktop/coco/PipeRescue/assets/scripts/PipeTypes.ts.
19:42:53.682 debug: Resolve ./TileNode from file:///C:/Users/Admin/Desktop/coco/PipeRescue/assets/scripts/GameController.ts as file:///C:/Users/Admin/Desktop/coco/PipeRescue/assets/scripts/TileNode.ts.
19:42:53.683 debug: Resolve ./PathSolver from file:///C:/Users/Admin/Desktop/coco/PipeRescue/assets/scripts/GameController.ts as file:///C:/Users/Admin/Desktop/coco/PipeRescue/assets/scripts/PathSolver.ts.
19:42:53.684 debug: Resolve cc from file:///C:/Users/Admin/Desktop/coco/PipeRescue/assets/scripts/PipeTypes.ts as cce:/internal/x/cc.
19:42:53.684 debug: Resolve cce:/internal/code-quality/cr.mjs from file:///C:/Users/Admin/Desktop/coco/PipeRescue/assets/scripts/TileNode.ts as cce:/internal/code-quality/cr.mjs.
19:42:53.684 debug: Resolve cc from file:///C:/Users/Admin/Desktop/coco/PipeRescue/assets/scripts/TileNode.ts as cce:/internal/x/cc.
19:42:53.684 debug: Resolve cc from file:///C:/Users/Admin/Desktop/coco/PipeRescue/assets/scripts/TileNode.ts as cce:/internal/x/cc.
19:42:53.684 debug: Resolve cc from file:///C:/Users/Admin/Desktop/coco/PipeRescue/assets/scripts/TileNode.ts as cce:/internal/x/cc.
19:42:53.685 debug: Resolve ./PipeTypes from file:///C:/Users/Admin/Desktop/coco/PipeRescue/assets/scripts/TileNode.ts as file:///C:/Users/Admin/Desktop/coco/PipeRescue/assets/scripts/PipeTypes.ts.
19:42:53.687 debug: Resolve cce:/internal/code-quality/cr.mjs from file:///C:/Users/Admin/Desktop/coco/PipeRescue/assets/scripts/PathSolver.ts as cce:/internal/code-quality/cr.mjs.
19:42:53.687 debug: Resolve cc from file:///C:/Users/Admin/Desktop/coco/PipeRescue/assets/scripts/PathSolver.ts as cce:/internal/x/cc.
19:42:53.688 debug: Resolve ./PipeTypes from file:///C:/Users/Admin/Desktop/coco/PipeRescue/assets/scripts/PathSolver.ts as file:///C:/Users/Admin/Desktop/coco/PipeRescue/assets/scripts/PipeTypes.ts.
19:42:53.712 debug: Target(preview) ends with cost 497.96549999993294ms.
22:39:15.645 debug: Dispatch build request for time accumulated 1 asset changes.
22:39:15.765 debug: Build iteration starts.
Number of accumulated asset changes: 1
Feature changed: false
22:39:15.780 debug: Target(editor) build started.
22:39:15.822 debug: Detected change: cce:/internal/x/prerequisite-imports. Last mtime: Thu Jan 01 1970 05:40:46 GMT+0530 (India Standard Time), Current mtime: Thu Jan 01 1970 08:37:09 GMT+0530 (India Standard Time)
22:39:15.823 debug: Inspect cce:/internal/x/prerequisite-imports
22:39:15.982 debug: transform url: 'cce:/internal/x/prerequisite-imports' costs: 158.80 ms
22:39:15.994 debug: Resolve file:///C:/ProgramData/cocos/editors/Creator/3.8.7/resources/resources/3d/engine/editor/assets/default_renderpipeline/builtin-dof-pass.ts from cce:/internal/x/prerequisite-imports as file:///C:/ProgramData/cocos/editors/Creator/3.8.7/resources/resources/3d/engine/editor/assets/default_renderpipeline/builtin-dof-pass.ts.
22:39:15.996 debug: Resolve file:///C:/ProgramData/cocos/editors/Creator/3.8.7/resources/resources/3d/engine/editor/assets/default_renderpipeline/builtin-pipeline-pass.ts from cce:/internal/x/prerequisite-imports as file:///C:/ProgramData/cocos/editors/Creator/3.8.7/resources/resources/3d/engine/editor/assets/default_renderpipeline/builtin-pipeline-pass.ts.
22:39:15.997 debug: Resolve file:///C:/ProgramData/cocos/editors/Creator/3.8.7/resources/resources/3d/engine/editor/assets/default_renderpipeline/builtin-pipeline-settings.ts from cce:/internal/x/prerequisite-imports as file:///C:/ProgramData/cocos/editors/Creator/3.8.7/resources/resources/3d/engine/editor/assets/default_renderpipeline/builtin-pipeline-settings.ts.
22:39:15.998 debug: Resolve file:///C:/ProgramData/cocos/editors/Creator/3.8.7/resources/resources/3d/engine/editor/assets/default_renderpipeline/builtin-pipeline-types.ts from cce:/internal/x/prerequisite-imports as file:///C:/ProgramData/cocos/editors/Creator/3.8.7/resources/resources/3d/engine/editor/assets/default_renderpipeline/builtin-pipeline-types.ts.
22:39:15.999 debug: Resolve file:///C:/ProgramData/cocos/editors/Creator/3.8.7/resources/resources/3d/engine/editor/assets/default_renderpipeline/builtin-pipeline.ts from cce:/internal/x/prerequisite-imports as file:///C:/ProgramData/cocos/editors/Creator/3.8.7/resources/resources/3d/engine/editor/assets/default_renderpipeline/builtin-pipeline.ts.
22:39:16.001 debug: Resolve file:///C:/ProgramData/cocos/editors/Creator/3.8.7/resources/resources/3d/engine/editor/assets/tools/debug-view-runtime-control.ts from cce:/internal/x/prerequisite-imports as file:///C:/ProgramData/cocos/editors/Creator/3.8.7/resources/resources/3d/engine/editor/assets/tools/debug-view-runtime-control.ts.
22:39:16.001 debug: Resolve file:///C:/Users/Admin/Desktop/coco/PipeRescue/assets/scripts/GameController.ts from cce:/internal/x/prerequisite-imports as file:///C:/Users/Admin/Desktop/coco/PipeRescue/assets/scripts/GameController.ts.
22:39:16.006 debug: Detected change: file:///C:/Users/Admin/Desktop/coco/PipeRescue/assets/scripts/GameController.ts. Last mtime: Sun Jun 07 2026 19:42:00 GMT+0530 (India Standard Time)@9a9c60fd-dcf6-41cd-836f-c29f0ad0170c, Current mtime: Sun Jun 07 2026 22:38:18 GMT+0530 (India Standard Time)@9a9c60fd-dcf6-41cd-836f-c29f0ad0170c
22:39:16.006 debug: Inspect file:///C:/Users/Admin/Desktop/coco/PipeRescue/assets/scripts/GameController.ts
22:39:16.255 debug: transform url: 'file:///C:/Users/Admin/Desktop/coco/PipeRescue/assets/scripts/GameController.ts' costs: 248.90 ms
22:39:16.259 debug: Resolve file:///C:/Users/Admin/Desktop/coco/PipeRescue/assets/scripts/PathSolver.ts from cce:/internal/x/prerequisite-imports as file:///C:/Users/Admin/Desktop/coco/PipeRescue/assets/scripts/PathSolver.ts.
22:39:16.260 debug: Resolve file:///C:/Users/Admin/Desktop/coco/PipeRescue/assets/scripts/PipeTypes.ts from cce:/internal/x/prerequisite-imports as file:///C:/Users/Admin/Desktop/coco/PipeRescue/assets/scripts/PipeTypes.ts.
22:39:16.261 debug: Resolve file:///C:/Users/Admin/Desktop/coco/PipeRescue/assets/scripts/TileNode.ts from cce:/internal/x/prerequisite-imports as file:///C:/Users/Admin/Desktop/coco/PipeRescue/assets/scripts/TileNode.ts.
22:39:16.268 debug: Resolve cce:/internal/code-quality/cr.mjs from file:///C:/Users/Admin/Desktop/coco/PipeRescue/assets/scripts/GameController.ts as cce:/internal/code-quality/cr.mjs.
22:39:16.268 debug: Resolve cc from file:///C:/Users/Admin/Desktop/coco/PipeRescue/assets/scripts/GameController.ts as cce:/internal/x/cc.
22:39:16.268 debug: Resolve cc from file:///C:/Users/Admin/Desktop/coco/PipeRescue/assets/scripts/GameController.ts as cce:/internal/x/cc.
22:39:16.268 debug: Resolve cc from file:///C:/Users/Admin/Desktop/coco/PipeRescue/assets/scripts/GameController.ts as cce:/internal/x/cc.
22:39:16.272 debug: Resolve ./PipeTypes from file:///C:/Users/Admin/Desktop/coco/PipeRescue/assets/scripts/GameController.ts as file:///C:/Users/Admin/Desktop/coco/PipeRescue/assets/scripts/PipeTypes.ts.
22:39:16.273 debug: Resolve ./TileNode from file:///C:/Users/Admin/Desktop/coco/PipeRescue/assets/scripts/GameController.ts as file:///C:/Users/Admin/Desktop/coco/PipeRescue/assets/scripts/TileNode.ts.
22:39:16.274 debug: Resolve ./PathSolver from file:///C:/Users/Admin/Desktop/coco/PipeRescue/assets/scripts/GameController.ts as file:///C:/Users/Admin/Desktop/coco/PipeRescue/assets/scripts/PathSolver.ts.
22:39:16.306 debug: Target(editor) ends with cost 525.3830000013113ms.
22:39:16.308 debug: Target(preview) build started.
22:39:16.314 debug: Detected change: cce:/internal/x/prerequisite-imports. Last mtime: Thu Jan 01 1970 05:40:46 GMT+0530 (India Standard Time), Current mtime: Thu Jan 01 1970 08:37:10 GMT+0530 (India Standard Time)
22:39:16.314 debug: Inspect cce:/internal/x/prerequisite-imports
22:39:16.335 debug: transform url: 'cce:/internal/x/prerequisite-imports' costs: 20.60 ms
22:39:16.339 debug: Resolve file:///C:/ProgramData/cocos/editors/Creator/3.8.7/resources/resources/3d/engine/editor/assets/default_renderpipeline/builtin-dof-pass.ts from cce:/internal/x/prerequisite-imports as file:///C:/ProgramData/cocos/editors/Creator/3.8.7/resources/resources/3d/engine/editor/assets/default_renderpipeline/builtin-dof-pass.ts.
22:39:16.341 debug: Resolve file:///C:/ProgramData/cocos/editors/Creator/3.8.7/resources/resources/3d/engine/editor/assets/default_renderpipeline/builtin-pipeline-pass.ts from cce:/internal/x/prerequisite-imports as file:///C:/ProgramData/cocos/editors/Creator/3.8.7/resources/resources/3d/engine/editor/assets/default_renderpipeline/builtin-pipeline-pass.ts.
22:39:16.342 debug: Resolve file:///C:/ProgramData/cocos/editors/Creator/3.8.7/resources/resources/3d/engine/editor/assets/default_renderpipeline/builtin-pipeline-settings.ts from cce:/internal/x/prerequisite-imports as file:///C:/ProgramData/cocos/editors/Creator/3.8.7/resources/resources/3d/engine/editor/assets/default_renderpipeline/builtin-pipeline-settings.ts.
22:39:16.347 debug: Resolve file:///C:/ProgramData/cocos/editors/Creator/3.8.7/resources/resources/3d/engine/editor/assets/default_renderpipeline/builtin-pipeline-types.ts from cce:/internal/x/prerequisite-imports as file:///C:/ProgramData/cocos/editors/Creator/3.8.7/resources/resources/3d/engine/editor/assets/default_renderpipeline/builtin-pipeline-types.ts.
22:39:16.348 debug: Resolve file:///C:/ProgramData/cocos/editors/Creator/3.8.7/resources/resources/3d/engine/editor/assets/default_renderpipeline/builtin-pipeline.ts from cce:/internal/x/prerequisite-imports as file:///C:/ProgramData/cocos/editors/Creator/3.8.7/resources/resources/3d/engine/editor/assets/default_renderpipeline/builtin-pipeline.ts.
22:39:16.349 debug: Resolve file:///C:/ProgramData/cocos/editors/Creator/3.8.7/resources/resources/3d/engine/editor/assets/tools/debug-view-runtime-control.ts from cce:/internal/x/prerequisite-imports as file:///C:/ProgramData/cocos/editors/Creator/3.8.7/resources/resources/3d/engine/editor/assets/tools/debug-view-runtime-control.ts.
22:39:16.350 debug: Resolve file:///C:/Users/Admin/Desktop/coco/PipeRescue/assets/scripts/GameController.ts from cce:/internal/x/prerequisite-imports as file:///C:/Users/Admin/Desktop/coco/PipeRescue/assets/scripts/GameController.ts.
22:39:16.350 debug: Detected change: file:///C:/Users/Admin/Desktop/coco/PipeRescue/assets/scripts/GameController.ts. Last mtime: Sun Jun 07 2026 19:42:00 GMT+0530 (India Standard Time)@9a9c60fd-dcf6-41cd-836f-c29f0ad0170c, Current mtime: Sun Jun 07 2026 22:38:18 GMT+0530 (India Standard Time)@9a9c60fd-dcf6-41cd-836f-c29f0ad0170c
22:39:16.350 debug: Inspect file:///C:/Users/Admin/Desktop/coco/PipeRescue/assets/scripts/GameController.ts
22:39:16.476 debug: transform url: 'file:///C:/Users/Admin/Desktop/coco/PipeRescue/assets/scripts/GameController.ts' costs: 125.70 ms
22:39:16.481 debug: Resolve file:///C:/Users/Admin/Desktop/coco/PipeRescue/assets/scripts/PathSolver.ts from cce:/internal/x/prerequisite-imports as file:///C:/Users/Admin/Desktop/coco/PipeRescue/assets/scripts/PathSolver.ts.
22:39:16.482 debug: Resolve file:///C:/Users/Admin/Desktop/coco/PipeRescue/assets/scripts/PipeTypes.ts from cce:/internal/x/prerequisite-imports as file:///C:/Users/Admin/Desktop/coco/PipeRescue/assets/scripts/PipeTypes.ts.
22:39:16.483 debug: Resolve file:///C:/Users/Admin/Desktop/coco/PipeRescue/assets/scripts/TileNode.ts from cce:/internal/x/prerequisite-imports as file:///C:/Users/Admin/Desktop/coco/PipeRescue/assets/scripts/TileNode.ts.
22:39:16.485 debug: Resolve cce:/internal/code-quality/cr.mjs from file:///C:/Users/Admin/Desktop/coco/PipeRescue/assets/scripts/GameController.ts as cce:/internal/code-quality/cr.mjs.
22:39:16.485 debug: Resolve cc from file:///C:/Users/Admin/Desktop/coco/PipeRescue/assets/scripts/GameController.ts as cce:/internal/x/cc.
22:39:16.485 debug: Resolve cc from file:///C:/Users/Admin/Desktop/coco/PipeRescue/assets/scripts/GameController.ts as cce:/internal/x/cc.
22:39:16.485 debug: Resolve cc from file:///C:/Users/Admin/Desktop/coco/PipeRescue/assets/scripts/GameController.ts as cce:/internal/x/cc.
22:39:16.486 debug: Resolve ./PipeTypes from file:///C:/Users/Admin/Desktop/coco/PipeRescue/assets/scripts/GameController.ts as file:///C:/Users/Admin/Desktop/coco/PipeRescue/assets/scripts/PipeTypes.ts.
22:39:16.487 debug: Resolve ./TileNode from file:///C:/Users/Admin/Desktop/coco/PipeRescue/assets/scripts/GameController.ts as file:///C:/Users/Admin/Desktop/coco/PipeRescue/assets/scripts/TileNode.ts.
22:39:16.488 debug: Resolve ./PathSolver from file:///C:/Users/Admin/Desktop/coco/PipeRescue/assets/scripts/GameController.ts as file:///C:/Users/Admin/Desktop/coco/PipeRescue/assets/scripts/PathSolver.ts.
22:39:16.535 debug: Target(preview) ends with cost 227.05220000073314ms.
22:46:31.496 debug: Dispatch build request for time accumulated 1 asset changes.
22:46:31.536 debug: Build iteration starts.
Number of accumulated asset changes: 1
Feature changed: false
22:46:31.539 debug: Target(editor) build started.
22:46:31.551 debug: Detected change: cce:/internal/x/prerequisite-imports. Last mtime: Thu Jan 01 1970 08:37:09 GMT+0530 (India Standard Time), Current mtime: Thu Jan 01 1970 08:44:25 GMT+0530 (India Standard Time)
22:46:31.551 debug: Inspect cce:/internal/x/prerequisite-imports
22:46:31.605 debug: transform url: 'cce:/internal/x/prerequisite-imports' costs: 54.30 ms
22:46:31.611 debug: Resolve file:///C:/ProgramData/cocos/editors/Creator/3.8.7/resources/resources/3d/engine/editor/assets/default_renderpipeline/builtin-dof-pass.ts from cce:/internal/x/prerequisite-imports as file:///C:/ProgramData/cocos/editors/Creator/3.8.7/resources/resources/3d/engine/editor/assets/default_renderpipeline/builtin-dof-pass.ts.
22:46:31.612 debug: Resolve file:///C:/ProgramData/cocos/editors/Creator/3.8.7/resources/resources/3d/engine/editor/assets/default_renderpipeline/builtin-pipeline-pass.ts from cce:/internal/x/prerequisite-imports as file:///C:/ProgramData/cocos/editors/Creator/3.8.7/resources/resources/3d/engine/editor/assets/default_renderpipeline/builtin-pipeline-pass.ts.
22:46:31.613 debug: Resolve file:///C:/ProgramData/cocos/editors/Creator/3.8.7/resources/resources/3d/engine/editor/assets/default_renderpipeline/builtin-pipeline-settings.ts from cce:/internal/x/prerequisite-imports as file:///C:/ProgramData/cocos/editors/Creator/3.8.7/resources/resources/3d/engine/editor/assets/default_renderpipeline/builtin-pipeline-settings.ts.
22:46:31.614 debug: Resolve file:///C:/ProgramData/cocos/editors/Creator/3.8.7/resources/resources/3d/engine/editor/assets/default_renderpipeline/builtin-pipeline-types.ts from cce:/internal/x/prerequisite-imports as file:///C:/ProgramData/cocos/editors/Creator/3.8.7/resources/resources/3d/engine/editor/assets/default_renderpipeline/builtin-pipeline-types.ts.
22:46:31.615 debug: Resolve file:///C:/ProgramData/cocos/editors/Creator/3.8.7/resources/resources/3d/engine/editor/assets/default_renderpipeline/builtin-pipeline.ts from cce:/internal/x/prerequisite-imports as file:///C:/ProgramData/cocos/editors/Creator/3.8.7/resources/resources/3d/engine/editor/assets/default_renderpipeline/builtin-pipeline.ts.
22:46:31.617 debug: Resolve file:///C:/ProgramData/cocos/editors/Creator/3.8.7/resources/resources/3d/engine/editor/assets/tools/debug-view-runtime-control.ts from cce:/internal/x/prerequisite-imports as file:///C:/ProgramData/cocos/editors/Creator/3.8.7/resources/resources/3d/engine/editor/assets/tools/debug-view-runtime-control.ts.
22:46:31.618 debug: Resolve file:///C:/Users/Admin/Desktop/coco/PipeRescue/assets/scripts/GameController.ts from cce:/internal/x/prerequisite-imports as file:///C:/Users/Admin/Desktop/coco/PipeRescue/assets/scripts/GameController.ts.
22:46:31.619 debug: Resolve file:///C:/Users/Admin/Desktop/coco/PipeRescue/assets/scripts/PathSolver.ts from cce:/internal/x/prerequisite-imports as file:///C:/Users/Admin/Desktop/coco/PipeRescue/assets/scripts/PathSolver.ts.
22:46:31.619 debug: Resolve file:///C:/Users/Admin/Desktop/coco/PipeRescue/assets/scripts/PipeTypes.ts from cce:/internal/x/prerequisite-imports as file:///C:/Users/Admin/Desktop/coco/PipeRescue/assets/scripts/PipeTypes.ts.
22:46:31.620 debug: Detected change: file:///C:/Users/Admin/Desktop/coco/PipeRescue/assets/scripts/PipeTypes.ts. Last mtime: Sun Jun 07 2026 19:42:00 GMT+0530 (India Standard Time)@12e96a41-68e8-49c5-8846-fade2d80cb39, Current mtime: Sun Jun 07 2026 22:46:19 GMT+0530 (India Standard Time)@12e96a41-68e8-49c5-8846-fade2d80cb39
22:46:31.620 debug: Inspect file:///C:/Users/Admin/Desktop/coco/PipeRescue/assets/scripts/PipeTypes.ts
22:46:31.726 debug: transform url: 'file:///C:/Users/Admin/Desktop/coco/PipeRescue/assets/scripts/PipeTypes.ts' costs: 106.00 ms
22:46:31.731 debug: Resolve file:///C:/Users/Admin/Desktop/coco/PipeRescue/assets/scripts/TileNode.ts from cce:/internal/x/prerequisite-imports as file:///C:/Users/Admin/Desktop/coco/PipeRescue/assets/scripts/TileNode.ts.
22:46:31.733 debug: Resolve cc from file:///C:/Users/Admin/Desktop/coco/PipeRescue/assets/scripts/PipeTypes.ts as cce:/internal/x/cc.
22:46:31.808 debug: Target(editor) ends with cost 268.9644999988377ms.
22:46:31.809 debug: Target(preview) build started.
22:46:31.816 debug: Detected change: cce:/internal/x/prerequisite-imports. Last mtime: Thu Jan 01 1970 08:37:10 GMT+0530 (India Standard Time), Current mtime: Thu Jan 01 1970 08:44:25 GMT+0530 (India Standard Time)
22:46:31.817 debug: Inspect cce:/internal/x/prerequisite-imports
22:46:31.844 debug: transform url: 'cce:/internal/x/prerequisite-imports' costs: 26.90 ms
22:46:31.847 debug: Resolve file:///C:/ProgramData/cocos/editors/Creator/3.8.7/resources/resources/3d/engine/editor/assets/default_renderpipeline/builtin-dof-pass.ts from cce:/internal/x/prerequisite-imports as file:///C:/ProgramData/cocos/editors/Creator/3.8.7/resources/resources/3d/engine/editor/assets/default_renderpipeline/builtin-dof-pass.ts.
22:46:31.849 debug: Resolve file:///C:/ProgramData/cocos/editors/Creator/3.8.7/resources/resources/3d/engine/editor/assets/default_renderpipeline/builtin-pipeline-pass.ts from cce:/internal/x/prerequisite-imports as file:///C:/ProgramData/cocos/editors/Creator/3.8.7/resources/resources/3d/engine/editor/assets/default_renderpipeline/builtin-pipeline-pass.ts.
22:46:31.850 debug: Resolve file:///C:/ProgramData/cocos/editors/Creator/3.8.7/resources/resources/3d/engine/editor/assets/default_renderpipeline/builtin-pipeline-settings.ts from cce:/internal/x/prerequisite-imports as file:///C:/ProgramData/cocos/editors/Creator/3.8.7/resources/resources/3d/engine/editor/assets/default_renderpipeline/builtin-pipeline-settings.ts.
22:46:31.852 debug: Resolve file:///C:/ProgramData/cocos/editors/Creator/3.8.7/resources/resources/3d/engine/editor/assets/default_renderpipeline/builtin-pipeline-types.ts from cce:/internal/x/prerequisite-imports as file:///C:/ProgramData/cocos/editors/Creator/3.8.7/resources/resources/3d/engine/editor/assets/default_renderpipeline/builtin-pipeline-types.ts.
22:46:31.853 debug: Resolve file:///C:/ProgramData/cocos/editors/Creator/3.8.7/resources/resources/3d/engine/editor/assets/default_renderpipeline/builtin-pipeline.ts from cce:/internal/x/prerequisite-imports as file:///C:/ProgramData/cocos/editors/Creator/3.8.7/resources/resources/3d/engine/editor/assets/default_renderpipeline/builtin-pipeline.ts.
22:46:31.855 debug: Resolve file:///C:/ProgramData/cocos/editors/Creator/3.8.7/resources/resources/3d/engine/editor/assets/tools/debug-view-runtime-control.ts from cce:/internal/x/prerequisite-imports as file:///C:/ProgramData/cocos/editors/Creator/3.8.7/resources/resources/3d/engine/editor/assets/tools/debug-view-runtime-control.ts.
22:46:31.857 debug: Resolve file:///C:/Users/Admin/Desktop/coco/PipeRescue/assets/scripts/GameController.ts from cce:/internal/x/prerequisite-imports as file:///C:/Users/Admin/Desktop/coco/PipeRescue/assets/scripts/GameController.ts.
22:46:31.859 debug: Resolve file:///C:/Users/Admin/Desktop/coco/PipeRescue/assets/scripts/PathSolver.ts from cce:/internal/x/prerequisite-imports as file:///C:/Users/Admin/Desktop/coco/PipeRescue/assets/scripts/PathSolver.ts.
22:46:31.860 debug: Resolve file:///C:/Users/Admin/Desktop/coco/PipeRescue/assets/scripts/PipeTypes.ts from cce:/internal/x/prerequisite-imports as file:///C:/Users/Admin/Desktop/coco/PipeRescue/assets/scripts/PipeTypes.ts.
22:46:31.861 debug: Detected change: file:///C:/Users/Admin/Desktop/coco/PipeRescue/assets/scripts/PipeTypes.ts. Last mtime: Sun Jun 07 2026 19:42:00 GMT+0530 (India Standard Time)@12e96a41-68e8-49c5-8846-fade2d80cb39, Current mtime: Sun Jun 07 2026 22:46:19 GMT+0530 (India Standard Time)@12e96a41-68e8-49c5-8846-fade2d80cb39
22:46:31.861 debug: Inspect file:///C:/Users/Admin/Desktop/coco/PipeRescue/assets/scripts/PipeTypes.ts
22:46:31.915 debug: transform url: 'file:///C:/Users/Admin/Desktop/coco/PipeRescue/assets/scripts/PipeTypes.ts' costs: 54.00 ms
22:46:31.919 debug: Resolve file:///C:/Users/Admin/Desktop/coco/PipeRescue/assets/scripts/TileNode.ts from cce:/internal/x/prerequisite-imports as file:///C:/Users/Admin/Desktop/coco/PipeRescue/assets/scripts/TileNode.ts.
22:46:31.920 debug: Resolve cc from file:///C:/Users/Admin/Desktop/coco/PipeRescue/assets/scripts/PipeTypes.ts as cce:/internal/x/cc.
22:46:31.960 debug: Target(preview) ends with cost 151.17999999970198ms.
22:47:10.625 debug: Dispatch build request for time accumulated 1 asset changes.
22:47:10.628 debug: Build iteration starts.
Number of accumulated asset changes: 1
Feature changed: false
22:47:10.628 debug: Target(editor) build started.
22:47:10.635 debug: Detected change: cce:/internal/x/prerequisite-imports. Last mtime: Thu Jan 01 1970 08:44:25 GMT+0530 (India Standard Time), Current mtime: Thu Jan 01 1970 08:45:04 GMT+0530 (India Standard Time)
22:47:10.635 debug: Inspect cce:/internal/x/prerequisite-imports
22:47:10.659 debug: transform url: 'cce:/internal/x/prerequisite-imports' costs: 23.80 ms
22:47:10.663 debug: Resolve file:///C:/ProgramData/cocos/editors/Creator/3.8.7/resources/resources/3d/engine/editor/assets/default_renderpipeline/builtin-dof-pass.ts from cce:/internal/x/prerequisite-imports as file:///C:/ProgramData/cocos/editors/Creator/3.8.7/resources/resources/3d/engine/editor/assets/default_renderpipeline/builtin-dof-pass.ts.
22:47:10.663 debug: Resolve file:///C:/ProgramData/cocos/editors/Creator/3.8.7/resources/resources/3d/engine/editor/assets/default_renderpipeline/builtin-pipeline-pass.ts from cce:/internal/x/prerequisite-imports as file:///C:/ProgramData/cocos/editors/Creator/3.8.7/resources/resources/3d/engine/editor/assets/default_renderpipeline/builtin-pipeline-pass.ts.
22:47:10.664 debug: Resolve file:///C:/ProgramData/cocos/editors/Creator/3.8.7/resources/resources/3d/engine/editor/assets/default_renderpipeline/builtin-pipeline-settings.ts from cce:/internal/x/prerequisite-imports as file:///C:/ProgramData/cocos/editors/Creator/3.8.7/resources/resources/3d/engine/editor/assets/default_renderpipeline/builtin-pipeline-settings.ts.
22:47:10.665 debug: Resolve file:///C:/ProgramData/cocos/editors/Creator/3.8.7/resources/resources/3d/engine/editor/assets/default_renderpipeline/builtin-pipeline-types.ts from cce:/internal/x/prerequisite-imports as file:///C:/ProgramData/cocos/editors/Creator/3.8.7/resources/resources/3d/engine/editor/assets/default_renderpipeline/builtin-pipeline-types.ts.
22:47:10.666 debug: Resolve file:///C:/ProgramData/cocos/editors/Creator/3.8.7/resources/resources/3d/engine/editor/assets/default_renderpipeline/builtin-pipeline.ts from cce:/internal/x/prerequisite-imports as file:///C:/ProgramData/cocos/editors/Creator/3.8.7/resources/resources/3d/engine/editor/assets/default_renderpipeline/builtin-pipeline.ts.
22:47:10.667 debug: Resolve file:///C:/ProgramData/cocos/editors/Creator/3.8.7/resources/resources/3d/engine/editor/assets/tools/debug-view-runtime-control.ts from cce:/internal/x/prerequisite-imports as file:///C:/ProgramData/cocos/editors/Creator/3.8.7/resources/resources/3d/engine/editor/assets/tools/debug-view-runtime-control.ts.
22:47:10.669 debug: Resolve file:///C:/Users/Admin/Desktop/coco/PipeRescue/assets/scripts/GameController.ts from cce:/internal/x/prerequisite-imports as file:///C:/Users/Admin/Desktop/coco/PipeRescue/assets/scripts/GameController.ts.
22:47:10.672 debug: Resolve file:///C:/Users/Admin/Desktop/coco/PipeRescue/assets/scripts/PathSolver.ts from cce:/internal/x/prerequisite-imports as file:///C:/Users/Admin/Desktop/coco/PipeRescue/assets/scripts/PathSolver.ts.
22:47:10.673 debug: Resolve file:///C:/Users/Admin/Desktop/coco/PipeRescue/assets/scripts/PipeTypes.ts from cce:/internal/x/prerequisite-imports as file:///C:/Users/Admin/Desktop/coco/PipeRescue/assets/scripts/PipeTypes.ts.
22:47:10.673 debug: Detected change: file:///C:/Users/Admin/Desktop/coco/PipeRescue/assets/scripts/PipeTypes.ts. Last mtime: Sun Jun 07 2026 22:46:19 GMT+0530 (India Standard Time)@12e96a41-68e8-49c5-8846-fade2d80cb39, Current mtime: Sun Jun 07 2026 22:47:05 GMT+0530 (India Standard Time)@12e96a41-68e8-49c5-8846-fade2d80cb39
22:47:10.673 debug: Inspect file:///C:/Users/Admin/Desktop/coco/PipeRescue/assets/scripts/PipeTypes.ts
22:47:10.740 debug: transform url: 'file:///C:/Users/Admin/Desktop/coco/PipeRescue/assets/scripts/PipeTypes.ts' costs: 66.50 ms
22:47:10.744 debug: Resolve file:///C:/Users/Admin/Desktop/coco/PipeRescue/assets/scripts/TileNode.ts from cce:/internal/x/prerequisite-imports as file:///C:/Users/Admin/Desktop/coco/PipeRescue/assets/scripts/TileNode.ts.
22:47:10.747 debug: Resolve cc from file:///C:/Users/Admin/Desktop/coco/PipeRescue/assets/scripts/PipeTypes.ts as cce:/internal/x/cc.
22:47:10.776 debug: Target(editor) ends with cost 147.69710000045598ms.
22:47:10.776 debug: Target(preview) build started.
22:47:10.781 debug: Detected change: cce:/internal/x/prerequisite-imports. Last mtime: Thu Jan 01 1970 08:44:25 GMT+0530 (India Standard Time), Current mtime: Thu Jan 01 1970 08:45:04 GMT+0530 (India Standard Time)
22:47:10.781 debug: Inspect cce:/internal/x/prerequisite-imports
22:47:10.801 debug: transform url: 'cce:/internal/x/prerequisite-imports' costs: 19.10 ms
22:47:10.807 debug: Resolve file:///C:/ProgramData/cocos/editors/Creator/3.8.7/resources/resources/3d/engine/editor/assets/default_renderpipeline/builtin-dof-pass.ts from cce:/internal/x/prerequisite-imports as file:///C:/ProgramData/cocos/editors/Creator/3.8.7/resources/resources/3d/engine/editor/assets/default_renderpipeline/builtin-dof-pass.ts.
22:47:10.809 debug: Resolve file:///C:/ProgramData/cocos/editors/Creator/3.8.7/resources/resources/3d/engine/editor/assets/default_renderpipeline/builtin-pipeline-pass.ts from cce:/internal/x/prerequisite-imports as file:///C:/ProgramData/cocos/editors/Creator/3.8.7/resources/resources/3d/engine/editor/assets/default_renderpipeline/builtin-pipeline-pass.ts.
22:47:10.811 debug: Resolve file:///C:/ProgramData/cocos/editors/Creator/3.8.7/resources/resources/3d/engine/editor/assets/default_renderpipeline/builtin-pipeline-settings.ts from cce:/internal/x/prerequisite-imports as file:///C:/ProgramData/cocos/editors/Creator/3.8.7/resources/resources/3d/engine/editor/assets/default_renderpipeline/builtin-pipeline-settings.ts.
22:47:10.812 debug: Resolve file:///C:/ProgramData/cocos/editors/Creator/3.8.7/resources/resources/3d/engine/editor/assets/default_renderpipeline/builtin-pipeline-types.ts from cce:/internal/x/prerequisite-imports as file:///C:/ProgramData/cocos/editors/Creator/3.8.7/resources/resources/3d/engine/editor/assets/default_renderpipeline/builtin-pipeline-types.ts.
22:47:10.814 debug: Resolve file:///C:/ProgramData/cocos/editors/Creator/3.8.7/resources/resources/3d/engine/editor/assets/default_renderpipeline/builtin-pipeline.ts from cce:/internal/x/prerequisite-imports as file:///C:/ProgramData/cocos/editors/Creator/3.8.7/resources/resources/3d/engine/editor/assets/default_renderpipeline/builtin-pipeline.ts.
22:47:10.815 debug: Resolve file:///C:/ProgramData/cocos/editors/Creator/3.8.7/resources/resources/3d/engine/editor/assets/tools/debug-view-runtime-control.ts from cce:/internal/x/prerequisite-imports as file:///C:/ProgramData/cocos/editors/Creator/3.8.7/resources/resources/3d/engine/editor/assets/tools/debug-view-runtime-control.ts.
22:47:10.816 debug: Resolve file:///C:/Users/Admin/Desktop/coco/PipeRescue/assets/scripts/GameController.ts from cce:/internal/x/prerequisite-imports as file:///C:/Users/Admin/Desktop/coco/PipeRescue/assets/scripts/GameController.ts.
22:47:10.816 debug: Resolve file:///C:/Users/Admin/Desktop/coco/PipeRescue/assets/scripts/PathSolver.ts from cce:/internal/x/prerequisite-imports as file:///C:/Users/Admin/Desktop/coco/PipeRescue/assets/scripts/PathSolver.ts.
22:47:10.817 debug: Resolve file:///C:/Users/Admin/Desktop/coco/PipeRescue/assets/scripts/PipeTypes.ts from cce:/internal/x/prerequisite-imports as file:///C:/Users/Admin/Desktop/coco/PipeRescue/assets/scripts/PipeTypes.ts.
22:47:10.817 debug: Detected change: file:///C:/Users/Admin/Desktop/coco/PipeRescue/assets/scripts/PipeTypes.ts. Last mtime: Sun Jun 07 2026 22:46:19 GMT+0530 (India Standard Time)@12e96a41-68e8-49c5-8846-fade2d80cb39, Current mtime: Sun Jun 07 2026 22:47:05 GMT+0530 (India Standard Time)@12e96a41-68e8-49c5-8846-fade2d80cb39
22:47:10.817 debug: Inspect file:///C:/Users/Admin/Desktop/coco/PipeRescue/assets/scripts/PipeTypes.ts
22:47:10.876 debug: transform url: 'file:///C:/Users/Admin/Desktop/coco/PipeRescue/assets/scripts/PipeTypes.ts' costs: 58.50 ms
22:47:10.880 debug: Resolve file:///C:/Users/Admin/Desktop/coco/PipeRescue/assets/scripts/TileNode.ts from cce:/internal/x/prerequisite-imports as file:///C:/Users/Admin/Desktop/coco/PipeRescue/assets/scripts/TileNode.ts.
22:47:10.882 debug: Resolve cc from file:///C:/Users/Admin/Desktop/coco/PipeRescue/assets/scripts/PipeTypes.ts as cce:/internal/x/cc.
22:47:10.923 debug: Target(preview) ends with cost 146.4128000009805ms.
22:58:30.911 debug: Dispatch build request for time accumulated 1 asset changes.
22:58:30.923 debug: Build iteration starts.
Number of accumulated asset changes: 1
Feature changed: false
22:58:30.926 debug: Target(editor) build started.
22:58:30.939 debug: Detected change: cce:/internal/x/prerequisite-imports. Last mtime: Thu Jan 01 1970 08:45:04 GMT+0530 (India Standard Time), Current mtime: Thu Jan 01 1970 08:56:24 GMT+0530 (India Standard Time)
22:58:30.939 debug: Inspect cce:/internal/x/prerequisite-imports
22:58:31.004 debug: transform url: 'cce:/internal/x/prerequisite-imports' costs: 65.30 ms
22:58:31.013 debug: Resolve file:///C:/ProgramData/cocos/editors/Creator/3.8.7/resources/resources/3d/engine/editor/assets/default_renderpipeline/builtin-dof-pass.ts from cce:/internal/x/prerequisite-imports as file:///C:/ProgramData/cocos/editors/Creator/3.8.7/resources/resources/3d/engine/editor/assets/default_renderpipeline/builtin-dof-pass.ts.
22:58:31.014 debug: Resolve file:///C:/ProgramData/cocos/editors/Creator/3.8.7/resources/resources/3d/engine/editor/assets/default_renderpipeline/builtin-pipeline-pass.ts from cce:/internal/x/prerequisite-imports as file:///C:/ProgramData/cocos/editors/Creator/3.8.7/resources/resources/3d/engine/editor/assets/default_renderpipeline/builtin-pipeline-pass.ts.
22:58:31.015 debug: Resolve file:///C:/ProgramData/cocos/editors/Creator/3.8.7/resources/resources/3d/engine/editor/assets/default_renderpipeline/builtin-pipeline-settings.ts from cce:/internal/x/prerequisite-imports as file:///C:/ProgramData/cocos/editors/Creator/3.8.7/resources/resources/3d/engine/editor/assets/default_renderpipeline/builtin-pipeline-settings.ts.
22:58:31.016 debug: Resolve file:///C:/ProgramData/cocos/editors/Creator/3.8.7/resources/resources/3d/engine/editor/assets/default_renderpipeline/builtin-pipeline-types.ts from cce:/internal/x/prerequisite-imports as file:///C:/ProgramData/cocos/editors/Creator/3.8.7/resources/resources/3d/engine/editor/assets/default_renderpipeline/builtin-pipeline-types.ts.
22:58:31.017 debug: Resolve file:///C:/ProgramData/cocos/editors/Creator/3.8.7/resources/resources/3d/engine/editor/assets/default_renderpipeline/builtin-pipeline.ts from cce:/internal/x/prerequisite-imports as file:///C:/ProgramData/cocos/editors/Creator/3.8.7/resources/resources/3d/engine/editor/assets/default_renderpipeline/builtin-pipeline.ts.
22:58:31.019 debug: Resolve file:///C:/ProgramData/cocos/editors/Creator/3.8.7/resources/resources/3d/engine/editor/assets/tools/debug-view-runtime-control.ts from cce:/internal/x/prerequisite-imports as file:///C:/ProgramData/cocos/editors/Creator/3.8.7/resources/resources/3d/engine/editor/assets/tools/debug-view-runtime-control.ts.
22:58:31.021 debug: Resolve file:///C:/Users/Admin/Desktop/coco/PipeRescue/assets/scripts/GameController.ts from cce:/internal/x/prerequisite-imports as file:///C:/Users/Admin/Desktop/coco/PipeRescue/assets/scripts/GameController.ts.
22:58:31.023 debug: Detected change: file:///C:/Users/Admin/Desktop/coco/PipeRescue/assets/scripts/GameController.ts. Last mtime: Sun Jun 07 2026 22:38:18 GMT+0530 (India Standard Time)@9a9c60fd-dcf6-41cd-836f-c29f0ad0170c, Current mtime: Sun Jun 07 2026 22:52:26 GMT+0530 (India Standard Time)@9a9c60fd-dcf6-41cd-836f-c29f0ad0170c
22:58:31.023 debug: Inspect file:///C:/Users/Admin/Desktop/coco/PipeRescue/assets/scripts/GameController.ts
22:58:31.258 debug: transform url: 'file:///C:/Users/Admin/Desktop/coco/PipeRescue/assets/scripts/GameController.ts' costs: 234.30 ms
22:58:31.263 debug: Resolve file:///C:/Users/Admin/Desktop/coco/PipeRescue/assets/scripts/PathSolver.ts from cce:/internal/x/prerequisite-imports as file:///C:/Users/Admin/Desktop/coco/PipeRescue/assets/scripts/PathSolver.ts.
22:58:31.264 debug: Resolve file:///C:/Users/Admin/Desktop/coco/PipeRescue/assets/scripts/PipeTypes.ts from cce:/internal/x/prerequisite-imports as file:///C:/Users/Admin/Desktop/coco/PipeRescue/assets/scripts/PipeTypes.ts.
22:58:31.265 debug: Resolve file:///C:/Users/Admin/Desktop/coco/PipeRescue/assets/scripts/TileNode.ts from cce:/internal/x/prerequisite-imports as file:///C:/Users/Admin/Desktop/coco/PipeRescue/assets/scripts/TileNode.ts.
22:58:31.268 debug: Resolve cce:/internal/code-quality/cr.mjs from file:///C:/Users/Admin/Desktop/coco/PipeRescue/assets/scripts/GameController.ts as cce:/internal/code-quality/cr.mjs.
22:58:31.268 debug: Resolve cc from file:///C:/Users/Admin/Desktop/coco/PipeRescue/assets/scripts/GameController.ts as cce:/internal/x/cc.
22:58:31.268 debug: Resolve cc from file:///C:/Users/Admin/Desktop/coco/PipeRescue/assets/scripts/GameController.ts as cce:/internal/x/cc.
22:58:31.268 debug: Resolve cc from file:///C:/Users/Admin/Desktop/coco/PipeRescue/assets/scripts/GameController.ts as cce:/internal/x/cc.
22:58:31.271 debug: Resolve ./PipeTypes from file:///C:/Users/Admin/Desktop/coco/PipeRescue/assets/scripts/GameController.ts as file:///C:/Users/Admin/Desktop/coco/PipeRescue/assets/scripts/PipeTypes.ts.
22:58:31.273 debug: Resolve ./TileNode from file:///C:/Users/Admin/Desktop/coco/PipeRescue/assets/scripts/GameController.ts as file:///C:/Users/Admin/Desktop/coco/PipeRescue/assets/scripts/TileNode.ts.
22:58:31.274 debug: Resolve ./PathSolver from file:///C:/Users/Admin/Desktop/coco/PipeRescue/assets/scripts/GameController.ts as file:///C:/Users/Admin/Desktop/coco/PipeRescue/assets/scripts/PathSolver.ts.
22:58:31.345 debug: Target(editor) ends with cost 418.50379999913275ms.
22:58:31.346 debug: Target(preview) build started.
22:58:31.349 debug: Detected change: cce:/internal/x/prerequisite-imports. Last mtime: Thu Jan 01 1970 08:45:04 GMT+0530 (India Standard Time), Current mtime: Thu Jan 01 1970 08:56:25 GMT+0530 (India Standard Time)
22:58:31.349 debug: Inspect cce:/internal/x/prerequisite-imports
22:58:31.391 debug: transform url: 'cce:/internal/x/prerequisite-imports' costs: 41.20 ms
22:58:31.396 debug: Resolve file:///C:/ProgramData/cocos/editors/Creator/3.8.7/resources/resources/3d/engine/editor/assets/default_renderpipeline/builtin-dof-pass.ts from cce:/internal/x/prerequisite-imports as file:///C:/ProgramData/cocos/editors/Creator/3.8.7/resources/resources/3d/engine/editor/assets/default_renderpipeline/builtin-dof-pass.ts.
22:58:31.397 debug: Resolve file:///C:/ProgramData/cocos/editors/Creator/3.8.7/resources/resources/3d/engine/editor/assets/default_renderpipeline/builtin-pipeline-pass.ts from cce:/internal/x/prerequisite-imports as file:///C:/ProgramData/cocos/editors/Creator/3.8.7/resources/resources/3d/engine/editor/assets/default_renderpipeline/builtin-pipeline-pass.ts.
22:58:31.398 debug: Resolve file:///C:/ProgramData/cocos/editors/Creator/3.8.7/resources/resources/3d/engine/editor/assets/default_renderpipeline/builtin-pipeline-settings.ts from cce:/internal/x/prerequisite-imports as file:///C:/ProgramData/cocos/editors/Creator/3.8.7/resources/resources/3d/engine/editor/assets/default_renderpipeline/builtin-pipeline-settings.ts.
22:58:31.399 debug: Resolve file:///C:/ProgramData/cocos/editors/Creator/3.8.7/resources/resources/3d/engine/editor/assets/default_renderpipeline/builtin-pipeline-types.ts from cce:/internal/x/prerequisite-imports as file:///C:/ProgramData/cocos/editors/Creator/3.8.7/resources/resources/3d/engine/editor/assets/default_renderpipeline/builtin-pipeline-types.ts.
22:58:31.400 debug: Resolve file:///C:/ProgramData/cocos/editors/Creator/3.8.7/resources/resources/3d/engine/editor/assets/default_renderpipeline/builtin-pipeline.ts from cce:/internal/x/prerequisite-imports as file:///C:/ProgramData/cocos/editors/Creator/3.8.7/resources/resources/3d/engine/editor/assets/default_renderpipeline/builtin-pipeline.ts.
22:58:31.402 debug: Resolve file:///C:/ProgramData/cocos/editors/Creator/3.8.7/resources/resources/3d/engine/editor/assets/tools/debug-view-runtime-control.ts from cce:/internal/x/prerequisite-imports as file:///C:/ProgramData/cocos/editors/Creator/3.8.7/resources/resources/3d/engine/editor/assets/tools/debug-view-runtime-control.ts.
22:58:31.408 debug: Resolve file:///C:/Users/Admin/Desktop/coco/PipeRescue/assets/scripts/GameController.ts from cce:/internal/x/prerequisite-imports as file:///C:/Users/Admin/Desktop/coco/PipeRescue/assets/scripts/GameController.ts.
22:58:31.408 debug: Detected change: file:///C:/Users/Admin/Desktop/coco/PipeRescue/assets/scripts/GameController.ts. Last mtime: Sun Jun 07 2026 22:38:18 GMT+0530 (India Standard Time)@9a9c60fd-dcf6-41cd-836f-c29f0ad0170c, Current mtime: Sun Jun 07 2026 22:52:26 GMT+0530 (India Standard Time)@9a9c60fd-dcf6-41cd-836f-c29f0ad0170c
22:58:31.408 debug: Inspect file:///C:/Users/Admin/Desktop/coco/PipeRescue/assets/scripts/GameController.ts
22:58:32.081 debug: transform url: 'file:///C:/Users/Admin/Desktop/coco/PipeRescue/assets/scripts/GameController.ts' costs: 673.10 ms
22:58:32.089 debug: Resolve file:///C:/Users/Admin/Desktop/coco/PipeRescue/assets/scripts/PathSolver.ts from cce:/internal/x/prerequisite-imports as file:///C:/Users/Admin/Desktop/coco/PipeRescue/assets/scripts/PathSolver.ts.
22:58:32.091 debug: Resolve file:///C:/Users/Admin/Desktop/coco/PipeRescue/assets/scripts/PipeTypes.ts from cce:/internal/x/prerequisite-imports as file:///C:/Users/Admin/Desktop/coco/PipeRescue/assets/scripts/PipeTypes.ts.
22:58:32.093 debug: Resolve file:///C:/Users/Admin/Desktop/coco/PipeRescue/assets/scripts/TileNode.ts from cce:/internal/x/prerequisite-imports as file:///C:/Users/Admin/Desktop/coco/PipeRescue/assets/scripts/TileNode.ts.
22:58:32.099 debug: Resolve cce:/internal/code-quality/cr.mjs from file:///C:/Users/Admin/Desktop/coco/PipeRescue/assets/scripts/GameController.ts as cce:/internal/code-quality/cr.mjs.
22:58:32.099 debug: Resolve cc from file:///C:/Users/Admin/Desktop/coco/PipeRescue/assets/scripts/GameController.ts as cce:/internal/x/cc.
22:58:32.099 debug: Resolve cc from file:///C:/Users/Admin/Desktop/coco/PipeRescue/assets/scripts/GameController.ts as cce:/internal/x/cc.
22:58:32.099 debug: Resolve cc from file:///C:/Users/Admin/Desktop/coco/PipeRescue/assets/scripts/GameController.ts as cce:/internal/x/cc.
22:58:32.100 debug: Resolve ./PipeTypes from file:///C:/Users/Admin/Desktop/coco/PipeRescue/assets/scripts/GameController.ts as file:///C:/Users/Admin/Desktop/coco/PipeRescue/assets/scripts/PipeTypes.ts.
22:58:32.107 debug: Resolve ./TileNode from file:///C:/Users/Admin/Desktop/coco/PipeRescue/assets/scripts/GameController.ts as file:///C:/Users/Admin/Desktop/coco/PipeRescue/assets/scripts/TileNode.ts.
22:58:32.109 debug: Resolve ./PathSolver from file:///C:/Users/Admin/Desktop/coco/PipeRescue/assets/scripts/GameController.ts as file:///C:/Users/Admin/Desktop/coco/PipeRescue/assets/scripts/PathSolver.ts.
22:58:32.147 debug: Target(preview) ends with cost 799.8495999984443ms.
23:00:10.932 debug: Dispatch build request for time accumulated 4 asset changes.
23:00:10.936 debug: Build iteration starts.
Number of accumulated asset changes: 4
Feature changed: false
23:00:10.937 debug: Target(editor) build started.
23:00:10.941 debug: Detected change: cce:/internal/x/prerequisite-imports. Last mtime: Thu Jan 01 1970 08:56:24 GMT+0530 (India Standard Time), Current mtime: Thu Jan 01 1970 08:58:04 GMT+0530 (India Standard Time)
23:00:10.941 debug: Inspect cce:/internal/x/prerequisite-imports
23:00:10.963 debug: transform url: 'cce:/internal/x/prerequisite-imports' costs: 21.50 ms
23:00:10.967 debug: Resolve file:///C:/ProgramData/cocos/editors/Creator/3.8.7/resources/resources/3d/engine/editor/assets/default_renderpipeline/builtin-dof-pass.ts from cce:/internal/x/prerequisite-imports as file:///C:/ProgramData/cocos/editors/Creator/3.8.7/resources/resources/3d/engine/editor/assets/default_renderpipeline/builtin-dof-pass.ts.
23:00:10.969 debug: Resolve file:///C:/ProgramData/cocos/editors/Creator/3.8.7/resources/resources/3d/engine/editor/assets/default_renderpipeline/builtin-pipeline-pass.ts from cce:/internal/x/prerequisite-imports as file:///C:/ProgramData/cocos/editors/Creator/3.8.7/resources/resources/3d/engine/editor/assets/default_renderpipeline/builtin-pipeline-pass.ts.
23:00:10.970 debug: Resolve file:///C:/ProgramData/cocos/editors/Creator/3.8.7/resources/resources/3d/engine/editor/assets/default_renderpipeline/builtin-pipeline-settings.ts from cce:/internal/x/prerequisite-imports as file:///C:/ProgramData/cocos/editors/Creator/3.8.7/resources/resources/3d/engine/editor/assets/default_renderpipeline/builtin-pipeline-settings.ts.
23:00:10.971 debug: Resolve file:///C:/ProgramData/cocos/editors/Creator/3.8.7/resources/resources/3d/engine/editor/assets/default_renderpipeline/builtin-pipeline-types.ts from cce:/internal/x/prerequisite-imports as file:///C:/ProgramData/cocos/editors/Creator/3.8.7/resources/resources/3d/engine/editor/assets/default_renderpipeline/builtin-pipeline-types.ts.
23:00:10.972 debug: Resolve file:///C:/ProgramData/cocos/editors/Creator/3.8.7/resources/resources/3d/engine/editor/assets/default_renderpipeline/builtin-pipeline.ts from cce:/internal/x/prerequisite-imports as file:///C:/ProgramData/cocos/editors/Creator/3.8.7/resources/resources/3d/engine/editor/assets/default_renderpipeline/builtin-pipeline.ts.
23:00:10.974 debug: Resolve file:///C:/ProgramData/cocos/editors/Creator/3.8.7/resources/resources/3d/engine/editor/assets/tools/debug-view-runtime-control.ts from cce:/internal/x/prerequisite-imports as file:///C:/ProgramData/cocos/editors/Creator/3.8.7/resources/resources/3d/engine/editor/assets/tools/debug-view-runtime-control.ts.
23:00:10.975 debug: Resolve file:///C:/Users/Admin/Desktop/coco/PipeRescue/assets/scripts/GameController.ts from cce:/internal/x/prerequisite-imports as file:///C:/Users/Admin/Desktop/coco/PipeRescue/assets/scripts/GameController.ts.
23:00:10.975 debug: Detected change: file:///C:/Users/Admin/Desktop/coco/PipeRescue/assets/scripts/GameController.ts. Last mtime: Sun Jun 07 2026 22:52:26 GMT+0530 (India Standard Time)@9a9c60fd-dcf6-41cd-836f-c29f0ad0170c, Current mtime: Sun Jun 07 2026 22:58:45 GMT+0530 (India Standard Time)@9a9c60fd-dcf6-41cd-836f-c29f0ad0170c
23:00:10.975 debug: Inspect file:///C:/Users/Admin/Desktop/coco/PipeRescue/assets/scripts/GameController.ts
23:00:11.168 debug: transform url: 'file:///C:/Users/Admin/Desktop/coco/PipeRescue/assets/scripts/GameController.ts' costs: 193.30 ms
23:00:11.172 debug: Resolve file:///C:/Users/Admin/Desktop/coco/PipeRescue/assets/scripts/PathSolver.ts from cce:/internal/x/prerequisite-imports as file:///C:/Users/Admin/Desktop/coco/PipeRescue/assets/scripts/PathSolver.ts.
23:00:11.172 debug: Detected change: file:///C:/Users/Admin/Desktop/coco/PipeRescue/assets/scripts/PathSolver.ts. Last mtime: Sun Jun 07 2026 19:42:00 GMT+0530 (India Standard Time)@a4cb2907-0e20-4aca-859c-9160309e58bb, Current mtime: Sun Jun 07 2026 22:59:12 GMT+0530 (India Standard Time)@a4cb2907-0e20-4aca-859c-9160309e58bb
23:00:11.172 debug: Inspect file:///C:/Users/Admin/Desktop/coco/PipeRescue/assets/scripts/PathSolver.ts
23:00:11.262 debug: transform url: 'file:///C:/Users/Admin/Desktop/coco/PipeRescue/assets/scripts/PathSolver.ts' costs: 90.20 ms
23:00:11.269 debug: Resolve file:///C:/Users/Admin/Desktop/coco/PipeRescue/assets/scripts/PipeTypes.ts from cce:/internal/x/prerequisite-imports as file:///C:/Users/Admin/Desktop/coco/PipeRescue/assets/scripts/PipeTypes.ts.
23:00:11.271 debug: Detected change: file:///C:/Users/Admin/Desktop/coco/PipeRescue/assets/scripts/PipeTypes.ts. Last mtime: Sun Jun 07 2026 22:47:05 GMT+0530 (India Standard Time)@12e96a41-68e8-49c5-8846-fade2d80cb39, Current mtime: Sun Jun 07 2026 22:59:42 GMT+0530 (India Standard Time)@12e96a41-68e8-49c5-8846-fade2d80cb39
23:00:11.271 debug: Inspect file:///C:/Users/Admin/Desktop/coco/PipeRescue/assets/scripts/PipeTypes.ts
23:00:11.336 debug: transform url: 'file:///C:/Users/Admin/Desktop/coco/PipeRescue/assets/scripts/PipeTypes.ts' costs: 64.60 ms
23:00:11.340 debug: Resolve file:///C:/Users/Admin/Desktop/coco/PipeRescue/assets/scripts/TileNode.ts from cce:/internal/x/prerequisite-imports as file:///C:/Users/Admin/Desktop/coco/PipeRescue/assets/scripts/TileNode.ts.
23:00:11.340 debug: Detected change: file:///C:/Users/Admin/Desktop/coco/PipeRescue/assets/scripts/TileNode.ts. Last mtime: Sun Jun 07 2026 19:42:00 GMT+0530 (India Standard Time)@e29a5f02-c030-48b5-b372-9890571d5669, Current mtime: Sun Jun 07 2026 23:00:07 GMT+0530 (India Standard Time)@e29a5f02-c030-48b5-b372-9890571d5669
23:00:11.340 debug: Inspect file:///C:/Users/Admin/Desktop/coco/PipeRescue/assets/scripts/TileNode.ts
23:00:11.428 debug: transform url: 'file:///C:/Users/Admin/Desktop/coco/PipeRescue/assets/scripts/TileNode.ts' costs: 87.50 ms
23:00:11.432 debug: Resolve cce:/internal/code-quality/cr.mjs from file:///C:/Users/Admin/Desktop/coco/PipeRescue/assets/scripts/GameController.ts as cce:/internal/code-quality/cr.mjs.
23:00:11.433 debug: Resolve cc from file:///C:/Users/Admin/Desktop/coco/PipeRescue/assets/scripts/GameController.ts as cce:/internal/x/cc.
23:00:11.433 debug: Resolve cc from file:///C:/Users/Admin/Desktop/coco/PipeRescue/assets/scripts/GameController.ts as cce:/internal/x/cc.
23:00:11.433 debug: Resolve cc from file:///C:/Users/Admin/Desktop/coco/PipeRescue/assets/scripts/GameController.ts as cce:/internal/x/cc.
23:00:11.435 debug: Resolve ./PipeTypes from file:///C:/Users/Admin/Desktop/coco/PipeRescue/assets/scripts/GameController.ts as file:///C:/Users/Admin/Desktop/coco/PipeRescue/assets/scripts/PipeTypes.ts.
23:00:11.436 debug: Resolve ./TileNode from file:///C:/Users/Admin/Desktop/coco/PipeRescue/assets/scripts/GameController.ts as file:///C:/Users/Admin/Desktop/coco/PipeRescue/assets/scripts/TileNode.ts.
23:00:11.437 debug: Resolve ./PathSolver from file:///C:/Users/Admin/Desktop/coco/PipeRescue/assets/scripts/GameController.ts as file:///C:/Users/Admin/Desktop/coco/PipeRescue/assets/scripts/PathSolver.ts.
23:00:11.438 debug: Resolve cc from file:///C:/Users/Admin/Desktop/coco/PipeRescue/assets/scripts/PipeTypes.ts as cce:/internal/x/cc.
23:00:11.438 debug: Resolve cce:/internal/code-quality/cr.mjs from file:///C:/Users/Admin/Desktop/coco/PipeRescue/assets/scripts/TileNode.ts as cce:/internal/code-quality/cr.mjs.
23:00:11.438 debug: Resolve cc from file:///C:/Users/Admin/Desktop/coco/PipeRescue/assets/scripts/TileNode.ts as cce:/internal/x/cc.
23:00:11.438 debug: Resolve cc from file:///C:/Users/Admin/Desktop/coco/PipeRescue/assets/scripts/TileNode.ts as cce:/internal/x/cc.
23:00:11.438 debug: Resolve cc from file:///C:/Users/Admin/Desktop/coco/PipeRescue/assets/scripts/TileNode.ts as cce:/internal/x/cc.
23:00:11.439 debug: Resolve ./PipeTypes from file:///C:/Users/Admin/Desktop/coco/PipeRescue/assets/scripts/TileNode.ts as file:///C:/Users/Admin/Desktop/coco/PipeRescue/assets/scripts/PipeTypes.ts.
23:00:11.439 debug: Resolve cce:/internal/code-quality/cr.mjs from file:///C:/Users/Admin/Desktop/coco/PipeRescue/assets/scripts/PathSolver.ts as cce:/internal/code-quality/cr.mjs.
23:00:11.440 debug: Resolve cc from file:///C:/Users/Admin/Desktop/coco/PipeRescue/assets/scripts/PathSolver.ts as cce:/internal/x/cc.
23:00:11.441 debug: Resolve ./PipeTypes from file:///C:/Users/Admin/Desktop/coco/PipeRescue/assets/scripts/PathSolver.ts as file:///C:/Users/Admin/Desktop/coco/PipeRescue/assets/scripts/PipeTypes.ts.
23:00:11.471 debug: Target(editor) ends with cost 533.5374999996275ms.
23:00:11.471 debug: Target(preview) build started.
23:00:11.474 debug: Detected change: cce:/internal/x/prerequisite-imports. Last mtime: Thu Jan 01 1970 08:56:25 GMT+0530 (India Standard Time), Current mtime: Thu Jan 01 1970 08:58:05 GMT+0530 (India Standard Time)
23:00:11.474 debug: Inspect cce:/internal/x/prerequisite-imports
23:00:11.492 debug: transform url: 'cce:/internal/x/prerequisite-imports' costs: 17.90 ms
23:00:11.497 debug: Resolve file:///C:/ProgramData/cocos/editors/Creator/3.8.7/resources/resources/3d/engine/editor/assets/default_renderpipeline/builtin-dof-pass.ts from cce:/internal/x/prerequisite-imports as file:///C:/ProgramData/cocos/editors/Creator/3.8.7/resources/resources/3d/engine/editor/assets/default_renderpipeline/builtin-dof-pass.ts.
23:00:11.498 debug: Resolve file:///C:/ProgramData/cocos/editors/Creator/3.8.7/resources/resources/3d/engine/editor/assets/default_renderpipeline/builtin-pipeline-pass.ts from cce:/internal/x/prerequisite-imports as file:///C:/ProgramData/cocos/editors/Creator/3.8.7/resources/resources/3d/engine/editor/assets/default_renderpipeline/builtin-pipeline-pass.ts.
23:00:11.500 debug: Resolve file:///C:/ProgramData/cocos/editors/Creator/3.8.7/resources/resources/3d/engine/editor/assets/default_renderpipeline/builtin-pipeline-settings.ts from cce:/internal/x/prerequisite-imports as file:///C:/ProgramData/cocos/editors/Creator/3.8.7/resources/resources/3d/engine/editor/assets/default_renderpipeline/builtin-pipeline-settings.ts.
23:00:11.501 debug: Resolve file:///C:/ProgramData/cocos/editors/Creator/3.8.7/resources/resources/3d/engine/editor/assets/default_renderpipeline/builtin-pipeline-types.ts from cce:/internal/x/prerequisite-imports as file:///C:/ProgramData/cocos/editors/Creator/3.8.7/resources/resources/3d/engine/editor/assets/default_renderpipeline/builtin-pipeline-types.ts.
23:00:11.503 debug: Resolve file:///C:/ProgramData/cocos/editors/Creator/3.8.7/resources/resources/3d/engine/editor/assets/default_renderpipeline/builtin-pipeline.ts from cce:/internal/x/prerequisite-imports as file:///C:/ProgramData/cocos/editors/Creator/3.8.7/resources/resources/3d/engine/editor/assets/default_renderpipeline/builtin-pipeline.ts.
23:00:11.504 debug: Resolve file:///C:/ProgramData/cocos/editors/Creator/3.8.7/resources/resources/3d/engine/editor/assets/tools/debug-view-runtime-control.ts from cce:/internal/x/prerequisite-imports as file:///C:/ProgramData/cocos/editors/Creator/3.8.7/resources/resources/3d/engine/editor/assets/tools/debug-view-runtime-control.ts.
23:00:11.505 debug: Resolve file:///C:/Users/Admin/Desktop/coco/PipeRescue/assets/scripts/GameController.ts from cce:/internal/x/prerequisite-imports as file:///C:/Users/Admin/Desktop/coco/PipeRescue/assets/scripts/GameController.ts.
23:00:11.505 debug: Detected change: file:///C:/Users/Admin/Desktop/coco/PipeRescue/assets/scripts/GameController.ts. Last mtime: Sun Jun 07 2026 22:52:26 GMT+0530 (India Standard Time)@9a9c60fd-dcf6-41cd-836f-c29f0ad0170c, Current mtime: Sun Jun 07 2026 22:58:45 GMT+0530 (India Standard Time)@9a9c60fd-dcf6-41cd-836f-c29f0ad0170c
23:00:11.505 debug: Inspect file:///C:/Users/Admin/Desktop/coco/PipeRescue/assets/scripts/GameController.ts
23:00:11.623 debug: transform url: 'file:///C:/Users/Admin/Desktop/coco/PipeRescue/assets/scripts/GameController.ts' costs: 117.90 ms
23:00:11.625 debug: Resolve file:///C:/Users/Admin/Desktop/coco/PipeRescue/assets/scripts/PathSolver.ts from cce:/internal/x/prerequisite-imports as file:///C:/Users/Admin/Desktop/coco/PipeRescue/assets/scripts/PathSolver.ts.
23:00:11.625 debug: Detected change: file:///C:/Users/Admin/Desktop/coco/PipeRescue/assets/scripts/PathSolver.ts. Last mtime: Sun Jun 07 2026 19:42:00 GMT+0530 (India Standard Time)@a4cb2907-0e20-4aca-859c-9160309e58bb, Current mtime: Sun Jun 07 2026 22:59:12 GMT+0530 (India Standard Time)@a4cb2907-0e20-4aca-859c-9160309e58bb
23:00:11.625 debug: Inspect file:///C:/Users/Admin/Desktop/coco/PipeRescue/assets/scripts/PathSolver.ts
23:00:11.692 debug: transform url: 'file:///C:/Users/Admin/Desktop/coco/PipeRescue/assets/scripts/PathSolver.ts' costs: 67.10 ms
23:00:11.697 debug: Resolve file:///C:/Users/Admin/Desktop/coco/PipeRescue/assets/scripts/PipeTypes.ts from cce:/internal/x/prerequisite-imports as file:///C:/Users/Admin/Desktop/coco/PipeRescue/assets/scripts/PipeTypes.ts.
23:00:11.697 debug: Detected change: file:///C:/Users/Admin/Desktop/coco/PipeRescue/assets/scripts/PipeTypes.ts. Last mtime: Sun Jun 07 2026 22:47:05 GMT+0530 (India Standard Time)@12e96a41-68e8-49c5-8846-fade2d80cb39, Current mtime: Sun Jun 07 2026 22:59:42 GMT+0530 (India Standard Time)@12e96a41-68e8-49c5-8846-fade2d80cb39
23:00:11.697 debug: Inspect file:///C:/Users/Admin/Desktop/coco/PipeRescue/assets/scripts/PipeTypes.ts
23:00:11.746 debug: transform url: 'file:///C:/Users/Admin/Desktop/coco/PipeRescue/assets/scripts/PipeTypes.ts' costs: 48.50 ms
23:00:11.750 debug: Resolve file:///C:/Users/Admin/Desktop/coco/PipeRescue/assets/scripts/TileNode.ts from cce:/internal/x/prerequisite-imports as file:///C:/Users/Admin/Desktop/coco/PipeRescue/assets/scripts/TileNode.ts.
23:00:11.751 debug: Detected change: file:///C:/Users/Admin/Desktop/coco/PipeRescue/assets/scripts/TileNode.ts. Last mtime: Sun Jun 07 2026 19:42:00 GMT+0530 (India Standard Time)@e29a5f02-c030-48b5-b372-9890571d5669, Current mtime: Sun Jun 07 2026 23:00:07 GMT+0530 (India Standard Time)@e29a5f02-c030-48b5-b372-9890571d5669
23:00:11.751 debug: Inspect file:///C:/Users/Admin/Desktop/coco/PipeRescue/assets/scripts/TileNode.ts
23:00:11.821 debug: transform url: 'file:///C:/Users/Admin/Desktop/coco/PipeRescue/assets/scripts/TileNode.ts' costs: 70.70 ms
23:00:11.824 debug: Resolve cce:/internal/code-quality/cr.mjs from file:///C:/Users/Admin/Desktop/coco/PipeRescue/assets/scripts/GameController.ts as cce:/internal/code-quality/cr.mjs.
23:00:11.824 debug: Resolve cc from file:///C:/Users/Admin/Desktop/coco/PipeRescue/assets/scripts/GameController.ts as cce:/internal/x/cc.
23:00:11.824 debug: Resolve cc from file:///C:/Users/Admin/Desktop/coco/PipeRescue/assets/scripts/GameController.ts as cce:/internal/x/cc.
23:00:11.824 debug: Resolve cc from file:///C:/Users/Admin/Desktop/coco/PipeRescue/assets/scripts/GameController.ts as cce:/internal/x/cc.
23:00:11.825 debug: Resolve ./PipeTypes from file:///C:/Users/Admin/Desktop/coco/PipeRescue/assets/scripts/GameController.ts as file:///C:/Users/Admin/Desktop/coco/PipeRescue/assets/scripts/PipeTypes.ts.
23:00:11.826 debug: Resolve ./TileNode from file:///C:/Users/Admin/Desktop/coco/PipeRescue/assets/scripts/GameController.ts as file:///C:/Users/Admin/Desktop/coco/PipeRescue/assets/scripts/TileNode.ts.
23:00:11.827 debug: Resolve ./PathSolver from file:///C:/Users/Admin/Desktop/coco/PipeRescue/assets/scripts/GameController.ts as file:///C:/Users/Admin/Desktop/coco/PipeRescue/assets/scripts/PathSolver.ts.
23:00:11.827 debug: Resolve cc from file:///C:/Users/Admin/Desktop/coco/PipeRescue/assets/scripts/PipeTypes.ts as cce:/internal/x/cc.
23:00:11.827 debug: Resolve cce:/internal/code-quality/cr.mjs from file:///C:/Users/Admin/Desktop/coco/PipeRescue/assets/scripts/TileNode.ts as cce:/internal/code-quality/cr.mjs.
23:00:11.828 debug: Resolve cc from file:///C:/Users/Admin/Desktop/coco/PipeRescue/assets/scripts/TileNode.ts as cce:/internal/x/cc.
23:00:11.828 debug: Resolve cc from file:///C:/Users/Admin/Desktop/coco/PipeRescue/assets/scripts/TileNode.ts as cce:/internal/x/cc.
23:00:11.828 debug: Resolve cc from file:///C:/Users/Admin/Desktop/coco/PipeRescue/assets/scripts/TileNode.ts as cce:/internal/x/cc.
23:00:11.829 debug: Resolve ./PipeTypes from file:///C:/Users/Admin/Desktop/coco/PipeRescue/assets/scripts/TileNode.ts as file:///C:/Users/Admin/Desktop/coco/PipeRescue/assets/scripts/PipeTypes.ts.
23:00:11.829 debug: Resolve cce:/internal/code-quality/cr.mjs from file:///C:/Users/Admin/Desktop/coco/PipeRescue/assets/scripts/PathSolver.ts as cce:/internal/code-quality/cr.mjs.
23:00:11.829 debug: Resolve cc from file:///C:/Users/Admin/Desktop/coco/PipeRescue/assets/scripts/PathSolver.ts as cce:/internal/x/cc.
23:00:11.830 debug: Resolve ./PipeTypes from file:///C:/Users/Admin/Desktop/coco/PipeRescue/assets/scripts/PathSolver.ts as file:///C:/Users/Admin/Desktop/coco/PipeRescue/assets/scripts/PipeTypes.ts.
23:00:11.880 debug: Target(preview) ends with cost 409.30109999887645ms.
23:01:45.599 debug: Dispatch build request for time accumulated 1 asset changes.
23:01:45.602 debug: Build iteration starts.
Number of accumulated asset changes: 1
Feature changed: false
23:01:45.603 debug: Target(editor) build started.
23:01:45.606 debug: Detected change: cce:/internal/x/prerequisite-imports. Last mtime: Thu Jan 01 1970 08:58:04 GMT+0530 (India Standard Time), Current mtime: Thu Jan 01 1970 08:59:39 GMT+0530 (India Standard Time)
23:01:45.606 debug: Inspect cce:/internal/x/prerequisite-imports
23:01:45.629 debug: transform url: 'cce:/internal/x/prerequisite-imports' costs: 23.00 ms
23:01:45.633 debug: Resolve file:///C:/ProgramData/cocos/editors/Creator/3.8.7/resources/resources/3d/engine/editor/assets/default_renderpipeline/builtin-dof-pass.ts from cce:/internal/x/prerequisite-imports as file:///C:/ProgramData/cocos/editors/Creator/3.8.7/resources/resources/3d/engine/editor/assets/default_renderpipeline/builtin-dof-pass.ts.
23:01:45.636 debug: Resolve file:///C:/ProgramData/cocos/editors/Creator/3.8.7/resources/resources/3d/engine/editor/assets/default_renderpipeline/builtin-pipeline-pass.ts from cce:/internal/x/prerequisite-imports as file:///C:/ProgramData/cocos/editors/Creator/3.8.7/resources/resources/3d/engine/editor/assets/default_renderpipeline/builtin-pipeline-pass.ts.
23:01:45.637 debug: Resolve file:///C:/ProgramData/cocos/editors/Creator/3.8.7/resources/resources/3d/engine/editor/assets/default_renderpipeline/builtin-pipeline-settings.ts from cce:/internal/x/prerequisite-imports as file:///C:/ProgramData/cocos/editors/Creator/3.8.7/resources/resources/3d/engine/editor/assets/default_renderpipeline/builtin-pipeline-settings.ts.
23:01:45.638 debug: Resolve file:///C:/ProgramData/cocos/editors/Creator/3.8.7/resources/resources/3d/engine/editor/assets/default_renderpipeline/builtin-pipeline-types.ts from cce:/internal/x/prerequisite-imports as file:///C:/ProgramData/cocos/editors/Creator/3.8.7/resources/resources/3d/engine/editor/assets/default_renderpipeline/builtin-pipeline-types.ts.
23:01:45.639 debug: Resolve file:///C:/ProgramData/cocos/editors/Creator/3.8.7/resources/resources/3d/engine/editor/assets/default_renderpipeline/builtin-pipeline.ts from cce:/internal/x/prerequisite-imports as file:///C:/ProgramData/cocos/editors/Creator/3.8.7/resources/resources/3d/engine/editor/assets/default_renderpipeline/builtin-pipeline.ts.
23:01:45.641 debug: Resolve file:///C:/ProgramData/cocos/editors/Creator/3.8.7/resources/resources/3d/engine/editor/assets/tools/debug-view-runtime-control.ts from cce:/internal/x/prerequisite-imports as file:///C:/ProgramData/cocos/editors/Creator/3.8.7/resources/resources/3d/engine/editor/assets/tools/debug-view-runtime-control.ts.
23:01:45.641 debug: Resolve file:///C:/Users/Admin/Desktop/coco/PipeRescue/assets/scripts/GameController.ts from cce:/internal/x/prerequisite-imports as file:///C:/Users/Admin/Desktop/coco/PipeRescue/assets/scripts/GameController.ts.
23:01:45.642 debug: Resolve file:///C:/Users/Admin/Desktop/coco/PipeRescue/assets/scripts/PathSolver.ts from cce:/internal/x/prerequisite-imports as file:///C:/Users/Admin/Desktop/coco/PipeRescue/assets/scripts/PathSolver.ts.
23:01:45.642 debug: Resolve file:///C:/Users/Admin/Desktop/coco/PipeRescue/assets/scripts/PipeTypes.ts from cce:/internal/x/prerequisite-imports as file:///C:/Users/Admin/Desktop/coco/PipeRescue/assets/scripts/PipeTypes.ts.
23:01:45.643 debug: Detected change: file:///C:/Users/Admin/Desktop/coco/PipeRescue/assets/scripts/PipeTypes.ts. Last mtime: Sun Jun 07 2026 22:59:42 GMT+0530 (India Standard Time)@12e96a41-68e8-49c5-8846-fade2d80cb39, Current mtime: Sun Jun 07 2026 23:01:39 GMT+0530 (India Standard Time)@12e96a41-68e8-49c5-8846-fade2d80cb39
23:01:45.643 debug: Inspect file:///C:/Users/Admin/Desktop/coco/PipeRescue/assets/scripts/PipeTypes.ts
23:01:45.759 debug: transform url: 'file:///C:/Users/Admin/Desktop/coco/PipeRescue/assets/scripts/PipeTypes.ts' costs: 115.80 ms
23:01:45.764 debug: Resolve file:///C:/Users/Admin/Desktop/coco/PipeRescue/assets/scripts/TileNode.ts from cce:/internal/x/prerequisite-imports as file:///C:/Users/Admin/Desktop/coco/PipeRescue/assets/scripts/TileNode.ts.
23:01:45.766 debug: Resolve cc from file:///C:/Users/Admin/Desktop/coco/PipeRescue/assets/scripts/PipeTypes.ts as cce:/internal/x/cc.
23:01:45.804 debug: Target(editor) ends with cost 200.79890000075102ms.
23:01:45.804 debug: Target(preview) build started.
23:01:45.814 debug: Detected change: cce:/internal/x/prerequisite-imports. Last mtime: Thu Jan 01 1970 08:58:05 GMT+0530 (India Standard Time), Current mtime: Thu Jan 01 1970 08:59:39 GMT+0530 (India Standard Time)
23:01:45.814 debug: Inspect cce:/internal/x/prerequisite-imports
23:01:45.842 debug: transform url: 'cce:/internal/x/prerequisite-imports' costs: 27.60 ms
23:01:45.850 debug: Resolve file:///C:/ProgramData/cocos/editors/Creator/3.8.7/resources/resources/3d/engine/editor/assets/default_renderpipeline/builtin-dof-pass.ts from cce:/internal/x/prerequisite-imports as file:///C:/ProgramData/cocos/editors/Creator/3.8.7/resources/resources/3d/engine/editor/assets/default_renderpipeline/builtin-dof-pass.ts.
23:01:45.851 debug: Resolve file:///C:/ProgramData/cocos/editors/Creator/3.8.7/resources/resources/3d/engine/editor/assets/default_renderpipeline/builtin-pipeline-pass.ts from cce:/internal/x/prerequisite-imports as file:///C:/ProgramData/cocos/editors/Creator/3.8.7/resources/resources/3d/engine/editor/assets/default_renderpipeline/builtin-pipeline-pass.ts.
23:01:45.852 debug: Resolve file:///C:/ProgramData/cocos/editors/Creator/3.8.7/resources/resources/3d/engine/editor/assets/default_renderpipeline/builtin-pipeline-settings.ts from cce:/internal/x/prerequisite-imports as file:///C:/ProgramData/cocos/editors/Creator/3.8.7/resources/resources/3d/engine/editor/assets/default_renderpipeline/builtin-pipeline-settings.ts.
23:01:45.853 debug: Resolve file:///C:/ProgramData/cocos/editors/Creator/3.8.7/resources/resources/3d/engine/editor/assets/default_renderpipeline/builtin-pipeline-types.ts from cce:/internal/x/prerequisite-imports as file:///C:/ProgramData/cocos/editors/Creator/3.8.7/resources/resources/3d/engine/editor/assets/default_renderpipeline/builtin-pipeline-types.ts.
23:01:45.854 debug: Resolve file:///C:/ProgramData/cocos/editors/Creator/3.8.7/resources/resources/3d/engine/editor/assets/default_renderpipeline/builtin-pipeline.ts from cce:/internal/x/prerequisite-imports as file:///C:/ProgramData/cocos/editors/Creator/3.8.7/resources/resources/3d/engine/editor/assets/default_renderpipeline/builtin-pipeline.ts.
23:01:45.855 debug: Resolve file:///C:/ProgramData/cocos/editors/Creator/3.8.7/resources/resources/3d/engine/editor/assets/tools/debug-view-runtime-control.ts from cce:/internal/x/prerequisite-imports as file:///C:/ProgramData/cocos/editors/Creator/3.8.7/resources/resources/3d/engine/editor/assets/tools/debug-view-runtime-control.ts.
23:01:45.856 debug: Resolve file:///C:/Users/Admin/Desktop/coco/PipeRescue/assets/scripts/GameController.ts from cce:/internal/x/prerequisite-imports as file:///C:/Users/Admin/Desktop/coco/PipeRescue/assets/scripts/GameController.ts.
23:01:45.856 debug: Resolve file:///C:/Users/Admin/Desktop/coco/PipeRescue/assets/scripts/PathSolver.ts from cce:/internal/x/prerequisite-imports as file:///C:/Users/Admin/Desktop/coco/PipeRescue/assets/scripts/PathSolver.ts.
23:01:45.857 debug: Resolve file:///C:/Users/Admin/Desktop/coco/PipeRescue/assets/scripts/PipeTypes.ts from cce:/internal/x/prerequisite-imports as file:///C:/Users/Admin/Desktop/coco/PipeRescue/assets/scripts/PipeTypes.ts.
23:01:45.857 debug: Detected change: file:///C:/Users/Admin/Desktop/coco/PipeRescue/assets/scripts/PipeTypes.ts. Last mtime: Sun Jun 07 2026 22:59:42 GMT+0530 (India Standard Time)@12e96a41-68e8-49c5-8846-fade2d80cb39, Current mtime: Sun Jun 07 2026 23:01:39 GMT+0530 (India Standard Time)@12e96a41-68e8-49c5-8846-fade2d80cb39
23:01:45.857 debug: Inspect file:///C:/Users/Admin/Desktop/coco/PipeRescue/assets/scripts/PipeTypes.ts
23:01:45.936 debug: transform url: 'file:///C:/Users/Admin/Desktop/coco/PipeRescue/assets/scripts/PipeTypes.ts' costs: 78.70 ms
23:01:45.939 debug: Resolve file:///C:/Users/Admin/Desktop/coco/PipeRescue/assets/scripts/TileNode.ts from cce:/internal/x/prerequisite-imports as file:///C:/Users/Admin/Desktop/coco/PipeRescue/assets/scripts/TileNode.ts.
23:01:45.940 debug: Resolve cc from file:///C:/Users/Admin/Desktop/coco/PipeRescue/assets/scripts/PipeTypes.ts as cce:/internal/x/cc.
23:01:45.974 debug: Target(preview) ends with cost 170.3607000000775ms.
23:02:15.979 debug: Dispatch build request for time accumulated 1 asset changes.
23:02:15.982 debug: Build iteration starts.
Number of accumulated asset changes: 1
Feature changed: false
23:02:15.983 debug: Target(editor) build started.
23:02:15.986 debug: Detected change: cce:/internal/x/prerequisite-imports. Last mtime: Thu Jan 01 1970 08:59:39 GMT+0530 (India Standard Time), Current mtime: Thu Jan 01 1970 09:00:09 GMT+0530 (India Standard Time)
23:02:15.986 debug: Inspect cce:/internal/x/prerequisite-imports
23:02:16.002 debug: transform url: 'cce:/internal/x/prerequisite-imports' costs: 16.00 ms
23:02:16.006 debug: Resolve file:///C:/ProgramData/cocos/editors/Creator/3.8.7/resources/resources/3d/engine/editor/assets/default_renderpipeline/builtin-dof-pass.ts from cce:/internal/x/prerequisite-imports as file:///C:/ProgramData/cocos/editors/Creator/3.8.7/resources/resources/3d/engine/editor/assets/default_renderpipeline/builtin-dof-pass.ts.
23:02:16.007 debug: Resolve file:///C:/ProgramData/cocos/editors/Creator/3.8.7/resources/resources/3d/engine/editor/assets/default_renderpipeline/builtin-pipeline-pass.ts from cce:/internal/x/prerequisite-imports as file:///C:/ProgramData/cocos/editors/Creator/3.8.7/resources/resources/3d/engine/editor/assets/default_renderpipeline/builtin-pipeline-pass.ts.
23:02:16.009 debug: Resolve file:///C:/ProgramData/cocos/editors/Creator/3.8.7/resources/resources/3d/engine/editor/assets/default_renderpipeline/builtin-pipeline-settings.ts from cce:/internal/x/prerequisite-imports as file:///C:/ProgramData/cocos/editors/Creator/3.8.7/resources/resources/3d/engine/editor/assets/default_renderpipeline/builtin-pipeline-settings.ts.
23:02:16.013 debug: Resolve file:///C:/ProgramData/cocos/editors/Creator/3.8.7/resources/resources/3d/engine/editor/assets/default_renderpipeline/builtin-pipeline-types.ts from cce:/internal/x/prerequisite-imports as file:///C:/ProgramData/cocos/editors/Creator/3.8.7/resources/resources/3d/engine/editor/assets/default_renderpipeline/builtin-pipeline-types.ts.
23:02:16.014 debug: Resolve file:///C:/ProgramData/cocos/editors/Creator/3.8.7/resources/resources/3d/engine/editor/assets/default_renderpipeline/builtin-pipeline.ts from cce:/internal/x/prerequisite-imports as file:///C:/ProgramData/cocos/editors/Creator/3.8.7/resources/resources/3d/engine/editor/assets/default_renderpipeline/builtin-pipeline.ts.
23:02:16.015 debug: Resolve file:///C:/ProgramData/cocos/editors/Creator/3.8.7/resources/resources/3d/engine/editor/assets/tools/debug-view-runtime-control.ts from cce:/internal/x/prerequisite-imports as file:///C:/ProgramData/cocos/editors/Creator/3.8.7/resources/resources/3d/engine/editor/assets/tools/debug-view-runtime-control.ts.
23:02:16.016 debug: Resolve file:///C:/Users/Admin/Desktop/coco/PipeRescue/assets/scripts/GameController.ts from cce:/internal/x/prerequisite-imports as file:///C:/Users/Admin/Desktop/coco/PipeRescue/assets/scripts/GameController.ts.
23:02:16.016 debug: Resolve file:///C:/Users/Admin/Desktop/coco/PipeRescue/assets/scripts/PathSolver.ts from cce:/internal/x/prerequisite-imports as file:///C:/Users/Admin/Desktop/coco/PipeRescue/assets/scripts/PathSolver.ts.
23:02:16.017 debug: Resolve file:///C:/Users/Admin/Desktop/coco/PipeRescue/assets/scripts/PipeTypes.ts from cce:/internal/x/prerequisite-imports as file:///C:/Users/Admin/Desktop/coco/PipeRescue/assets/scripts/PipeTypes.ts.
23:02:16.017 debug: Detected change: file:///C:/Users/Admin/Desktop/coco/PipeRescue/assets/scripts/PipeTypes.ts. Last mtime: Sun Jun 07 2026 23:01:39 GMT+0530 (India Standard Time)@12e96a41-68e8-49c5-8846-fade2d80cb39, Current mtime: Sun Jun 07 2026 23:02:09 GMT+0530 (India Standard Time)@12e96a41-68e8-49c5-8846-fade2d80cb39
23:02:16.017 debug: Inspect file:///C:/Users/Admin/Desktop/coco/PipeRescue/assets/scripts/PipeTypes.ts
23:02:16.075 debug: transform url: 'file:///C:/Users/Admin/Desktop/coco/PipeRescue/assets/scripts/PipeTypes.ts' costs: 57.50 ms
23:02:16.079 debug: Resolve file:///C:/Users/Admin/Desktop/coco/PipeRescue/assets/scripts/TileNode.ts from cce:/internal/x/prerequisite-imports as file:///C:/Users/Admin/Desktop/coco/PipeRescue/assets/scripts/TileNode.ts.
23:02:16.082 debug: Resolve cc from file:///C:/Users/Admin/Desktop/coco/PipeRescue/assets/scripts/PipeTypes.ts as cce:/internal/x/cc.
23:02:16.132 debug: Target(editor) ends with cost 149.08110000006855ms.
23:02:16.132 debug: Target(preview) build started.
23:02:16.139 debug: Detected change: cce:/internal/x/prerequisite-imports. Last mtime: Thu Jan 01 1970 08:59:39 GMT+0530 (India Standard Time), Current mtime: Thu Jan 01 1970 09:00:09 GMT+0530 (India Standard Time)
23:02:16.140 debug: Inspect cce:/internal/x/prerequisite-imports
23:02:16.170 debug: transform url: 'cce:/internal/x/prerequisite-imports' costs: 30.80 ms
23:02:16.178 debug: Resolve file:///C:/ProgramData/cocos/editors/Creator/3.8.7/resources/resources/3d/engine/editor/assets/default_renderpipeline/builtin-dof-pass.ts from cce:/internal/x/prerequisite-imports as file:///C:/ProgramData/cocos/editors/Creator/3.8.7/resources/resources/3d/engine/editor/assets/default_renderpipeline/builtin-dof-pass.ts.
23:02:16.181 debug: Resolve file:///C:/ProgramData/cocos/editors/Creator/3.8.7/resources/resources/3d/engine/editor/assets/default_renderpipeline/builtin-pipeline-pass.ts from cce:/internal/x/prerequisite-imports as file:///C:/ProgramData/cocos/editors/Creator/3.8.7/resources/resources/3d/engine/editor/assets/default_renderpipeline/builtin-pipeline-pass.ts.
23:02:16.183 debug: Resolve file:///C:/ProgramData/cocos/editors/Creator/3.8.7/resources/resources/3d/engine/editor/assets/default_renderpipeline/builtin-pipeline-settings.ts from cce:/internal/x/prerequisite-imports as file:///C:/ProgramData/cocos/editors/Creator/3.8.7/resources/resources/3d/engine/editor/assets/default_renderpipeline/builtin-pipeline-settings.ts.
23:02:16.185 debug: Resolve file:///C:/ProgramData/cocos/editors/Creator/3.8.7/resources/resources/3d/engine/editor/assets/default_renderpipeline/builtin-pipeline-types.ts from cce:/internal/x/prerequisite-imports as file:///C:/ProgramData/cocos/editors/Creator/3.8.7/resources/resources/3d/engine/editor/assets/default_renderpipeline/builtin-pipeline-types.ts.
23:02:16.186 debug: Resolve file:///C:/ProgramData/cocos/editors/Creator/3.8.7/resources/resources/3d/engine/editor/assets/default_renderpipeline/builtin-pipeline.ts from cce:/internal/x/prerequisite-imports as file:///C:/ProgramData/cocos/editors/Creator/3.8.7/resources/resources/3d/engine/editor/assets/default_renderpipeline/builtin-pipeline.ts.
23:02:16.187 debug: Resolve file:///C:/ProgramData/cocos/editors/Creator/3.8.7/resources/resources/3d/engine/editor/assets/tools/debug-view-runtime-control.ts from cce:/internal/x/prerequisite-imports as file:///C:/ProgramData/cocos/editors/Creator/3.8.7/resources/resources/3d/engine/editor/assets/tools/debug-view-runtime-control.ts.
23:02:16.188 debug: Resolve file:///C:/Users/Admin/Desktop/coco/PipeRescue/assets/scripts/GameController.ts from cce:/internal/x/prerequisite-imports as file:///C:/Users/Admin/Desktop/coco/PipeRescue/assets/scripts/GameController.ts.
23:02:16.189 debug: Resolve file:///C:/Users/Admin/Desktop/coco/PipeRescue/assets/scripts/PathSolver.ts from cce:/internal/x/prerequisite-imports as file:///C:/Users/Admin/Desktop/coco/PipeRescue/assets/scripts/PathSolver.ts.
23:02:16.190 debug: Resolve file:///C:/Users/Admin/Desktop/coco/PipeRescue/assets/scripts/PipeTypes.ts from cce:/internal/x/prerequisite-imports as file:///C:/Users/Admin/Desktop/coco/PipeRescue/assets/scripts/PipeTypes.ts.
23:02:16.190 debug: Detected change: file:///C:/Users/Admin/Desktop/coco/PipeRescue/assets/scripts/PipeTypes.ts. Last mtime: Sun Jun 07 2026 23:01:39 GMT+0530 (India Standard Time)@12e96a41-68e8-49c5-8846-fade2d80cb39, Current mtime: Sun Jun 07 2026 23:02:09 GMT+0530 (India Standard Time)@12e96a41-68e8-49c5-8846-fade2d80cb39
23:02:16.190 debug: Inspect file:///C:/Users/Admin/Desktop/coco/PipeRescue/assets/scripts/PipeTypes.ts
23:02:16.272 debug: transform url: 'file:///C:/Users/Admin/Desktop/coco/PipeRescue/assets/scripts/PipeTypes.ts' costs: 81.60 ms
23:02:16.276 debug: Resolve file:///C:/Users/Admin/Desktop/coco/PipeRescue/assets/scripts/TileNode.ts from cce:/internal/x/prerequisite-imports as file:///C:/Users/Admin/Desktop/coco/PipeRescue/assets/scripts/TileNode.ts.
23:02:16.278 debug: Resolve cc from file:///C:/Users/Admin/Desktop/coco/PipeRescue/assets/scripts/PipeTypes.ts as cce:/internal/x/cc.
23:02:16.305 debug: Target(preview) ends with cost 173.0815000012517ms.
23:10:49.307 debug: Dispatch build request for time accumulated 1 asset changes.
23:10:49.327 debug: Build iteration starts.
Number of accumulated asset changes: 1
Feature changed: false
23:10:49.329 debug: Target(editor) build started.
23:10:49.341 debug: Detected change: cce:/internal/x/prerequisite-imports. Last mtime: Thu Jan 01 1970 09:00:09 GMT+0530 (India Standard Time), Current mtime: Thu Jan 01 1970 09:08:43 GMT+0530 (India Standard Time)
23:10:49.341 debug: Inspect cce:/internal/x/prerequisite-imports
23:10:49.389 debug: transform url: 'cce:/internal/x/prerequisite-imports' costs: 47.70 ms
23:10:49.394 debug: Resolve file:///C:/ProgramData/cocos/editors/Creator/3.8.7/resources/resources/3d/engine/editor/assets/default_renderpipeline/builtin-dof-pass.ts from cce:/internal/x/prerequisite-imports as file:///C:/ProgramData/cocos/editors/Creator/3.8.7/resources/resources/3d/engine/editor/assets/default_renderpipeline/builtin-dof-pass.ts.
23:10:49.395 debug: Resolve file:///C:/ProgramData/cocos/editors/Creator/3.8.7/resources/resources/3d/engine/editor/assets/default_renderpipeline/builtin-pipeline-pass.ts from cce:/internal/x/prerequisite-imports as file:///C:/ProgramData/cocos/editors/Creator/3.8.7/resources/resources/3d/engine/editor/assets/default_renderpipeline/builtin-pipeline-pass.ts.
23:10:49.396 debug: Resolve file:///C:/ProgramData/cocos/editors/Creator/3.8.7/resources/resources/3d/engine/editor/assets/default_renderpipeline/builtin-pipeline-settings.ts from cce:/internal/x/prerequisite-imports as file:///C:/ProgramData/cocos/editors/Creator/3.8.7/resources/resources/3d/engine/editor/assets/default_renderpipeline/builtin-pipeline-settings.ts.
23:10:49.397 debug: Resolve file:///C:/ProgramData/cocos/editors/Creator/3.8.7/resources/resources/3d/engine/editor/assets/default_renderpipeline/builtin-pipeline-types.ts from cce:/internal/x/prerequisite-imports as file:///C:/ProgramData/cocos/editors/Creator/3.8.7/resources/resources/3d/engine/editor/assets/default_renderpipeline/builtin-pipeline-types.ts.
23:10:49.398 debug: Resolve file:///C:/ProgramData/cocos/editors/Creator/3.8.7/resources/resources/3d/engine/editor/assets/default_renderpipeline/builtin-pipeline.ts from cce:/internal/x/prerequisite-imports as file:///C:/ProgramData/cocos/editors/Creator/3.8.7/resources/resources/3d/engine/editor/assets/default_renderpipeline/builtin-pipeline.ts.
23:10:49.399 debug: Resolve file:///C:/ProgramData/cocos/editors/Creator/3.8.7/resources/resources/3d/engine/editor/assets/tools/debug-view-runtime-control.ts from cce:/internal/x/prerequisite-imports as file:///C:/ProgramData/cocos/editors/Creator/3.8.7/resources/resources/3d/engine/editor/assets/tools/debug-view-runtime-control.ts.
23:10:49.401 debug: Resolve file:///C:/Users/Admin/Desktop/coco/PipeRescue/assets/scripts/GameController.ts from cce:/internal/x/prerequisite-imports as file:///C:/Users/Admin/Desktop/coco/PipeRescue/assets/scripts/GameController.ts.
23:10:49.401 debug: Detected change: file:///C:/Users/Admin/Desktop/coco/PipeRescue/assets/scripts/GameController.ts. Last mtime: Sun Jun 07 2026 22:58:45 GMT+0530 (India Standard Time)@9a9c60fd-dcf6-41cd-836f-c29f0ad0170c, Current mtime: Sun Jun 07 2026 23:05:19 GMT+0530 (India Standard Time)@9a9c60fd-dcf6-41cd-836f-c29f0ad0170c
23:10:49.401 debug: Inspect file:///C:/Users/Admin/Desktop/coco/PipeRescue/assets/scripts/GameController.ts
23:10:49.715 debug: transform url: 'file:///C:/Users/Admin/Desktop/coco/PipeRescue/assets/scripts/GameController.ts' costs: 314.10 ms
23:10:49.719 debug: Resolve file:///C:/Users/Admin/Desktop/coco/PipeRescue/assets/scripts/PathSolver.ts from cce:/internal/x/prerequisite-imports as file:///C:/Users/Admin/Desktop/coco/PipeRescue/assets/scripts/PathSolver.ts.
23:10:49.719 debug: Resolve file:///C:/Users/Admin/Desktop/coco/PipeRescue/assets/scripts/PipeTypes.ts from cce:/internal/x/prerequisite-imports as file:///C:/Users/Admin/Desktop/coco/PipeRescue/assets/scripts/PipeTypes.ts.
23:10:49.720 debug: Resolve file:///C:/Users/Admin/Desktop/coco/PipeRescue/assets/scripts/TileNode.ts from cce:/internal/x/prerequisite-imports as file:///C:/Users/Admin/Desktop/coco/PipeRescue/assets/scripts/TileNode.ts.
23:10:49.722 debug: Resolve cce:/internal/code-quality/cr.mjs from file:///C:/Users/Admin/Desktop/coco/PipeRescue/assets/scripts/GameController.ts as cce:/internal/code-quality/cr.mjs.
23:10:49.723 debug: Resolve cc from file:///C:/Users/Admin/Desktop/coco/PipeRescue/assets/scripts/GameController.ts as cce:/internal/x/cc.
23:10:49.723 debug: Resolve cc from file:///C:/Users/Admin/Desktop/coco/PipeRescue/assets/scripts/GameController.ts as cce:/internal/x/cc.
23:10:49.723 debug: Resolve cc from file:///C:/Users/Admin/Desktop/coco/PipeRescue/assets/scripts/GameController.ts as cce:/internal/x/cc.
23:10:49.726 debug: Resolve ./PipeTypes from file:///C:/Users/Admin/Desktop/coco/PipeRescue/assets/scripts/GameController.ts as file:///C:/Users/Admin/Desktop/coco/PipeRescue/assets/scripts/PipeTypes.ts.
23:10:49.727 debug: Resolve ./TileNode from file:///C:/Users/Admin/Desktop/coco/PipeRescue/assets/scripts/GameController.ts as file:///C:/Users/Admin/Desktop/coco/PipeRescue/assets/scripts/TileNode.ts.
23:10:49.728 debug: Resolve ./PathSolver from file:///C:/Users/Admin/Desktop/coco/PipeRescue/assets/scripts/GameController.ts as file:///C:/Users/Admin/Desktop/coco/PipeRescue/assets/scripts/PathSolver.ts.
23:10:49.752 debug: Target(editor) ends with cost 422.87199999950826ms.
23:10:49.753 debug: Target(preview) build started.
23:10:49.758 debug: Detected change: cce:/internal/x/prerequisite-imports. Last mtime: Thu Jan 01 1970 09:00:09 GMT+0530 (India Standard Time), Current mtime: Thu Jan 01 1970 09:08:43 GMT+0530 (India Standard Time)
23:10:49.758 debug: Inspect cce:/internal/x/prerequisite-imports
23:10:49.779 debug: transform url: 'cce:/internal/x/prerequisite-imports' costs: 20.80 ms
23:10:49.787 debug: Resolve file:///C:/ProgramData/cocos/editors/Creator/3.8.7/resources/resources/3d/engine/editor/assets/default_renderpipeline/builtin-dof-pass.ts from cce:/internal/x/prerequisite-imports as file:///C:/ProgramData/cocos/editors/Creator/3.8.7/resources/resources/3d/engine/editor/assets/default_renderpipeline/builtin-dof-pass.ts.
23:10:49.788 debug: Resolve file:///C:/ProgramData/cocos/editors/Creator/3.8.7/resources/resources/3d/engine/editor/assets/default_renderpipeline/builtin-pipeline-pass.ts from cce:/internal/x/prerequisite-imports as file:///C:/ProgramData/cocos/editors/Creator/3.8.7/resources/resources/3d/engine/editor/assets/default_renderpipeline/builtin-pipeline-pass.ts.
23:10:49.789 debug: Resolve file:///C:/ProgramData/cocos/editors/Creator/3.8.7/resources/resources/3d/engine/editor/assets/default_renderpipeline/builtin-pipeline-settings.ts from cce:/internal/x/prerequisite-imports as file:///C:/ProgramData/cocos/editors/Creator/3.8.7/resources/resources/3d/engine/editor/assets/default_renderpipeline/builtin-pipeline-settings.ts.
23:10:49.790 debug: Resolve file:///C:/ProgramData/cocos/editors/Creator/3.8.7/resources/resources/3d/engine/editor/assets/default_renderpipeline/builtin-pipeline-types.ts from cce:/internal/x/prerequisite-imports as file:///C:/ProgramData/cocos/editors/Creator/3.8.7/resources/resources/3d/engine/editor/assets/default_renderpipeline/builtin-pipeline-types.ts.
23:10:49.792 debug: Resolve file:///C:/ProgramData/cocos/editors/Creator/3.8.7/resources/resources/3d/engine/editor/assets/default_renderpipeline/builtin-pipeline.ts from cce:/internal/x/prerequisite-imports as file:///C:/ProgramData/cocos/editors/Creator/3.8.7/resources/resources/3d/engine/editor/assets/default_renderpipeline/builtin-pipeline.ts.
23:10:49.793 debug: Resolve file:///C:/ProgramData/cocos/editors/Creator/3.8.7/resources/resources/3d/engine/editor/assets/tools/debug-view-runtime-control.ts from cce:/internal/x/prerequisite-imports as file:///C:/ProgramData/cocos/editors/Creator/3.8.7/resources/resources/3d/engine/editor/assets/tools/debug-view-runtime-control.ts.
23:10:49.794 debug: Resolve file:///C:/Users/Admin/Desktop/coco/PipeRescue/assets/scripts/GameController.ts from cce:/internal/x/prerequisite-imports as file:///C:/Users/Admin/Desktop/coco/PipeRescue/assets/scripts/GameController.ts.
23:10:49.794 debug: Detected change: file:///C:/Users/Admin/Desktop/coco/PipeRescue/assets/scripts/GameController.ts. Last mtime: Sun Jun 07 2026 22:58:45 GMT+0530 (India Standard Time)@9a9c60fd-dcf6-41cd-836f-c29f0ad0170c, Current mtime: Sun Jun 07 2026 23:05:19 GMT+0530 (India Standard Time)@9a9c60fd-dcf6-41cd-836f-c29f0ad0170c
23:10:49.794 debug: Inspect file:///C:/Users/Admin/Desktop/coco/PipeRescue/assets/scripts/GameController.ts
23:10:50.025 debug: transform url: 'file:///C:/Users/Admin/Desktop/coco/PipeRescue/assets/scripts/GameController.ts' costs: 230.60 ms
23:10:50.031 debug: Resolve file:///C:/Users/Admin/Desktop/coco/PipeRescue/assets/scripts/PathSolver.ts from cce:/internal/x/prerequisite-imports as file:///C:/Users/Admin/Desktop/coco/PipeRescue/assets/scripts/PathSolver.ts.
23:10:50.033 debug: Resolve file:///C:/Users/Admin/Desktop/coco/PipeRescue/assets/scripts/PipeTypes.ts from cce:/internal/x/prerequisite-imports as file:///C:/Users/Admin/Desktop/coco/PipeRescue/assets/scripts/PipeTypes.ts.
23:10:50.034 debug: Resolve file:///C:/Users/Admin/Desktop/coco/PipeRescue/assets/scripts/TileNode.ts from cce:/internal/x/prerequisite-imports as file:///C:/Users/Admin/Desktop/coco/PipeRescue/assets/scripts/TileNode.ts.
23:10:50.036 debug: Resolve cce:/internal/code-quality/cr.mjs from file:///C:/Users/Admin/Desktop/coco/PipeRescue/assets/scripts/GameController.ts as cce:/internal/code-quality/cr.mjs.
23:10:50.036 debug: Resolve cc from file:///C:/Users/Admin/Desktop/coco/PipeRescue/assets/scripts/GameController.ts as cce:/internal/x/cc.
23:10:50.036 debug: Resolve cc from file:///C:/Users/Admin/Desktop/coco/PipeRescue/assets/scripts/GameController.ts as cce:/internal/x/cc.
23:10:50.036 debug: Resolve cc from file:///C:/Users/Admin/Desktop/coco/PipeRescue/assets/scripts/GameController.ts as cce:/internal/x/cc.
23:10:50.037 debug: Resolve ./PipeTypes from file:///C:/Users/Admin/Desktop/coco/PipeRescue/assets/scripts/GameController.ts as file:///C:/Users/Admin/Desktop/coco/PipeRescue/assets/scripts/PipeTypes.ts.
23:10:50.038 debug: Resolve ./TileNode from file:///C:/Users/Admin/Desktop/coco/PipeRescue/assets/scripts/GameController.ts as file:///C:/Users/Admin/Desktop/coco/PipeRescue/assets/scripts/TileNode.ts.
23:10:50.039 debug: Resolve ./PathSolver from file:///C:/Users/Admin/Desktop/coco/PipeRescue/assets/scripts/GameController.ts as file:///C:/Users/Admin/Desktop/coco/PipeRescue/assets/scripts/PathSolver.ts.
23:10:50.111 debug: Target(preview) ends with cost 357.5372999999672ms.
23:13:36.933 debug: Dispatch build request for time accumulated 1 asset changes.
23:13:36.936 debug: Build iteration starts.
Number of accumulated asset changes: 1
Feature changed: false
23:13:36.937 debug: Target(editor) build started.
23:13:36.941 debug: Detected change: cce:/internal/x/prerequisite-imports. Last mtime: Thu Jan 01 1970 09:08:43 GMT+0530 (India Standard Time), Current mtime: Thu Jan 01 1970 09:11:30 GMT+0530 (India Standard Time)
23:13:36.941 debug: Inspect cce:/internal/x/prerequisite-imports
23:13:36.964 debug: transform url: 'cce:/internal/x/prerequisite-imports' costs: 22.80 ms
23:13:36.967 debug: Resolve file:///C:/ProgramData/cocos/editors/Creator/3.8.7/resources/resources/3d/engine/editor/assets/default_renderpipeline/builtin-dof-pass.ts from cce:/internal/x/prerequisite-imports as file:///C:/ProgramData/cocos/editors/Creator/3.8.7/resources/resources/3d/engine/editor/assets/default_renderpipeline/builtin-dof-pass.ts.
23:13:36.968 debug: Resolve file:///C:/ProgramData/cocos/editors/Creator/3.8.7/resources/resources/3d/engine/editor/assets/default_renderpipeline/builtin-pipeline-pass.ts from cce:/internal/x/prerequisite-imports as file:///C:/ProgramData/cocos/editors/Creator/3.8.7/resources/resources/3d/engine/editor/assets/default_renderpipeline/builtin-pipeline-pass.ts.
23:13:36.968 debug: Resolve file:///C:/ProgramData/cocos/editors/Creator/3.8.7/resources/resources/3d/engine/editor/assets/default_renderpipeline/builtin-pipeline-settings.ts from cce:/internal/x/prerequisite-imports as file:///C:/ProgramData/cocos/editors/Creator/3.8.7/resources/resources/3d/engine/editor/assets/default_renderpipeline/builtin-pipeline-settings.ts.
23:13:36.969 debug: Resolve file:///C:/ProgramData/cocos/editors/Creator/3.8.7/resources/resources/3d/engine/editor/assets/default_renderpipeline/builtin-pipeline-types.ts from cce:/internal/x/prerequisite-imports as file:///C:/ProgramData/cocos/editors/Creator/3.8.7/resources/resources/3d/engine/editor/assets/default_renderpipeline/builtin-pipeline-types.ts.
23:13:36.970 debug: Resolve file:///C:/ProgramData/cocos/editors/Creator/3.8.7/resources/resources/3d/engine/editor/assets/default_renderpipeline/builtin-pipeline.ts from cce:/internal/x/prerequisite-imports as file:///C:/ProgramData/cocos/editors/Creator/3.8.7/resources/resources/3d/engine/editor/assets/default_renderpipeline/builtin-pipeline.ts.
23:13:36.970 debug: Resolve file:///C:/ProgramData/cocos/editors/Creator/3.8.7/resources/resources/3d/engine/editor/assets/tools/debug-view-runtime-control.ts from cce:/internal/x/prerequisite-imports as file:///C:/ProgramData/cocos/editors/Creator/3.8.7/resources/resources/3d/engine/editor/assets/tools/debug-view-runtime-control.ts.
23:13:36.971 debug: Resolve file:///C:/Users/Admin/Desktop/coco/PipeRescue/assets/scripts/GameController.ts from cce:/internal/x/prerequisite-imports as file:///C:/Users/Admin/Desktop/coco/PipeRescue/assets/scripts/GameController.ts.
23:13:36.971 debug: Resolve file:///C:/Users/Admin/Desktop/coco/PipeRescue/assets/scripts/PathSolver.ts from cce:/internal/x/prerequisite-imports as file:///C:/Users/Admin/Desktop/coco/PipeRescue/assets/scripts/PathSolver.ts.
23:13:36.972 debug: Resolve file:///C:/Users/Admin/Desktop/coco/PipeRescue/assets/scripts/PipeTypes.ts from cce:/internal/x/prerequisite-imports as file:///C:/Users/Admin/Desktop/coco/PipeRescue/assets/scripts/PipeTypes.ts.
23:13:36.973 debug: Resolve file:///C:/Users/Admin/Desktop/coco/PipeRescue/assets/scripts/TileNode.ts from cce:/internal/x/prerequisite-imports as file:///C:/Users/Admin/Desktop/coco/PipeRescue/assets/scripts/TileNode.ts.
23:13:36.973 debug: Detected change: file:///C:/Users/Admin/Desktop/coco/PipeRescue/assets/scripts/TileNode.ts. Last mtime: Sun Jun 07 2026 23:00:07 GMT+0530 (India Standard Time)@e29a5f02-c030-48b5-b372-9890571d5669, Current mtime: Sun Jun 07 2026 23:13:33 GMT+0530 (India Standard Time)@e29a5f02-c030-48b5-b372-9890571d5669
23:13:36.975 debug: Inspect file:///C:/Users/Admin/Desktop/coco/PipeRescue/assets/scripts/TileNode.ts
23:13:37.094 debug: transform url: 'file:///C:/Users/Admin/Desktop/coco/PipeRescue/assets/scripts/TileNode.ts' costs: 117.30 ms
23:13:37.099 debug: Resolve cce:/internal/code-quality/cr.mjs from file:///C:/Users/Admin/Desktop/coco/PipeRescue/assets/scripts/TileNode.ts as cce:/internal/code-quality/cr.mjs.
23:13:37.099 debug: Resolve cc from file:///C:/Users/Admin/Desktop/coco/PipeRescue/assets/scripts/TileNode.ts as cce:/internal/x/cc.
23:13:37.099 debug: Resolve cc from file:///C:/Users/Admin/Desktop/coco/PipeRescue/assets/scripts/TileNode.ts as cce:/internal/x/cc.
23:13:37.099 debug: Resolve cc from file:///C:/Users/Admin/Desktop/coco/PipeRescue/assets/scripts/TileNode.ts as cce:/internal/x/cc.
23:13:37.100 debug: Resolve ./PipeTypes from file:///C:/Users/Admin/Desktop/coco/PipeRescue/assets/scripts/TileNode.ts as file:///C:/Users/Admin/Desktop/coco/PipeRescue/assets/scripts/PipeTypes.ts.
23:13:37.127 debug: Target(editor) ends with cost 189.84679999947548ms.
23:13:37.127 debug: Target(preview) build started.
23:13:37.132 debug: Detected change: cce:/internal/x/prerequisite-imports. Last mtime: Thu Jan 01 1970 09:08:43 GMT+0530 (India Standard Time), Current mtime: Thu Jan 01 1970 09:11:30 GMT+0530 (India Standard Time)
23:13:37.132 debug: Inspect cce:/internal/x/prerequisite-imports
23:13:37.149 debug: transform url: 'cce:/internal/x/prerequisite-imports' costs: 17.40 ms
23:13:37.153 debug: Resolve file:///C:/ProgramData/cocos/editors/Creator/3.8.7/resources/resources/3d/engine/editor/assets/default_renderpipeline/builtin-dof-pass.ts from cce:/internal/x/prerequisite-imports as file:///C:/ProgramData/cocos/editors/Creator/3.8.7/resources/resources/3d/engine/editor/assets/default_renderpipeline/builtin-dof-pass.ts.
23:13:37.154 debug: Resolve file:///C:/ProgramData/cocos/editors/Creator/3.8.7/resources/resources/3d/engine/editor/assets/default_renderpipeline/builtin-pipeline-pass.ts from cce:/internal/x/prerequisite-imports as file:///C:/ProgramData/cocos/editors/Creator/3.8.7/resources/resources/3d/engine/editor/assets/default_renderpipeline/builtin-pipeline-pass.ts.
23:13:37.156 debug: Resolve file:///C:/ProgramData/cocos/editors/Creator/3.8.7/resources/resources/3d/engine/editor/assets/default_renderpipeline/builtin-pipeline-settings.ts from cce:/internal/x/prerequisite-imports as file:///C:/ProgramData/cocos/editors/Creator/3.8.7/resources/resources/3d/engine/editor/assets/default_renderpipeline/builtin-pipeline-settings.ts.
23:13:37.157 debug: Resolve file:///C:/ProgramData/cocos/editors/Creator/3.8.7/resources/resources/3d/engine/editor/assets/default_renderpipeline/builtin-pipeline-types.ts from cce:/internal/x/prerequisite-imports as file:///C:/ProgramData/cocos/editors/Creator/3.8.7/resources/resources/3d/engine/editor/assets/default_renderpipeline/builtin-pipeline-types.ts.
23:13:37.158 debug: Resolve file:///C:/ProgramData/cocos/editors/Creator/3.8.7/resources/resources/3d/engine/editor/assets/default_renderpipeline/builtin-pipeline.ts from cce:/internal/x/prerequisite-imports as file:///C:/ProgramData/cocos/editors/Creator/3.8.7/resources/resources/3d/engine/editor/assets/default_renderpipeline/builtin-pipeline.ts.
23:13:37.160 debug: Resolve file:///C:/ProgramData/cocos/editors/Creator/3.8.7/resources/resources/3d/engine/editor/assets/tools/debug-view-runtime-control.ts from cce:/internal/x/prerequisite-imports as file:///C:/ProgramData/cocos/editors/Creator/3.8.7/resources/resources/3d/engine/editor/assets/tools/debug-view-runtime-control.ts.
23:13:37.161 debug: Resolve file:///C:/Users/Admin/Desktop/coco/PipeRescue/assets/scripts/GameController.ts from cce:/internal/x/prerequisite-imports as file:///C:/Users/Admin/Desktop/coco/PipeRescue/assets/scripts/GameController.ts.
23:13:37.162 debug: Resolve file:///C:/Users/Admin/Desktop/coco/PipeRescue/assets/scripts/PathSolver.ts from cce:/internal/x/prerequisite-imports as file:///C:/Users/Admin/Desktop/coco/PipeRescue/assets/scripts/PathSolver.ts.
23:13:37.163 debug: Resolve file:///C:/Users/Admin/Desktop/coco/PipeRescue/assets/scripts/PipeTypes.ts from cce:/internal/x/prerequisite-imports as file:///C:/Users/Admin/Desktop/coco/PipeRescue/assets/scripts/PipeTypes.ts.
23:13:37.163 debug: Resolve file:///C:/Users/Admin/Desktop/coco/PipeRescue/assets/scripts/TileNode.ts from cce:/internal/x/prerequisite-imports as file:///C:/Users/Admin/Desktop/coco/PipeRescue/assets/scripts/TileNode.ts.
23:13:37.164 debug: Detected change: file:///C:/Users/Admin/Desktop/coco/PipeRescue/assets/scripts/TileNode.ts. Last mtime: Sun Jun 07 2026 23:00:07 GMT+0530 (India Standard Time)@e29a5f02-c030-48b5-b372-9890571d5669, Current mtime: Sun Jun 07 2026 23:13:33 GMT+0530 (India Standard Time)@e29a5f02-c030-48b5-b372-9890571d5669
23:13:37.164 debug: Inspect file:///C:/Users/Admin/Desktop/coco/PipeRescue/assets/scripts/TileNode.ts
23:13:37.246 debug: transform url: 'file:///C:/Users/Admin/Desktop/coco/PipeRescue/assets/scripts/TileNode.ts' costs: 82.50 ms
23:13:37.252 debug: Resolve cce:/internal/code-quality/cr.mjs from file:///C:/Users/Admin/Desktop/coco/PipeRescue/assets/scripts/TileNode.ts as cce:/internal/code-quality/cr.mjs.
23:13:37.252 debug: Resolve cc from file:///C:/Users/Admin/Desktop/coco/PipeRescue/assets/scripts/TileNode.ts as cce:/internal/x/cc.
23:13:37.252 debug: Resolve cc from file:///C:/Users/Admin/Desktop/coco/PipeRescue/assets/scripts/TileNode.ts as cce:/internal/x/cc.
23:13:37.252 debug: Resolve cc from file:///C:/Users/Admin/Desktop/coco/PipeRescue/assets/scripts/TileNode.ts as cce:/internal/x/cc.
23:13:37.254 debug: Resolve ./PipeTypes from file:///C:/Users/Admin/Desktop/coco/PipeRescue/assets/scripts/TileNode.ts as file:///C:/Users/Admin/Desktop/coco/PipeRescue/assets/scripts/PipeTypes.ts.
23:13:37.289 debug: Target(preview) ends with cost 161.73890000022948ms.
23:14:42.260 debug: Dispatch build request for time accumulated 1 asset changes.
23:14:42.262 debug: Build iteration starts.
Number of accumulated asset changes: 1
Feature changed: false
23:14:42.262 debug: Target(editor) build started.
23:14:42.265 debug: Detected change: cce:/internal/x/prerequisite-imports. Last mtime: Thu Jan 01 1970 09:11:30 GMT+0530 (India Standard Time), Current mtime: Thu Jan 01 1970 09:12:36 GMT+0530 (India Standard Time)
23:14:42.266 debug: Inspect cce:/internal/x/prerequisite-imports
23:14:42.276 debug: transform url: 'cce:/internal/x/prerequisite-imports' costs: 10.80 ms
23:14:42.279 debug: Resolve file:///C:/ProgramData/cocos/editors/Creator/3.8.7/resources/resources/3d/engine/editor/assets/default_renderpipeline/builtin-dof-pass.ts from cce:/internal/x/prerequisite-imports as file:///C:/ProgramData/cocos/editors/Creator/3.8.7/resources/resources/3d/engine/editor/assets/default_renderpipeline/builtin-dof-pass.ts.
23:14:42.280 debug: Resolve file:///C:/ProgramData/cocos/editors/Creator/3.8.7/resources/resources/3d/engine/editor/assets/default_renderpipeline/builtin-pipeline-pass.ts from cce:/internal/x/prerequisite-imports as file:///C:/ProgramData/cocos/editors/Creator/3.8.7/resources/resources/3d/engine/editor/assets/default_renderpipeline/builtin-pipeline-pass.ts.
23:14:42.281 debug: Resolve file:///C:/ProgramData/cocos/editors/Creator/3.8.7/resources/resources/3d/engine/editor/assets/default_renderpipeline/builtin-pipeline-settings.ts from cce:/internal/x/prerequisite-imports as file:///C:/ProgramData/cocos/editors/Creator/3.8.7/resources/resources/3d/engine/editor/assets/default_renderpipeline/builtin-pipeline-settings.ts.
23:14:42.284 debug: Resolve file:///C:/ProgramData/cocos/editors/Creator/3.8.7/resources/resources/3d/engine/editor/assets/default_renderpipeline/builtin-pipeline-types.ts from cce:/internal/x/prerequisite-imports as file:///C:/ProgramData/cocos/editors/Creator/3.8.7/resources/resources/3d/engine/editor/assets/default_renderpipeline/builtin-pipeline-types.ts.
23:14:42.286 debug: Resolve file:///C:/ProgramData/cocos/editors/Creator/3.8.7/resources/resources/3d/engine/editor/assets/default_renderpipeline/builtin-pipeline.ts from cce:/internal/x/prerequisite-imports as file:///C:/ProgramData/cocos/editors/Creator/3.8.7/resources/resources/3d/engine/editor/assets/default_renderpipeline/builtin-pipeline.ts.
23:14:42.286 debug: Resolve file:///C:/ProgramData/cocos/editors/Creator/3.8.7/resources/resources/3d/engine/editor/assets/tools/debug-view-runtime-control.ts from cce:/internal/x/prerequisite-imports as file:///C:/ProgramData/cocos/editors/Creator/3.8.7/resources/resources/3d/engine/editor/assets/tools/debug-view-runtime-control.ts.
23:14:42.288 debug: Resolve file:///C:/Users/Admin/Desktop/coco/PipeRescue/assets/scripts/GameController.ts from cce:/internal/x/prerequisite-imports as file:///C:/Users/Admin/Desktop/coco/PipeRescue/assets/scripts/GameController.ts.
23:14:42.289 debug: Resolve file:///C:/Users/Admin/Desktop/coco/PipeRescue/assets/scripts/PathSolver.ts from cce:/internal/x/prerequisite-imports as file:///C:/Users/Admin/Desktop/coco/PipeRescue/assets/scripts/PathSolver.ts.
23:14:42.290 debug: Resolve file:///C:/Users/Admin/Desktop/coco/PipeRescue/assets/scripts/PipeTypes.ts from cce:/internal/x/prerequisite-imports as file:///C:/Users/Admin/Desktop/coco/PipeRescue/assets/scripts/PipeTypes.ts.
23:14:42.290 debug: Resolve file:///C:/Users/Admin/Desktop/coco/PipeRescue/assets/scripts/TileNode.ts from cce:/internal/x/prerequisite-imports as file:///C:/Users/Admin/Desktop/coco/PipeRescue/assets/scripts/TileNode.ts.
23:14:42.290 debug: Detected change: file:///C:/Users/Admin/Desktop/coco/PipeRescue/assets/scripts/TileNode.ts. Last mtime: Sun Jun 07 2026 23:13:33 GMT+0530 (India Standard Time)@e29a5f02-c030-48b5-b372-9890571d5669, Current mtime: Sun Jun 07 2026 23:14:40 GMT+0530 (India Standard Time)@e29a5f02-c030-48b5-b372-9890571d5669
23:14:42.290 debug: Inspect file:///C:/Users/Admin/Desktop/coco/PipeRescue/assets/scripts/TileNode.ts
23:14:42.377 debug: transform url: 'file:///C:/Users/Admin/Desktop/coco/PipeRescue/assets/scripts/TileNode.ts' costs: 87.10 ms
23:14:42.380 debug: Resolve cce:/internal/code-quality/cr.mjs from file:///C:/Users/Admin/Desktop/coco/PipeRescue/assets/scripts/TileNode.ts as cce:/internal/code-quality/cr.mjs.
23:14:42.381 debug: Resolve cc from file:///C:/Users/Admin/Desktop/coco/PipeRescue/assets/scripts/TileNode.ts as cce:/internal/x/cc.
23:14:42.381 debug: Resolve cc from file:///C:/Users/Admin/Desktop/coco/PipeRescue/assets/scripts/TileNode.ts as cce:/internal/x/cc.
23:14:42.381 debug: Resolve cc from file:///C:/Users/Admin/Desktop/coco/PipeRescue/assets/scripts/TileNode.ts as cce:/internal/x/cc.
23:14:42.382 debug: Resolve ./PipeTypes from file:///C:/Users/Admin/Desktop/coco/PipeRescue/assets/scripts/TileNode.ts as file:///C:/Users/Admin/Desktop/coco/PipeRescue/assets/scripts/PipeTypes.ts.
23:14:42.414 debug: Target(editor) ends with cost 151.61180000007153ms.
23:14:42.414 debug: Target(preview) build started.
23:14:42.422 debug: Detected change: cce:/internal/x/prerequisite-imports. Last mtime: Thu Jan 01 1970 09:11:30 GMT+0530 (India Standard Time), Current mtime: Thu Jan 01 1970 09:12:36 GMT+0530 (India Standard Time)
23:14:42.422 debug: Inspect cce:/internal/x/prerequisite-imports
23:14:42.443 debug: transform url: 'cce:/internal/x/prerequisite-imports' costs: 21.10 ms
23:14:42.445 debug: Resolve file:///C:/ProgramData/cocos/editors/Creator/3.8.7/resources/resources/3d/engine/editor/assets/default_renderpipeline/builtin-dof-pass.ts from cce:/internal/x/prerequisite-imports as file:///C:/ProgramData/cocos/editors/Creator/3.8.7/resources/resources/3d/engine/editor/assets/default_renderpipeline/builtin-dof-pass.ts.
23:14:42.446 debug: Resolve file:///C:/ProgramData/cocos/editors/Creator/3.8.7/resources/resources/3d/engine/editor/assets/default_renderpipeline/builtin-pipeline-pass.ts from cce:/internal/x/prerequisite-imports as file:///C:/ProgramData/cocos/editors/Creator/3.8.7/resources/resources/3d/engine/editor/assets/default_renderpipeline/builtin-pipeline-pass.ts.
23:14:42.447 debug: Resolve file:///C:/ProgramData/cocos/editors/Creator/3.8.7/resources/resources/3d/engine/editor/assets/default_renderpipeline/builtin-pipeline-settings.ts from cce:/internal/x/prerequisite-imports as file:///C:/ProgramData/cocos/editors/Creator/3.8.7/resources/resources/3d/engine/editor/assets/default_renderpipeline/builtin-pipeline-settings.ts.
23:14:42.449 debug: Resolve file:///C:/ProgramData/cocos/editors/Creator/3.8.7/resources/resources/3d/engine/editor/assets/default_renderpipeline/builtin-pipeline-types.ts from cce:/internal/x/prerequisite-imports as file:///C:/ProgramData/cocos/editors/Creator/3.8.7/resources/resources/3d/engine/editor/assets/default_renderpipeline/builtin-pipeline-types.ts.
23:14:42.450 debug: Resolve file:///C:/ProgramData/cocos/editors/Creator/3.8.7/resources/resources/3d/engine/editor/assets/default_renderpipeline/builtin-pipeline.ts from cce:/internal/x/prerequisite-imports as file:///C:/ProgramData/cocos/editors/Creator/3.8.7/resources/resources/3d/engine/editor/assets/default_renderpipeline/builtin-pipeline.ts.
23:14:42.450 debug: Resolve file:///C:/ProgramData/cocos/editors/Creator/3.8.7/resources/resources/3d/engine/editor/assets/tools/debug-view-runtime-control.ts from cce:/internal/x/prerequisite-imports as file:///C:/ProgramData/cocos/editors/Creator/3.8.7/resources/resources/3d/engine/editor/assets/tools/debug-view-runtime-control.ts.
23:14:42.451 debug: Resolve file:///C:/Users/Admin/Desktop/coco/PipeRescue/assets/scripts/GameController.ts from cce:/internal/x/prerequisite-imports as file:///C:/Users/Admin/Desktop/coco/PipeRescue/assets/scripts/GameController.ts.
23:14:42.452 debug: Resolve file:///C:/Users/Admin/Desktop/coco/PipeRescue/assets/scripts/PathSolver.ts from cce:/internal/x/prerequisite-imports as file:///C:/Users/Admin/Desktop/coco/PipeRescue/assets/scripts/PathSolver.ts.
23:14:42.453 debug: Resolve file:///C:/Users/Admin/Desktop/coco/PipeRescue/assets/scripts/PipeTypes.ts from cce:/internal/x/prerequisite-imports as file:///C:/Users/Admin/Desktop/coco/PipeRescue/assets/scripts/PipeTypes.ts.
23:14:42.454 debug: Resolve file:///C:/Users/Admin/Desktop/coco/PipeRescue/assets/scripts/TileNode.ts from cce:/internal/x/prerequisite-imports as file:///C:/Users/Admin/Desktop/coco/PipeRescue/assets/scripts/TileNode.ts.
23:14:42.454 debug: Detected change: file:///C:/Users/Admin/Desktop/coco/PipeRescue/assets/scripts/TileNode.ts. Last mtime: Sun Jun 07 2026 23:13:33 GMT+0530 (India Standard Time)@e29a5f02-c030-48b5-b372-9890571d5669, Current mtime: Sun Jun 07 2026 23:14:40 GMT+0530 (India Standard Time)@e29a5f02-c030-48b5-b372-9890571d5669
23:14:42.454 debug: Inspect file:///C:/Users/Admin/Desktop/coco/PipeRescue/assets/scripts/TileNode.ts
23:14:42.553 debug: transform url: 'file:///C:/Users/Admin/Desktop/coco/PipeRescue/assets/scripts/TileNode.ts' costs: 99.00 ms
23:14:42.557 debug: Resolve cce:/internal/code-quality/cr.mjs from file:///C:/Users/Admin/Desktop/coco/PipeRescue/assets/scripts/TileNode.ts as cce:/internal/code-quality/cr.mjs.
23:14:42.557 debug: Resolve cc from file:///C:/Users/Admin/Desktop/coco/PipeRescue/assets/scripts/TileNode.ts as cce:/internal/x/cc.
23:14:42.557 debug: Resolve cc from file:///C:/Users/Admin/Desktop/coco/PipeRescue/assets/scripts/TileNode.ts as cce:/internal/x/cc.
23:14:42.557 debug: Resolve cc from file:///C:/Users/Admin/Desktop/coco/PipeRescue/assets/scripts/TileNode.ts as cce:/internal/x/cc.
23:14:42.558 debug: Resolve ./PipeTypes from file:///C:/Users/Admin/Desktop/coco/PipeRescue/assets/scripts/TileNode.ts as file:///C:/Users/Admin/Desktop/coco/PipeRescue/assets/scripts/PipeTypes.ts.
23:14:42.582 debug: Target(preview) ends with cost 167.430799998343ms.
23:15:23.502 debug: Dispatch build request for time accumulated 1 asset changes.
23:15:23.505 debug: Build iteration starts.
Number of accumulated asset changes: 1
Feature changed: false
23:15:23.505 debug: Target(editor) build started.
23:15:23.508 debug: Detected change: cce:/internal/x/prerequisite-imports. Last mtime: Thu Jan 01 1970 09:12:36 GMT+0530 (India Standard Time), Current mtime: Thu Jan 01 1970 09:13:17 GMT+0530 (India Standard Time)
23:15:23.508 debug: Inspect cce:/internal/x/prerequisite-imports
23:15:23.523 debug: transform url: 'cce:/internal/x/prerequisite-imports' costs: 14.10 ms
23:15:23.526 debug: Resolve file:///C:/ProgramData/cocos/editors/Creator/3.8.7/resources/resources/3d/engine/editor/assets/default_renderpipeline/builtin-dof-pass.ts from cce:/internal/x/prerequisite-imports as file:///C:/ProgramData/cocos/editors/Creator/3.8.7/resources/resources/3d/engine/editor/assets/default_renderpipeline/builtin-dof-pass.ts.
23:15:23.527 debug: Resolve file:///C:/ProgramData/cocos/editors/Creator/3.8.7/resources/resources/3d/engine/editor/assets/default_renderpipeline/builtin-pipeline-pass.ts from cce:/internal/x/prerequisite-imports as file:///C:/ProgramData/cocos/editors/Creator/3.8.7/resources/resources/3d/engine/editor/assets/default_renderpipeline/builtin-pipeline-pass.ts.
23:15:23.528 debug: Resolve file:///C:/ProgramData/cocos/editors/Creator/3.8.7/resources/resources/3d/engine/editor/assets/default_renderpipeline/builtin-pipeline-settings.ts from cce:/internal/x/prerequisite-imports as file:///C:/ProgramData/cocos/editors/Creator/3.8.7/resources/resources/3d/engine/editor/assets/default_renderpipeline/builtin-pipeline-settings.ts.
23:15:23.528 debug: Resolve file:///C:/ProgramData/cocos/editors/Creator/3.8.7/resources/resources/3d/engine/editor/assets/default_renderpipeline/builtin-pipeline-types.ts from cce:/internal/x/prerequisite-imports as file:///C:/ProgramData/cocos/editors/Creator/3.8.7/resources/resources/3d/engine/editor/assets/default_renderpipeline/builtin-pipeline-types.ts.
23:15:23.529 debug: Resolve file:///C:/ProgramData/cocos/editors/Creator/3.8.7/resources/resources/3d/engine/editor/assets/default_renderpipeline/builtin-pipeline.ts from cce:/internal/x/prerequisite-imports as file:///C:/ProgramData/cocos/editors/Creator/3.8.7/resources/resources/3d/engine/editor/assets/default_renderpipeline/builtin-pipeline.ts.
23:15:23.530 debug: Resolve file:///C:/ProgramData/cocos/editors/Creator/3.8.7/resources/resources/3d/engine/editor/assets/tools/debug-view-runtime-control.ts from cce:/internal/x/prerequisite-imports as file:///C:/ProgramData/cocos/editors/Creator/3.8.7/resources/resources/3d/engine/editor/assets/tools/debug-view-runtime-control.ts.
23:15:23.531 debug: Resolve file:///C:/Users/Admin/Desktop/coco/PipeRescue/assets/scripts/GameController.ts from cce:/internal/x/prerequisite-imports as file:///C:/Users/Admin/Desktop/coco/PipeRescue/assets/scripts/GameController.ts.
23:15:23.531 debug: Resolve file:///C:/Users/Admin/Desktop/coco/PipeRescue/assets/scripts/PathSolver.ts from cce:/internal/x/prerequisite-imports as file:///C:/Users/Admin/Desktop/coco/PipeRescue/assets/scripts/PathSolver.ts.
23:15:23.533 debug: Resolve file:///C:/Users/Admin/Desktop/coco/PipeRescue/assets/scripts/PipeTypes.ts from cce:/internal/x/prerequisite-imports as file:///C:/Users/Admin/Desktop/coco/PipeRescue/assets/scripts/PipeTypes.ts.
23:15:23.534 debug: Detected change: file:///C:/Users/Admin/Desktop/coco/PipeRescue/assets/scripts/PipeTypes.ts. Last mtime: Sun Jun 07 2026 23:02:09 GMT+0530 (India Standard Time)@12e96a41-68e8-49c5-8846-fade2d80cb39, Current mtime: Sun Jun 07 2026 23:15:20 GMT+0530 (India Standard Time)@12e96a41-68e8-49c5-8846-fade2d80cb39
23:15:23.534 debug: Inspect file:///C:/Users/Admin/Desktop/coco/PipeRescue/assets/scripts/PipeTypes.ts
23:15:23.583 debug: transform url: 'file:///C:/Users/Admin/Desktop/coco/PipeRescue/assets/scripts/PipeTypes.ts' costs: 49.30 ms
23:15:23.586 debug: Resolve file:///C:/Users/Admin/Desktop/coco/PipeRescue/assets/scripts/TileNode.ts from cce:/internal/x/prerequisite-imports as file:///C:/Users/Admin/Desktop/coco/PipeRescue/assets/scripts/TileNode.ts.
23:15:23.588 debug: Resolve cc from file:///C:/Users/Admin/Desktop/coco/PipeRescue/assets/scripts/PipeTypes.ts as cce:/internal/x/cc.
23:15:23.616 debug: Target(editor) ends with cost 110.47389999963343ms.
23:15:23.616 debug: Target(preview) build started.
23:15:23.622 debug: Detected change: cce:/internal/x/prerequisite-imports. Last mtime: Thu Jan 01 1970 09:12:36 GMT+0530 (India Standard Time), Current mtime: Thu Jan 01 1970 09:13:17 GMT+0530 (India Standard Time)
23:15:23.622 debug: Inspect cce:/internal/x/prerequisite-imports
23:15:23.640 debug: transform url: 'cce:/internal/x/prerequisite-imports' costs: 18.40 ms
23:15:23.643 debug: Resolve file:///C:/ProgramData/cocos/editors/Creator/3.8.7/resources/resources/3d/engine/editor/assets/default_renderpipeline/builtin-dof-pass.ts from cce:/internal/x/prerequisite-imports as file:///C:/ProgramData/cocos/editors/Creator/3.8.7/resources/resources/3d/engine/editor/assets/default_renderpipeline/builtin-dof-pass.ts.
23:15:23.645 debug: Resolve file:///C:/ProgramData/cocos/editors/Creator/3.8.7/resources/resources/3d/engine/editor/assets/default_renderpipeline/builtin-pipeline-pass.ts from cce:/internal/x/prerequisite-imports as file:///C:/ProgramData/cocos/editors/Creator/3.8.7/resources/resources/3d/engine/editor/assets/default_renderpipeline/builtin-pipeline-pass.ts.
23:15:23.646 debug: Resolve file:///C:/ProgramData/cocos/editors/Creator/3.8.7/resources/resources/3d/engine/editor/assets/default_renderpipeline/builtin-pipeline-settings.ts from cce:/internal/x/prerequisite-imports as file:///C:/ProgramData/cocos/editors/Creator/3.8.7/resources/resources/3d/engine/editor/assets/default_renderpipeline/builtin-pipeline-settings.ts.
23:15:23.646 debug: Resolve file:///C:/ProgramData/cocos/editors/Creator/3.8.7/resources/resources/3d/engine/editor/assets/default_renderpipeline/builtin-pipeline-types.ts from cce:/internal/x/prerequisite-imports as file:///C:/ProgramData/cocos/editors/Creator/3.8.7/resources/resources/3d/engine/editor/assets/default_renderpipeline/builtin-pipeline-types.ts.
23:15:23.647 debug: Resolve file:///C:/ProgramData/cocos/editors/Creator/3.8.7/resources/resources/3d/engine/editor/assets/default_renderpipeline/builtin-pipeline.ts from cce:/internal/x/prerequisite-imports as file:///C:/ProgramData/cocos/editors/Creator/3.8.7/resources/resources/3d/engine/editor/assets/default_renderpipeline/builtin-pipeline.ts.
23:15:23.648 debug: Resolve file:///C:/ProgramData/cocos/editors/Creator/3.8.7/resources/resources/3d/engine/editor/assets/tools/debug-view-runtime-control.ts from cce:/internal/x/prerequisite-imports as file:///C:/ProgramData/cocos/editors/Creator/3.8.7/resources/resources/3d/engine/editor/assets/tools/debug-view-runtime-control.ts.
23:15:23.649 debug: Resolve file:///C:/Users/Admin/Desktop/coco/PipeRescue/assets/scripts/GameController.ts from cce:/internal/x/prerequisite-imports as file:///C:/Users/Admin/Desktop/coco/PipeRescue/assets/scripts/GameController.ts.
23:15:23.649 debug: Resolve file:///C:/Users/Admin/Desktop/coco/PipeRescue/assets/scripts/PathSolver.ts from cce:/internal/x/prerequisite-imports as file:///C:/Users/Admin/Desktop/coco/PipeRescue/assets/scripts/PathSolver.ts.
23:15:23.650 debug: Resolve file:///C:/Users/Admin/Desktop/coco/PipeRescue/assets/scripts/PipeTypes.ts from cce:/internal/x/prerequisite-imports as file:///C:/Users/Admin/Desktop/coco/PipeRescue/assets/scripts/PipeTypes.ts.
23:15:23.650 debug: Detected change: file:///C:/Users/Admin/Desktop/coco/PipeRescue/assets/scripts/PipeTypes.ts. Last mtime: Sun Jun 07 2026 23:02:09 GMT+0530 (India Standard Time)@12e96a41-68e8-49c5-8846-fade2d80cb39, Current mtime: Sun Jun 07 2026 23:15:20 GMT+0530 (India Standard Time)@12e96a41-68e8-49c5-8846-fade2d80cb39
23:15:23.650 debug: Inspect file:///C:/Users/Admin/Desktop/coco/PipeRescue/assets/scripts/PipeTypes.ts
23:15:23.851 debug: transform url: 'file:///C:/Users/Admin/Desktop/coco/PipeRescue/assets/scripts/PipeTypes.ts' costs: 200.50 ms
23:15:23.857 debug: Resolve file:///C:/Users/Admin/Desktop/coco/PipeRescue/assets/scripts/TileNode.ts from cce:/internal/x/prerequisite-imports as file:///C:/Users/Admin/Desktop/coco/PipeRescue/assets/scripts/TileNode.ts.
23:15:23.858 debug: Resolve cc from file:///C:/Users/Admin/Desktop/coco/PipeRescue/assets/scripts/PipeTypes.ts as cce:/internal/x/cc.
23:15:23.916 debug: Target(preview) ends with cost 299.6217000000179ms.
23:16:23.415 debug: Dispatch build request for time accumulated 2 asset changes.
23:16:23.418 debug: Build iteration starts.
Number of accumulated asset changes: 2
Feature changed: false
23:16:23.418 debug: Target(editor) build started.
23:16:23.421 debug: Detected change: cce:/internal/x/prerequisite-imports. Last mtime: Thu Jan 01 1970 09:13:17 GMT+0530 (India Standard Time), Current mtime: Thu Jan 01 1970 09:14:17 GMT+0530 (India Standard Time)
23:16:23.421 debug: Inspect cce:/internal/x/prerequisite-imports
23:16:23.441 debug: transform url: 'cce:/internal/x/prerequisite-imports' costs: 19.40 ms
23:16:23.444 debug: Resolve file:///C:/ProgramData/cocos/editors/Creator/3.8.7/resources/resources/3d/engine/editor/assets/default_renderpipeline/builtin-dof-pass.ts from cce:/internal/x/prerequisite-imports as file:///C:/ProgramData/cocos/editors/Creator/3.8.7/resources/resources/3d/engine/editor/assets/default_renderpipeline/builtin-dof-pass.ts.
23:16:23.447 debug: Resolve file:///C:/ProgramData/cocos/editors/Creator/3.8.7/resources/resources/3d/engine/editor/assets/default_renderpipeline/builtin-pipeline-pass.ts from cce:/internal/x/prerequisite-imports as file:///C:/ProgramData/cocos/editors/Creator/3.8.7/resources/resources/3d/engine/editor/assets/default_renderpipeline/builtin-pipeline-pass.ts.
23:16:23.448 debug: Resolve file:///C:/ProgramData/cocos/editors/Creator/3.8.7/resources/resources/3d/engine/editor/assets/default_renderpipeline/builtin-pipeline-settings.ts from cce:/internal/x/prerequisite-imports as file:///C:/ProgramData/cocos/editors/Creator/3.8.7/resources/resources/3d/engine/editor/assets/default_renderpipeline/builtin-pipeline-settings.ts.
23:16:23.449 debug: Resolve file:///C:/ProgramData/cocos/editors/Creator/3.8.7/resources/resources/3d/engine/editor/assets/default_renderpipeline/builtin-pipeline-types.ts from cce:/internal/x/prerequisite-imports as file:///C:/ProgramData/cocos/editors/Creator/3.8.7/resources/resources/3d/engine/editor/assets/default_renderpipeline/builtin-pipeline-types.ts.
23:16:23.450 debug: Resolve file:///C:/ProgramData/cocos/editors/Creator/3.8.7/resources/resources/3d/engine/editor/assets/default_renderpipeline/builtin-pipeline.ts from cce:/internal/x/prerequisite-imports as file:///C:/ProgramData/cocos/editors/Creator/3.8.7/resources/resources/3d/engine/editor/assets/default_renderpipeline/builtin-pipeline.ts.
23:16:23.452 debug: Resolve file:///C:/ProgramData/cocos/editors/Creator/3.8.7/resources/resources/3d/engine/editor/assets/tools/debug-view-runtime-control.ts from cce:/internal/x/prerequisite-imports as file:///C:/ProgramData/cocos/editors/Creator/3.8.7/resources/resources/3d/engine/editor/assets/tools/debug-view-runtime-control.ts.
23:16:23.453 debug: Resolve file:///C:/Users/Admin/Desktop/coco/PipeRescue/assets/scripts/GameController.ts from cce:/internal/x/prerequisite-imports as file:///C:/Users/Admin/Desktop/coco/PipeRescue/assets/scripts/GameController.ts.
23:16:23.453 debug: Resolve file:///C:/Users/Admin/Desktop/coco/PipeRescue/assets/scripts/PathSolver.ts from cce:/internal/x/prerequisite-imports as file:///C:/Users/Admin/Desktop/coco/PipeRescue/assets/scripts/PathSolver.ts.
23:16:23.454 debug: Resolve file:///C:/Users/Admin/Desktop/coco/PipeRescue/assets/scripts/PipeTypes.ts from cce:/internal/x/prerequisite-imports as file:///C:/Users/Admin/Desktop/coco/PipeRescue/assets/scripts/PipeTypes.ts.
23:16:23.454 debug: Detected change: file:///C:/Users/Admin/Desktop/coco/PipeRescue/assets/scripts/PipeTypes.ts. Last mtime: Sun Jun 07 2026 23:15:20 GMT+0530 (India Standard Time)@12e96a41-68e8-49c5-8846-fade2d80cb39, Current mtime: Sun Jun 07 2026 23:16:19 GMT+0530 (India Standard Time)@12e96a41-68e8-49c5-8846-fade2d80cb39
23:16:23.454 debug: Inspect file:///C:/Users/Admin/Desktop/coco/PipeRescue/assets/scripts/PipeTypes.ts
23:16:23.539 debug: transform url: 'file:///C:/Users/Admin/Desktop/coco/PipeRescue/assets/scripts/PipeTypes.ts' costs: 84.80 ms
23:16:23.543 debug: Resolve file:///C:/Users/Admin/Desktop/coco/PipeRescue/assets/scripts/TileNode.ts from cce:/internal/x/prerequisite-imports as file:///C:/Users/Admin/Desktop/coco/PipeRescue/assets/scripts/TileNode.ts.
23:16:23.543 debug: Detected change: file:///C:/Users/Admin/Desktop/coco/PipeRescue/assets/scripts/TileNode.ts. Last mtime: Sun Jun 07 2026 23:14:40 GMT+0530 (India Standard Time)@e29a5f02-c030-48b5-b372-9890571d5669, Current mtime: Sun Jun 07 2026 23:16:08 GMT+0530 (India Standard Time)@e29a5f02-c030-48b5-b372-9890571d5669
23:16:23.543 debug: Inspect file:///C:/Users/Admin/Desktop/coco/PipeRescue/assets/scripts/TileNode.ts
23:16:23.690 debug: transform url: 'file:///C:/Users/Admin/Desktop/coco/PipeRescue/assets/scripts/TileNode.ts' costs: 146.90 ms
23:16:23.694 debug: Resolve cc from file:///C:/Users/Admin/Desktop/coco/PipeRescue/assets/scripts/PipeTypes.ts as cce:/internal/x/cc.
23:16:23.694 debug: Resolve cce:/internal/code-quality/cr.mjs from file:///C:/Users/Admin/Desktop/coco/PipeRescue/assets/scripts/TileNode.ts as cce:/internal/code-quality/cr.mjs.
23:16:23.694 debug: Resolve cc from file:///C:/Users/Admin/Desktop/coco/PipeRescue/assets/scripts/TileNode.ts as cce:/internal/x/cc.
23:16:23.694 debug: Resolve cc from file:///C:/Users/Admin/Desktop/coco/PipeRescue/assets/scripts/TileNode.ts as cce:/internal/x/cc.
23:16:23.694 debug: Resolve cc from file:///C:/Users/Admin/Desktop/coco/PipeRescue/assets/scripts/TileNode.ts as cce:/internal/x/cc.
23:16:23.696 debug: Resolve ./PipeTypes from file:///C:/Users/Admin/Desktop/coco/PipeRescue/assets/scripts/TileNode.ts as file:///C:/Users/Admin/Desktop/coco/PipeRescue/assets/scripts/PipeTypes.ts.
23:16:23.723 debug: Target(editor) ends with cost 304.45509999990463ms.
23:16:23.723 debug: Target(preview) build started.
23:16:23.731 debug: Detected change: cce:/internal/x/prerequisite-imports. Last mtime: Thu Jan 01 1970 09:13:17 GMT+0530 (India Standard Time), Current mtime: Thu Jan 01 1970 09:14:17 GMT+0530 (India Standard Time)
23:16:23.731 debug: Inspect cce:/internal/x/prerequisite-imports
23:16:23.750 debug: transform url: 'cce:/internal/x/prerequisite-imports' costs: 19.40 ms
23:16:23.753 debug: Resolve file:///C:/ProgramData/cocos/editors/Creator/3.8.7/resources/resources/3d/engine/editor/assets/default_renderpipeline/builtin-dof-pass.ts from cce:/internal/x/prerequisite-imports as file:///C:/ProgramData/cocos/editors/Creator/3.8.7/resources/resources/3d/engine/editor/assets/default_renderpipeline/builtin-dof-pass.ts.
23:16:23.754 debug: Resolve file:///C:/ProgramData/cocos/editors/Creator/3.8.7/resources/resources/3d/engine/editor/assets/default_renderpipeline/builtin-pipeline-pass.ts from cce:/internal/x/prerequisite-imports as file:///C:/ProgramData/cocos/editors/Creator/3.8.7/resources/resources/3d/engine/editor/assets/default_renderpipeline/builtin-pipeline-pass.ts.
23:16:23.756 debug: Resolve file:///C:/ProgramData/cocos/editors/Creator/3.8.7/resources/resources/3d/engine/editor/assets/default_renderpipeline/builtin-pipeline-settings.ts from cce:/internal/x/prerequisite-imports as file:///C:/ProgramData/cocos/editors/Creator/3.8.7/resources/resources/3d/engine/editor/assets/default_renderpipeline/builtin-pipeline-settings.ts.
23:16:23.757 debug: Resolve file:///C:/ProgramData/cocos/editors/Creator/3.8.7/resources/resources/3d/engine/editor/assets/default_renderpipeline/builtin-pipeline-types.ts from cce:/internal/x/prerequisite-imports as file:///C:/ProgramData/cocos/editors/Creator/3.8.7/resources/resources/3d/engine/editor/assets/default_renderpipeline/builtin-pipeline-types.ts.
23:16:23.759 debug: Resolve file:///C:/ProgramData/cocos/editors/Creator/3.8.7/resources/resources/3d/engine/editor/assets/default_renderpipeline/builtin-pipeline.ts from cce:/internal/x/prerequisite-imports as file:///C:/ProgramData/cocos/editors/Creator/3.8.7/resources/resources/3d/engine/editor/assets/default_renderpipeline/builtin-pipeline.ts.
23:16:23.760 debug: Resolve file:///C:/ProgramData/cocos/editors/Creator/3.8.7/resources/resources/3d/engine/editor/assets/tools/debug-view-runtime-control.ts from cce:/internal/x/prerequisite-imports as file:///C:/ProgramData/cocos/editors/Creator/3.8.7/resources/resources/3d/engine/editor/assets/tools/debug-view-runtime-control.ts.
23:16:23.761 debug: Resolve file:///C:/Users/Admin/Desktop/coco/PipeRescue/assets/scripts/GameController.ts from cce:/internal/x/prerequisite-imports as file:///C:/Users/Admin/Desktop/coco/PipeRescue/assets/scripts/GameController.ts.
23:16:23.762 debug: Resolve file:///C:/Users/Admin/Desktop/coco/PipeRescue/assets/scripts/PathSolver.ts from cce:/internal/x/prerequisite-imports as file:///C:/Users/Admin/Desktop/coco/PipeRescue/assets/scripts/PathSolver.ts.
23:16:23.763 debug: Resolve file:///C:/Users/Admin/Desktop/coco/PipeRescue/assets/scripts/PipeTypes.ts from cce:/internal/x/prerequisite-imports as file:///C:/Users/Admin/Desktop/coco/PipeRescue/assets/scripts/PipeTypes.ts.
23:16:23.764 debug: Detected change: file:///C:/Users/Admin/Desktop/coco/PipeRescue/assets/scripts/PipeTypes.ts. Last mtime: Sun Jun 07 2026 23:15:20 GMT+0530 (India Standard Time)@12e96a41-68e8-49c5-8846-fade2d80cb39, Current mtime: Sun Jun 07 2026 23:16:19 GMT+0530 (India Standard Time)@12e96a41-68e8-49c5-8846-fade2d80cb39
23:16:23.764 debug: Inspect file:///C:/Users/Admin/Desktop/coco/PipeRescue/assets/scripts/PipeTypes.ts
23:16:23.844 debug: transform url: 'file:///C:/Users/Admin/Desktop/coco/PipeRescue/assets/scripts/PipeTypes.ts' costs: 80.50 ms
23:16:23.848 debug: Resolve file:///C:/Users/Admin/Desktop/coco/PipeRescue/assets/scripts/TileNode.ts from cce:/internal/x/prerequisite-imports as file:///C:/Users/Admin/Desktop/coco/PipeRescue/assets/scripts/TileNode.ts.
23:16:23.848 debug: Detected change: file:///C:/Users/Admin/Desktop/coco/PipeRescue/assets/scripts/TileNode.ts. Last mtime: Sun Jun 07 2026 23:14:40 GMT+0530 (India Standard Time)@e29a5f02-c030-48b5-b372-9890571d5669, Current mtime: Sun Jun 07 2026 23:16:08 GMT+0530 (India Standard Time)@e29a5f02-c030-48b5-b372-9890571d5669
23:16:23.848 debug: Inspect file:///C:/Users/Admin/Desktop/coco/PipeRescue/assets/scripts/TileNode.ts
23:16:23.955 debug: transform url: 'file:///C:/Users/Admin/Desktop/coco/PipeRescue/assets/scripts/TileNode.ts' costs: 107.40 ms
23:16:23.959 debug: Resolve cc from file:///C:/Users/Admin/Desktop/coco/PipeRescue/assets/scripts/PipeTypes.ts as cce:/internal/x/cc.
23:16:23.959 debug: Resolve cce:/internal/code-quality/cr.mjs from file:///C:/Users/Admin/Desktop/coco/PipeRescue/assets/scripts/TileNode.ts as cce:/internal/code-quality/cr.mjs.
23:16:23.959 debug: Resolve cc from file:///C:/Users/Admin/Desktop/coco/PipeRescue/assets/scripts/TileNode.ts as cce:/internal/x/cc.
23:16:23.959 debug: Resolve cc from file:///C:/Users/Admin/Desktop/coco/PipeRescue/assets/scripts/TileNode.ts as cce:/internal/x/cc.
23:16:23.959 debug: Resolve cc from file:///C:/Users/Admin/Desktop/coco/PipeRescue/assets/scripts/TileNode.ts as cce:/internal/x/cc.
23:16:23.961 debug: Resolve ./PipeTypes from file:///C:/Users/Admin/Desktop/coco/PipeRescue/assets/scripts/TileNode.ts as file:///C:/Users/Admin/Desktop/coco/PipeRescue/assets/scripts/PipeTypes.ts.
23:16:23.998 debug: Target(preview) ends with cost 274.826099999249ms.
23:23:24.367 debug: Dispatch build request for time accumulated 3 asset changes.
23:23:24.377 debug: Build iteration starts.
Number of accumulated asset changes: 3
Feature changed: false
23:23:24.379 debug: Target(editor) build started.
23:23:24.387 debug: Detected change: cce:/internal/x/prerequisite-imports. Last mtime: Thu Jan 01 1970 09:14:17 GMT+0530 (India Standard Time), Current mtime: Thu Jan 01 1970 09:21:18 GMT+0530 (India Standard Time)
23:23:24.387 debug: Inspect cce:/internal/x/prerequisite-imports
23:23:24.423 debug: transform url: 'cce:/internal/x/prerequisite-imports' costs: 36.30 ms
23:23:24.431 debug: Resolve file:///C:/ProgramData/cocos/editors/Creator/3.8.7/resources/resources/3d/engine/editor/assets/default_renderpipeline/builtin-dof-pass.ts from cce:/internal/x/prerequisite-imports as file:///C:/ProgramData/cocos/editors/Creator/3.8.7/resources/resources/3d/engine/editor/assets/default_renderpipeline/builtin-dof-pass.ts.
23:23:24.432 debug: Resolve file:///C:/ProgramData/cocos/editors/Creator/3.8.7/resources/resources/3d/engine/editor/assets/default_renderpipeline/builtin-pipeline-pass.ts from cce:/internal/x/prerequisite-imports as file:///C:/ProgramData/cocos/editors/Creator/3.8.7/resources/resources/3d/engine/editor/assets/default_renderpipeline/builtin-pipeline-pass.ts.
23:23:24.433 debug: Resolve file:///C:/ProgramData/cocos/editors/Creator/3.8.7/resources/resources/3d/engine/editor/assets/default_renderpipeline/builtin-pipeline-settings.ts from cce:/internal/x/prerequisite-imports as file:///C:/ProgramData/cocos/editors/Creator/3.8.7/resources/resources/3d/engine/editor/assets/default_renderpipeline/builtin-pipeline-settings.ts.
23:23:24.434 debug: Resolve file:///C:/ProgramData/cocos/editors/Creator/3.8.7/resources/resources/3d/engine/editor/assets/default_renderpipeline/builtin-pipeline-types.ts from cce:/internal/x/prerequisite-imports as file:///C:/ProgramData/cocos/editors/Creator/3.8.7/resources/resources/3d/engine/editor/assets/default_renderpipeline/builtin-pipeline-types.ts.
23:23:24.435 debug: Resolve file:///C:/ProgramData/cocos/editors/Creator/3.8.7/resources/resources/3d/engine/editor/assets/default_renderpipeline/builtin-pipeline.ts from cce:/internal/x/prerequisite-imports as file:///C:/ProgramData/cocos/editors/Creator/3.8.7/resources/resources/3d/engine/editor/assets/default_renderpipeline/builtin-pipeline.ts.
23:23:24.435 debug: Resolve file:///C:/ProgramData/cocos/editors/Creator/3.8.7/resources/resources/3d/engine/editor/assets/tools/debug-view-runtime-control.ts from cce:/internal/x/prerequisite-imports as file:///C:/ProgramData/cocos/editors/Creator/3.8.7/resources/resources/3d/engine/editor/assets/tools/debug-view-runtime-control.ts.
23:23:24.436 debug: Resolve file:///C:/Users/Admin/Desktop/coco/PipeRescue/assets/scripts/GameController.ts from cce:/internal/x/prerequisite-imports as file:///C:/Users/Admin/Desktop/coco/PipeRescue/assets/scripts/GameController.ts.
23:23:24.436 debug: Detected change: file:///C:/Users/Admin/Desktop/coco/PipeRescue/assets/scripts/GameController.ts. Last mtime: Sun Jun 07 2026 23:05:19 GMT+0530 (India Standard Time)@9a9c60fd-dcf6-41cd-836f-c29f0ad0170c, Current mtime: Sun Jun 07 2026 23:20:47 GMT+0530 (India Standard Time)@9a9c60fd-dcf6-41cd-836f-c29f0ad0170c
23:23:24.436 debug: Inspect file:///C:/Users/Admin/Desktop/coco/PipeRescue/assets/scripts/GameController.ts
23:23:24.612 debug: transform url: 'file:///C:/Users/Admin/Desktop/coco/PipeRescue/assets/scripts/GameController.ts' costs: 176.20 ms
23:23:24.620 debug: Resolve file:///C:/Users/Admin/Desktop/coco/PipeRescue/assets/scripts/PathSolver.ts from cce:/internal/x/prerequisite-imports as file:///C:/Users/Admin/Desktop/coco/PipeRescue/assets/scripts/PathSolver.ts.
23:23:24.621 debug: Resolve file:///C:/Users/Admin/Desktop/coco/PipeRescue/assets/scripts/PipeTypes.ts from cce:/internal/x/prerequisite-imports as file:///C:/Users/Admin/Desktop/coco/PipeRescue/assets/scripts/PipeTypes.ts.
23:23:24.621 debug: Detected change: file:///C:/Users/Admin/Desktop/coco/PipeRescue/assets/scripts/PipeTypes.ts. Last mtime: Sun Jun 07 2026 23:16:19 GMT+0530 (India Standard Time)@12e96a41-68e8-49c5-8846-fade2d80cb39, Current mtime: Sun Jun 07 2026 23:17:08 GMT+0530 (India Standard Time)@12e96a41-68e8-49c5-8846-fade2d80cb39
23:23:24.621 debug: Inspect file:///C:/Users/Admin/Desktop/coco/PipeRescue/assets/scripts/PipeTypes.ts
23:23:24.702 debug: transform url: 'file:///C:/Users/Admin/Desktop/coco/PipeRescue/assets/scripts/PipeTypes.ts' costs: 80.90 ms
23:23:24.706 debug: Resolve file:///C:/Users/Admin/Desktop/coco/PipeRescue/assets/scripts/TileNode.ts from cce:/internal/x/prerequisite-imports as file:///C:/Users/Admin/Desktop/coco/PipeRescue/assets/scripts/TileNode.ts.
23:23:24.706 debug: Detected change: file:///C:/Users/Admin/Desktop/coco/PipeRescue/assets/scripts/TileNode.ts. Last mtime: Sun Jun 07 2026 23:16:08 GMT+0530 (India Standard Time)@e29a5f02-c030-48b5-b372-9890571d5669, Current mtime: Sun Jun 07 2026 23:19:02 GMT+0530 (India Standard Time)@e29a5f02-c030-48b5-b372-9890571d5669
23:23:24.707 debug: Inspect file:///C:/Users/Admin/Desktop/coco/PipeRescue/assets/scripts/TileNode.ts
23:23:24.803 debug: transform url: 'file:///C:/Users/Admin/Desktop/coco/PipeRescue/assets/scripts/TileNode.ts' costs: 95.90 ms
23:23:24.809 debug: Resolve cce:/internal/code-quality/cr.mjs from file:///C:/Users/Admin/Desktop/coco/PipeRescue/assets/scripts/GameController.ts as cce:/internal/code-quality/cr.mjs.
23:23:24.809 debug: Resolve cc from file:///C:/Users/Admin/Desktop/coco/PipeRescue/assets/scripts/GameController.ts as cce:/internal/x/cc.
23:23:24.809 debug: Resolve cc from file:///C:/Users/Admin/Desktop/coco/PipeRescue/assets/scripts/GameController.ts as cce:/internal/x/cc.
23:23:24.809 debug: Resolve cc from file:///C:/Users/Admin/Desktop/coco/PipeRescue/assets/scripts/GameController.ts as cce:/internal/x/cc.
23:23:24.813 debug: Resolve ./PipeTypes from file:///C:/Users/Admin/Desktop/coco/PipeRescue/assets/scripts/GameController.ts as file:///C:/Users/Admin/Desktop/coco/PipeRescue/assets/scripts/PipeTypes.ts.
23:23:24.816 debug: Resolve ./TileNode from file:///C:/Users/Admin/Desktop/coco/PipeRescue/assets/scripts/GameController.ts as file:///C:/Users/Admin/Desktop/coco/PipeRescue/assets/scripts/TileNode.ts.
23:23:24.818 debug: Resolve ./PathSolver from file:///C:/Users/Admin/Desktop/coco/PipeRescue/assets/scripts/GameController.ts as file:///C:/Users/Admin/Desktop/coco/PipeRescue/assets/scripts/PathSolver.ts.
23:23:24.818 debug: Resolve cc from file:///C:/Users/Admin/Desktop/coco/PipeRescue/assets/scripts/PipeTypes.ts as cce:/internal/x/cc.
23:23:24.818 debug: Resolve cce:/internal/code-quality/cr.mjs from file:///C:/Users/Admin/Desktop/coco/PipeRescue/assets/scripts/TileNode.ts as cce:/internal/code-quality/cr.mjs.
23:23:24.818 debug: Resolve cc from file:///C:/Users/Admin/Desktop/coco/PipeRescue/assets/scripts/TileNode.ts as cce:/internal/x/cc.
23:23:24.819 debug: Resolve cc from file:///C:/Users/Admin/Desktop/coco/PipeRescue/assets/scripts/TileNode.ts as cce:/internal/x/cc.
23:23:24.819 debug: Resolve cc from file:///C:/Users/Admin/Desktop/coco/PipeRescue/assets/scripts/TileNode.ts as cce:/internal/x/cc.
23:23:24.820 debug: Resolve ./PipeTypes from file:///C:/Users/Admin/Desktop/coco/PipeRescue/assets/scripts/TileNode.ts as file:///C:/Users/Admin/Desktop/coco/PipeRescue/assets/scripts/PipeTypes.ts.
23:23:24.851 debug: Target(editor) ends with cost 472.0268999990076ms.
23:23:24.852 debug: Target(preview) build started.
23:23:24.856 debug: Detected change: cce:/internal/x/prerequisite-imports. Last mtime: Thu Jan 01 1970 09:14:17 GMT+0530 (India Standard Time), Current mtime: Thu Jan 01 1970 09:21:18 GMT+0530 (India Standard Time)
23:23:24.856 debug: Inspect cce:/internal/x/prerequisite-imports
23:23:24.876 debug: transform url: 'cce:/internal/x/prerequisite-imports' costs: 19.70 ms
23:23:24.880 debug: Resolve file:///C:/ProgramData/cocos/editors/Creator/3.8.7/resources/resources/3d/engine/editor/assets/default_renderpipeline/builtin-dof-pass.ts from cce:/internal/x/prerequisite-imports as file:///C:/ProgramData/cocos/editors/Creator/3.8.7/resources/resources/3d/engine/editor/assets/default_renderpipeline/builtin-dof-pass.ts.
23:23:24.881 debug: Resolve file:///C:/ProgramData/cocos/editors/Creator/3.8.7/resources/resources/3d/engine/editor/assets/default_renderpipeline/builtin-pipeline-pass.ts from cce:/internal/x/prerequisite-imports as file:///C:/ProgramData/cocos/editors/Creator/3.8.7/resources/resources/3d/engine/editor/assets/default_renderpipeline/builtin-pipeline-pass.ts.
23:23:24.883 debug: Resolve file:///C:/ProgramData/cocos/editors/Creator/3.8.7/resources/resources/3d/engine/editor/assets/default_renderpipeline/builtin-pipeline-settings.ts from cce:/internal/x/prerequisite-imports as file:///C:/ProgramData/cocos/editors/Creator/3.8.7/resources/resources/3d/engine/editor/assets/default_renderpipeline/builtin-pipeline-settings.ts.
23:23:24.884 debug: Resolve file:///C:/ProgramData/cocos/editors/Creator/3.8.7/resources/resources/3d/engine/editor/assets/default_renderpipeline/builtin-pipeline-types.ts from cce:/internal/x/prerequisite-imports as file:///C:/ProgramData/cocos/editors/Creator/3.8.7/resources/resources/3d/engine/editor/assets/default_renderpipeline/builtin-pipeline-types.ts.
23:23:24.885 debug: Resolve file:///C:/ProgramData/cocos/editors/Creator/3.8.7/resources/resources/3d/engine/editor/assets/default_renderpipeline/builtin-pipeline.ts from cce:/internal/x/prerequisite-imports as file:///C:/ProgramData/cocos/editors/Creator/3.8.7/resources/resources/3d/engine/editor/assets/default_renderpipeline/builtin-pipeline.ts.
23:23:24.886 debug: Resolve file:///C:/ProgramData/cocos/editors/Creator/3.8.7/resources/resources/3d/engine/editor/assets/tools/debug-view-runtime-control.ts from cce:/internal/x/prerequisite-imports as file:///C:/ProgramData/cocos/editors/Creator/3.8.7/resources/resources/3d/engine/editor/assets/tools/debug-view-runtime-control.ts.
23:23:24.887 debug: Resolve file:///C:/Users/Admin/Desktop/coco/PipeRescue/assets/scripts/GameController.ts from cce:/internal/x/prerequisite-imports as file:///C:/Users/Admin/Desktop/coco/PipeRescue/assets/scripts/GameController.ts.
23:23:24.888 debug: Detected change: file:///C:/Users/Admin/Desktop/coco/PipeRescue/assets/scripts/GameController.ts. Last mtime: Sun Jun 07 2026 23:05:19 GMT+0530 (India Standard Time)@9a9c60fd-dcf6-41cd-836f-c29f0ad0170c, Current mtime: Sun Jun 07 2026 23:20:47 GMT+0530 (India Standard Time)@9a9c60fd-dcf6-41cd-836f-c29f0ad0170c
23:23:24.888 debug: Inspect file:///C:/Users/Admin/Desktop/coco/PipeRescue/assets/scripts/GameController.ts
23:23:25.031 debug: transform url: 'file:///C:/Users/Admin/Desktop/coco/PipeRescue/assets/scripts/GameController.ts' costs: 143.20 ms
23:23:25.038 debug: Resolve file:///C:/Users/Admin/Desktop/coco/PipeRescue/assets/scripts/PathSolver.ts from cce:/internal/x/prerequisite-imports as file:///C:/Users/Admin/Desktop/coco/PipeRescue/assets/scripts/PathSolver.ts.
23:23:25.039 debug: Resolve file:///C:/Users/Admin/Desktop/coco/PipeRescue/assets/scripts/PipeTypes.ts from cce:/internal/x/prerequisite-imports as file:///C:/Users/Admin/Desktop/coco/PipeRescue/assets/scripts/PipeTypes.ts.
23:23:25.040 debug: Detected change: file:///C:/Users/Admin/Desktop/coco/PipeRescue/assets/scripts/PipeTypes.ts. Last mtime: Sun Jun 07 2026 23:16:19 GMT+0530 (India Standard Time)@12e96a41-68e8-49c5-8846-fade2d80cb39, Current mtime: Sun Jun 07 2026 23:17:08 GMT+0530 (India Standard Time)@12e96a41-68e8-49c5-8846-fade2d80cb39
23:23:25.040 debug: Inspect file:///C:/Users/Admin/Desktop/coco/PipeRescue/assets/scripts/PipeTypes.ts
23:23:25.115 debug: transform url: 'file:///C:/Users/Admin/Desktop/coco/PipeRescue/assets/scripts/PipeTypes.ts' costs: 75.20 ms
23:23:25.119 debug: Resolve file:///C:/Users/Admin/Desktop/coco/PipeRescue/assets/scripts/TileNode.ts from cce:/internal/x/prerequisite-imports as file:///C:/Users/Admin/Desktop/coco/PipeRescue/assets/scripts/TileNode.ts.
23:23:25.119 debug: Detected change: file:///C:/Users/Admin/Desktop/coco/PipeRescue/assets/scripts/TileNode.ts. Last mtime: Sun Jun 07 2026 23:16:08 GMT+0530 (India Standard Time)@e29a5f02-c030-48b5-b372-9890571d5669, Current mtime: Sun Jun 07 2026 23:19:02 GMT+0530 (India Standard Time)@e29a5f02-c030-48b5-b372-9890571d5669
23:23:25.119 debug: Inspect file:///C:/Users/Admin/Desktop/coco/PipeRescue/assets/scripts/TileNode.ts
23:23:25.248 debug: transform url: 'file:///C:/Users/Admin/Desktop/coco/PipeRescue/assets/scripts/TileNode.ts' costs: 128.70 ms
23:23:25.250 debug: Resolve cce:/internal/code-quality/cr.mjs from file:///C:/Users/Admin/Desktop/coco/PipeRescue/assets/scripts/GameController.ts as cce:/internal/code-quality/cr.mjs.
23:23:25.250 debug: Resolve cc from file:///C:/Users/Admin/Desktop/coco/PipeRescue/assets/scripts/GameController.ts as cce:/internal/x/cc.
23:23:25.250 debug: Resolve cc from file:///C:/Users/Admin/Desktop/coco/PipeRescue/assets/scripts/GameController.ts as cce:/internal/x/cc.
23:23:25.250 debug: Resolve cc from file:///C:/Users/Admin/Desktop/coco/PipeRescue/assets/scripts/GameController.ts as cce:/internal/x/cc.
23:23:25.251 debug: Resolve ./PipeTypes from file:///C:/Users/Admin/Desktop/coco/PipeRescue/assets/scripts/GameController.ts as file:///C:/Users/Admin/Desktop/coco/PipeRescue/assets/scripts/PipeTypes.ts.
23:23:25.252 debug: Resolve ./TileNode from file:///C:/Users/Admin/Desktop/coco/PipeRescue/assets/scripts/GameController.ts as file:///C:/Users/Admin/Desktop/coco/PipeRescue/assets/scripts/TileNode.ts.
23:23:25.254 debug: Resolve ./PathSolver from file:///C:/Users/Admin/Desktop/coco/PipeRescue/assets/scripts/GameController.ts as file:///C:/Users/Admin/Desktop/coco/PipeRescue/assets/scripts/PathSolver.ts.
23:23:25.254 debug: Resolve cc from file:///C:/Users/Admin/Desktop/coco/PipeRescue/assets/scripts/PipeTypes.ts as cce:/internal/x/cc.
23:23:25.254 debug: Resolve cce:/internal/code-quality/cr.mjs from file:///C:/Users/Admin/Desktop/coco/PipeRescue/assets/scripts/TileNode.ts as cce:/internal/code-quality/cr.mjs.
23:23:25.254 debug: Resolve cc from file:///C:/Users/Admin/Desktop/coco/PipeRescue/assets/scripts/TileNode.ts as cce:/internal/x/cc.
23:23:25.254 debug: Resolve cc from file:///C:/Users/Admin/Desktop/coco/PipeRescue/assets/scripts/TileNode.ts as cce:/internal/x/cc.
23:23:25.254 debug: Resolve cc from file:///C:/Users/Admin/Desktop/coco/PipeRescue/assets/scripts/TileNode.ts as cce:/internal/x/cc.
23:23:25.255 debug: Resolve ./PipeTypes from file:///C:/Users/Admin/Desktop/coco/PipeRescue/assets/scripts/TileNode.ts as file:///C:/Users/Admin/Desktop/coco/PipeRescue/assets/scripts/PipeTypes.ts.
23:23:25.281 debug: Target(preview) ends with cost 429.66559999994934ms.
23:27:47.604 debug: Dispatch build request for time accumulated 2 asset changes.
23:27:47.610 debug: Build iteration starts.
Number of accumulated asset changes: 2
Feature changed: false
23:27:47.611 debug: Target(editor) build started.
23:27:47.620 debug: Detected change: cce:/internal/x/prerequisite-imports. Last mtime: Thu Jan 01 1970 09:21:18 GMT+0530 (India Standard Time), Current mtime: Thu Jan 01 1970 09:25:41 GMT+0530 (India Standard Time)
23:27:47.621 debug: Inspect cce:/internal/x/prerequisite-imports
23:27:47.651 debug: transform url: 'cce:/internal/x/prerequisite-imports' costs: 30.10 ms
23:27:47.654 debug: Resolve file:///C:/ProgramData/cocos/editors/Creator/3.8.7/resources/resources/3d/engine/editor/assets/default_renderpipeline/builtin-dof-pass.ts from cce:/internal/x/prerequisite-imports as file:///C:/ProgramData/cocos/editors/Creator/3.8.7/resources/resources/3d/engine/editor/assets/default_renderpipeline/builtin-dof-pass.ts.
23:27:47.655 debug: Resolve file:///C:/ProgramData/cocos/editors/Creator/3.8.7/resources/resources/3d/engine/editor/assets/default_renderpipeline/builtin-pipeline-pass.ts from cce:/internal/x/prerequisite-imports as file:///C:/ProgramData/cocos/editors/Creator/3.8.7/resources/resources/3d/engine/editor/assets/default_renderpipeline/builtin-pipeline-pass.ts.
23:27:47.656 debug: Resolve file:///C:/ProgramData/cocos/editors/Creator/3.8.7/resources/resources/3d/engine/editor/assets/default_renderpipeline/builtin-pipeline-settings.ts from cce:/internal/x/prerequisite-imports as file:///C:/ProgramData/cocos/editors/Creator/3.8.7/resources/resources/3d/engine/editor/assets/default_renderpipeline/builtin-pipeline-settings.ts.
23:27:47.657 debug: Resolve file:///C:/ProgramData/cocos/editors/Creator/3.8.7/resources/resources/3d/engine/editor/assets/default_renderpipeline/builtin-pipeline-types.ts from cce:/internal/x/prerequisite-imports as file:///C:/ProgramData/cocos/editors/Creator/3.8.7/resources/resources/3d/engine/editor/assets/default_renderpipeline/builtin-pipeline-types.ts.
23:27:47.658 debug: Resolve file:///C:/ProgramData/cocos/editors/Creator/3.8.7/resources/resources/3d/engine/editor/assets/default_renderpipeline/builtin-pipeline.ts from cce:/internal/x/prerequisite-imports as file:///C:/ProgramData/cocos/editors/Creator/3.8.7/resources/resources/3d/engine/editor/assets/default_renderpipeline/builtin-pipeline.ts.
23:27:47.658 debug: Resolve file:///C:/ProgramData/cocos/editors/Creator/3.8.7/resources/resources/3d/engine/editor/assets/tools/debug-view-runtime-control.ts from cce:/internal/x/prerequisite-imports as file:///C:/ProgramData/cocos/editors/Creator/3.8.7/resources/resources/3d/engine/editor/assets/tools/debug-view-runtime-control.ts.
23:27:47.659 debug: Resolve file:///C:/Users/Admin/Desktop/coco/PipeRescue/assets/scripts/GameController.ts from cce:/internal/x/prerequisite-imports as file:///C:/Users/Admin/Desktop/coco/PipeRescue/assets/scripts/GameController.ts.
23:27:47.660 debug: Detected change: file:///C:/Users/Admin/Desktop/coco/PipeRescue/assets/scripts/GameController.ts. Last mtime: Sun Jun 07 2026 23:20:47 GMT+0530 (India Standard Time)@9a9c60fd-dcf6-41cd-836f-c29f0ad0170c, Current mtime: Sun Jun 07 2026 23:27:34 GMT+0530 (India Standard Time)@9a9c60fd-dcf6-41cd-836f-c29f0ad0170c
23:27:47.660 debug: Inspect file:///C:/Users/Admin/Desktop/coco/PipeRescue/assets/scripts/GameController.ts
23:27:47.812 debug: transform url: 'file:///C:/Users/Admin/Desktop/coco/PipeRescue/assets/scripts/GameController.ts' costs: 152.50 ms
23:27:47.818 debug: Resolve file:///C:/Users/Admin/Desktop/coco/PipeRescue/assets/scripts/PathSolver.ts from cce:/internal/x/prerequisite-imports as file:///C:/Users/Admin/Desktop/coco/PipeRescue/assets/scripts/PathSolver.ts.
23:27:47.819 debug: Resolve file:///C:/Users/Admin/Desktop/coco/PipeRescue/assets/scripts/PipeTypes.ts from cce:/internal/x/prerequisite-imports as file:///C:/Users/Admin/Desktop/coco/PipeRescue/assets/scripts/PipeTypes.ts.
23:27:47.819 debug: Detected change: file:///C:/Users/Admin/Desktop/coco/PipeRescue/assets/scripts/PipeTypes.ts. Last mtime: Sun Jun 07 2026 23:17:08 GMT+0530 (India Standard Time)@12e96a41-68e8-49c5-8846-fade2d80cb39, Current mtime: Sun Jun 07 2026 23:25:35 GMT+0530 (India Standard Time)@12e96a41-68e8-49c5-8846-fade2d80cb39
23:27:47.819 debug: Inspect file:///C:/Users/Admin/Desktop/coco/PipeRescue/assets/scripts/PipeTypes.ts
23:27:47.887 debug: transform url: 'file:///C:/Users/Admin/Desktop/coco/PipeRescue/assets/scripts/PipeTypes.ts' costs: 67.70 ms
23:27:47.890 debug: Resolve file:///C:/Users/Admin/Desktop/coco/PipeRescue/assets/scripts/TileNode.ts from cce:/internal/x/prerequisite-imports as file:///C:/Users/Admin/Desktop/coco/PipeRescue/assets/scripts/TileNode.ts.
23:27:47.891 debug: Resolve cce:/internal/code-quality/cr.mjs from file:///C:/Users/Admin/Desktop/coco/PipeRescue/assets/scripts/GameController.ts as cce:/internal/code-quality/cr.mjs.
23:27:47.891 debug: Resolve cc from file:///C:/Users/Admin/Desktop/coco/PipeRescue/assets/scripts/GameController.ts as cce:/internal/x/cc.
23:27:47.891 debug: Resolve cc from file:///C:/Users/Admin/Desktop/coco/PipeRescue/assets/scripts/GameController.ts as cce:/internal/x/cc.
23:27:47.891 debug: Resolve cc from file:///C:/Users/Admin/Desktop/coco/PipeRescue/assets/scripts/GameController.ts as cce:/internal/x/cc.
23:27:47.892 debug: Resolve ./PipeTypes from file:///C:/Users/Admin/Desktop/coco/PipeRescue/assets/scripts/GameController.ts as file:///C:/Users/Admin/Desktop/coco/PipeRescue/assets/scripts/PipeTypes.ts.
23:27:47.894 debug: Resolve ./TileNode from file:///C:/Users/Admin/Desktop/coco/PipeRescue/assets/scripts/GameController.ts as file:///C:/Users/Admin/Desktop/coco/PipeRescue/assets/scripts/TileNode.ts.
23:27:47.895 debug: Resolve ./PathSolver from file:///C:/Users/Admin/Desktop/coco/PipeRescue/assets/scripts/GameController.ts as file:///C:/Users/Admin/Desktop/coco/PipeRescue/assets/scripts/PathSolver.ts.
23:27:47.895 debug: Resolve cc from file:///C:/Users/Admin/Desktop/coco/PipeRescue/assets/scripts/PipeTypes.ts as cce:/internal/x/cc.
23:27:47.936 debug: Target(editor) ends with cost 324.7400000002235ms.
23:27:47.936 debug: Target(preview) build started.
23:27:47.940 debug: Detected change: cce:/internal/x/prerequisite-imports. Last mtime: Thu Jan 01 1970 09:21:18 GMT+0530 (India Standard Time), Current mtime: Thu Jan 01 1970 09:25:41 GMT+0530 (India Standard Time)
23:27:47.940 debug: Inspect cce:/internal/x/prerequisite-imports
23:27:47.962 debug: transform url: 'cce:/internal/x/prerequisite-imports' costs: 22.00 ms
23:27:47.967 debug: Resolve file:///C:/ProgramData/cocos/editors/Creator/3.8.7/resources/resources/3d/engine/editor/assets/default_renderpipeline/builtin-dof-pass.ts from cce:/internal/x/prerequisite-imports as file:///C:/ProgramData/cocos/editors/Creator/3.8.7/resources/resources/3d/engine/editor/assets/default_renderpipeline/builtin-dof-pass.ts.
23:27:47.970 debug: Resolve file:///C:/ProgramData/cocos/editors/Creator/3.8.7/resources/resources/3d/engine/editor/assets/default_renderpipeline/builtin-pipeline-pass.ts from cce:/internal/x/prerequisite-imports as file:///C:/ProgramData/cocos/editors/Creator/3.8.7/resources/resources/3d/engine/editor/assets/default_renderpipeline/builtin-pipeline-pass.ts.
23:27:47.972 debug: Resolve file:///C:/ProgramData/cocos/editors/Creator/3.8.7/resources/resources/3d/engine/editor/assets/default_renderpipeline/builtin-pipeline-settings.ts from cce:/internal/x/prerequisite-imports as file:///C:/ProgramData/cocos/editors/Creator/3.8.7/resources/resources/3d/engine/editor/assets/default_renderpipeline/builtin-pipeline-settings.ts.
23:27:47.974 debug: Resolve file:///C:/ProgramData/cocos/editors/Creator/3.8.7/resources/resources/3d/engine/editor/assets/default_renderpipeline/builtin-pipeline-types.ts from cce:/internal/x/prerequisite-imports as file:///C:/ProgramData/cocos/editors/Creator/3.8.7/resources/resources/3d/engine/editor/assets/default_renderpipeline/builtin-pipeline-types.ts.
23:27:47.977 debug: Resolve file:///C:/ProgramData/cocos/editors/Creator/3.8.7/resources/resources/3d/engine/editor/assets/default_renderpipeline/builtin-pipeline.ts from cce:/internal/x/prerequisite-imports as file:///C:/ProgramData/cocos/editors/Creator/3.8.7/resources/resources/3d/engine/editor/assets/default_renderpipeline/builtin-pipeline.ts.
23:27:47.978 debug: Resolve file:///C:/ProgramData/cocos/editors/Creator/3.8.7/resources/resources/3d/engine/editor/assets/tools/debug-view-runtime-control.ts from cce:/internal/x/prerequisite-imports as file:///C:/ProgramData/cocos/editors/Creator/3.8.7/resources/resources/3d/engine/editor/assets/tools/debug-view-runtime-control.ts.
23:27:47.979 debug: Resolve file:///C:/Users/Admin/Desktop/coco/PipeRescue/assets/scripts/GameController.ts from cce:/internal/x/prerequisite-imports as file:///C:/Users/Admin/Desktop/coco/PipeRescue/assets/scripts/GameController.ts.
23:27:47.980 debug: Detected change: file:///C:/Users/Admin/Desktop/coco/PipeRescue/assets/scripts/GameController.ts. Last mtime: Sun Jun 07 2026 23:20:47 GMT+0530 (India Standard Time)@9a9c60fd-dcf6-41cd-836f-c29f0ad0170c, Current mtime: Sun Jun 07 2026 23:27:34 GMT+0530 (India Standard Time)@9a9c60fd-dcf6-41cd-836f-c29f0ad0170c
23:27:47.980 debug: Inspect file:///C:/Users/Admin/Desktop/coco/PipeRescue/assets/scripts/GameController.ts
23:27:48.124 debug: transform url: 'file:///C:/Users/Admin/Desktop/coco/PipeRescue/assets/scripts/GameController.ts' costs: 143.90 ms
23:27:48.126 debug: Resolve file:///C:/Users/Admin/Desktop/coco/PipeRescue/assets/scripts/PathSolver.ts from cce:/internal/x/prerequisite-imports as file:///C:/Users/Admin/Desktop/coco/PipeRescue/assets/scripts/PathSolver.ts.
23:27:48.126 debug: Resolve file:///C:/Users/Admin/Desktop/coco/PipeRescue/assets/scripts/PipeTypes.ts from cce:/internal/x/prerequisite-imports as file:///C:/Users/Admin/Desktop/coco/PipeRescue/assets/scripts/PipeTypes.ts.
23:27:48.127 debug: Detected change: file:///C:/Users/Admin/Desktop/coco/PipeRescue/assets/scripts/PipeTypes.ts. Last mtime: Sun Jun 07 2026 23:17:08 GMT+0530 (India Standard Time)@12e96a41-68e8-49c5-8846-fade2d80cb39, Current mtime: Sun Jun 07 2026 23:25:35 GMT+0530 (India Standard Time)@12e96a41-68e8-49c5-8846-fade2d80cb39
23:27:48.127 debug: Inspect file:///C:/Users/Admin/Desktop/coco/PipeRescue/assets/scripts/PipeTypes.ts
23:27:48.188 debug: transform url: 'file:///C:/Users/Admin/Desktop/coco/PipeRescue/assets/scripts/PipeTypes.ts' costs: 61.00 ms
23:27:48.192 debug: Resolve file:///C:/Users/Admin/Desktop/coco/PipeRescue/assets/scripts/TileNode.ts from cce:/internal/x/prerequisite-imports as file:///C:/Users/Admin/Desktop/coco/PipeRescue/assets/scripts/TileNode.ts.
23:27:48.193 debug: Resolve cce:/internal/code-quality/cr.mjs from file:///C:/Users/Admin/Desktop/coco/PipeRescue/assets/scripts/GameController.ts as cce:/internal/code-quality/cr.mjs.
23:27:48.193 debug: Resolve cc from file:///C:/Users/Admin/Desktop/coco/PipeRescue/assets/scripts/GameController.ts as cce:/internal/x/cc.
23:27:48.194 debug: Resolve cc from file:///C:/Users/Admin/Desktop/coco/PipeRescue/assets/scripts/GameController.ts as cce:/internal/x/cc.
23:27:48.194 debug: Resolve cc from file:///C:/Users/Admin/Desktop/coco/PipeRescue/assets/scripts/GameController.ts as cce:/internal/x/cc.
23:27:48.195 debug: Resolve ./PipeTypes from file:///C:/Users/Admin/Desktop/coco/PipeRescue/assets/scripts/GameController.ts as file:///C:/Users/Admin/Desktop/coco/PipeRescue/assets/scripts/PipeTypes.ts.
23:27:48.196 debug: Resolve ./TileNode from file:///C:/Users/Admin/Desktop/coco/PipeRescue/assets/scripts/GameController.ts as file:///C:/Users/Admin/Desktop/coco/PipeRescue/assets/scripts/TileNode.ts.
23:27:48.198 debug: Resolve ./PathSolver from file:///C:/Users/Admin/Desktop/coco/PipeRescue/assets/scripts/GameController.ts as file:///C:/Users/Admin/Desktop/coco/PipeRescue/assets/scripts/PathSolver.ts.
23:27:48.199 debug: Resolve cc from file:///C:/Users/Admin/Desktop/coco/PipeRescue/assets/scripts/PipeTypes.ts as cce:/internal/x/cc.
23:27:48.230 debug: Target(preview) ends with cost 293.45150000043213ms.
23:31:47.894 debug: Dispatch build request for time accumulated 1 asset changes.
23:31:47.905 debug: Build iteration starts.
Number of accumulated asset changes: 1
Feature changed: false
23:31:47.907 debug: Target(editor) build started.
23:31:47.917 debug: Detected change: cce:/internal/x/prerequisite-imports. Last mtime: Thu Jan 01 1970 09:25:41 GMT+0530 (India Standard Time), Current mtime: Thu Jan 01 1970 09:29:41 GMT+0530 (India Standard Time)
23:31:47.917 debug: Inspect cce:/internal/x/prerequisite-imports
23:31:47.957 debug: transform url: 'cce:/internal/x/prerequisite-imports' costs: 39.50 ms
23:31:47.962 debug: Resolve file:///C:/ProgramData/cocos/editors/Creator/3.8.7/resources/resources/3d/engine/editor/assets/default_renderpipeline/builtin-dof-pass.ts from cce:/internal/x/prerequisite-imports as file:///C:/ProgramData/cocos/editors/Creator/3.8.7/resources/resources/3d/engine/editor/assets/default_renderpipeline/builtin-dof-pass.ts.
23:31:47.963 debug: Resolve file:///C:/ProgramData/cocos/editors/Creator/3.8.7/resources/resources/3d/engine/editor/assets/default_renderpipeline/builtin-pipeline-pass.ts from cce:/internal/x/prerequisite-imports as file:///C:/ProgramData/cocos/editors/Creator/3.8.7/resources/resources/3d/engine/editor/assets/default_renderpipeline/builtin-pipeline-pass.ts.
23:31:47.964 debug: Resolve file:///C:/ProgramData/cocos/editors/Creator/3.8.7/resources/resources/3d/engine/editor/assets/default_renderpipeline/builtin-pipeline-settings.ts from cce:/internal/x/prerequisite-imports as file:///C:/ProgramData/cocos/editors/Creator/3.8.7/resources/resources/3d/engine/editor/assets/default_renderpipeline/builtin-pipeline-settings.ts.
23:31:47.965 debug: Resolve file:///C:/ProgramData/cocos/editors/Creator/3.8.7/resources/resources/3d/engine/editor/assets/default_renderpipeline/builtin-pipeline-types.ts from cce:/internal/x/prerequisite-imports as file:///C:/ProgramData/cocos/editors/Creator/3.8.7/resources/resources/3d/engine/editor/assets/default_renderpipeline/builtin-pipeline-types.ts.
23:31:47.966 debug: Resolve file:///C:/ProgramData/cocos/editors/Creator/3.8.7/resources/resources/3d/engine/editor/assets/default_renderpipeline/builtin-pipeline.ts from cce:/internal/x/prerequisite-imports as file:///C:/ProgramData/cocos/editors/Creator/3.8.7/resources/resources/3d/engine/editor/assets/default_renderpipeline/builtin-pipeline.ts.
23:31:47.966 debug: Resolve file:///C:/ProgramData/cocos/editors/Creator/3.8.7/resources/resources/3d/engine/editor/assets/tools/debug-view-runtime-control.ts from cce:/internal/x/prerequisite-imports as file:///C:/ProgramData/cocos/editors/Creator/3.8.7/resources/resources/3d/engine/editor/assets/tools/debug-view-runtime-control.ts.
23:31:47.967 debug: Resolve file:///C:/Users/Admin/Desktop/coco/PipeRescue/assets/scripts/GameController.ts from cce:/internal/x/prerequisite-imports as file:///C:/Users/Admin/Desktop/coco/PipeRescue/assets/scripts/GameController.ts.
23:31:47.967 debug: Detected change: file:///C:/Users/Admin/Desktop/coco/PipeRescue/assets/scripts/GameController.ts. Last mtime: Sun Jun 07 2026 23:27:34 GMT+0530 (India Standard Time)@9a9c60fd-dcf6-41cd-836f-c29f0ad0170c, Current mtime: Sun Jun 07 2026 23:31:45 GMT+0530 (India Standard Time)@9a9c60fd-dcf6-41cd-836f-c29f0ad0170c
23:31:47.967 debug: Inspect file:///C:/Users/Admin/Desktop/coco/PipeRescue/assets/scripts/GameController.ts
23:31:48.113 debug: transform url: 'file:///C:/Users/Admin/Desktop/coco/PipeRescue/assets/scripts/GameController.ts' costs: 146.00 ms
23:31:48.117 debug: Resolve file:///C:/Users/Admin/Desktop/coco/PipeRescue/assets/scripts/PathSolver.ts from cce:/internal/x/prerequisite-imports as file:///C:/Users/Admin/Desktop/coco/PipeRescue/assets/scripts/PathSolver.ts.
23:31:48.118 debug: Resolve file:///C:/Users/Admin/Desktop/coco/PipeRescue/assets/scripts/PipeTypes.ts from cce:/internal/x/prerequisite-imports as file:///C:/Users/Admin/Desktop/coco/PipeRescue/assets/scripts/PipeTypes.ts.
23:31:48.118 debug: Resolve file:///C:/Users/Admin/Desktop/coco/PipeRescue/assets/scripts/TileNode.ts from cce:/internal/x/prerequisite-imports as file:///C:/Users/Admin/Desktop/coco/PipeRescue/assets/scripts/TileNode.ts.
23:31:48.119 debug: Resolve cce:/internal/code-quality/cr.mjs from file:///C:/Users/Admin/Desktop/coco/PipeRescue/assets/scripts/GameController.ts as cce:/internal/code-quality/cr.mjs.
23:31:48.120 debug: Resolve cc from file:///C:/Users/Admin/Desktop/coco/PipeRescue/assets/scripts/GameController.ts as cce:/internal/x/cc.
23:31:48.120 debug: Resolve cc from file:///C:/Users/Admin/Desktop/coco/PipeRescue/assets/scripts/GameController.ts as cce:/internal/x/cc.
23:31:48.120 debug: Resolve cc from file:///C:/Users/Admin/Desktop/coco/PipeRescue/assets/scripts/GameController.ts as cce:/internal/x/cc.
23:31:48.122 debug: Resolve ./PipeTypes from file:///C:/Users/Admin/Desktop/coco/PipeRescue/assets/scripts/GameController.ts as file:///C:/Users/Admin/Desktop/coco/PipeRescue/assets/scripts/PipeTypes.ts.
23:31:48.123 debug: Resolve ./TileNode from file:///C:/Users/Admin/Desktop/coco/PipeRescue/assets/scripts/GameController.ts as file:///C:/Users/Admin/Desktop/coco/PipeRescue/assets/scripts/TileNode.ts.
23:31:48.124 debug: Resolve ./PathSolver from file:///C:/Users/Admin/Desktop/coco/PipeRescue/assets/scripts/GameController.ts as file:///C:/Users/Admin/Desktop/coco/PipeRescue/assets/scripts/PathSolver.ts.
23:31:48.152 debug: Target(editor) ends with cost 245.00590000115335ms.
23:31:48.152 debug: Target(preview) build started.
23:31:48.162 debug: Detected change: cce:/internal/x/prerequisite-imports. Last mtime: Thu Jan 01 1970 09:25:41 GMT+0530 (India Standard Time), Current mtime: Thu Jan 01 1970 09:29:41 GMT+0530 (India Standard Time)
23:31:48.162 debug: Inspect cce:/internal/x/prerequisite-imports
23:31:48.182 debug: transform url: 'cce:/internal/x/prerequisite-imports' costs: 19.50 ms
23:31:48.184 debug: Resolve file:///C:/ProgramData/cocos/editors/Creator/3.8.7/resources/resources/3d/engine/editor/assets/default_renderpipeline/builtin-dof-pass.ts from cce:/internal/x/prerequisite-imports as file:///C:/ProgramData/cocos/editors/Creator/3.8.7/resources/resources/3d/engine/editor/assets/default_renderpipeline/builtin-dof-pass.ts.
23:31:48.185 debug: Resolve file:///C:/ProgramData/cocos/editors/Creator/3.8.7/resources/resources/3d/engine/editor/assets/default_renderpipeline/builtin-pipeline-pass.ts from cce:/internal/x/prerequisite-imports as file:///C:/ProgramData/cocos/editors/Creator/3.8.7/resources/resources/3d/engine/editor/assets/default_renderpipeline/builtin-pipeline-pass.ts.
23:31:48.188 debug: Resolve file:///C:/ProgramData/cocos/editors/Creator/3.8.7/resources/resources/3d/engine/editor/assets/default_renderpipeline/builtin-pipeline-settings.ts from cce:/internal/x/prerequisite-imports as file:///C:/ProgramData/cocos/editors/Creator/3.8.7/resources/resources/3d/engine/editor/assets/default_renderpipeline/builtin-pipeline-settings.ts.
23:31:48.189 debug: Resolve file:///C:/ProgramData/cocos/editors/Creator/3.8.7/resources/resources/3d/engine/editor/assets/default_renderpipeline/builtin-pipeline-types.ts from cce:/internal/x/prerequisite-imports as file:///C:/ProgramData/cocos/editors/Creator/3.8.7/resources/resources/3d/engine/editor/assets/default_renderpipeline/builtin-pipeline-types.ts.
23:31:48.191 debug: Resolve file:///C:/ProgramData/cocos/editors/Creator/3.8.7/resources/resources/3d/engine/editor/assets/default_renderpipeline/builtin-pipeline.ts from cce:/internal/x/prerequisite-imports as file:///C:/ProgramData/cocos/editors/Creator/3.8.7/resources/resources/3d/engine/editor/assets/default_renderpipeline/builtin-pipeline.ts.
23:31:48.192 debug: Resolve file:///C:/ProgramData/cocos/editors/Creator/3.8.7/resources/resources/3d/engine/editor/assets/tools/debug-view-runtime-control.ts from cce:/internal/x/prerequisite-imports as file:///C:/ProgramData/cocos/editors/Creator/3.8.7/resources/resources/3d/engine/editor/assets/tools/debug-view-runtime-control.ts.
23:31:48.192 debug: Resolve file:///C:/Users/Admin/Desktop/coco/PipeRescue/assets/scripts/GameController.ts from cce:/internal/x/prerequisite-imports as file:///C:/Users/Admin/Desktop/coco/PipeRescue/assets/scripts/GameController.ts.
23:31:48.193 debug: Detected change: file:///C:/Users/Admin/Desktop/coco/PipeRescue/assets/scripts/GameController.ts. Last mtime: Sun Jun 07 2026 23:27:34 GMT+0530 (India Standard Time)@9a9c60fd-dcf6-41cd-836f-c29f0ad0170c, Current mtime: Sun Jun 07 2026 23:31:45 GMT+0530 (India Standard Time)@9a9c60fd-dcf6-41cd-836f-c29f0ad0170c
23:31:48.193 debug: Inspect file:///C:/Users/Admin/Desktop/coco/PipeRescue/assets/scripts/GameController.ts
23:31:48.309 debug: transform url: 'file:///C:/Users/Admin/Desktop/coco/PipeRescue/assets/scripts/GameController.ts' costs: 116.20 ms
23:31:48.314 debug: Resolve file:///C:/Users/Admin/Desktop/coco/PipeRescue/assets/scripts/PathSolver.ts from cce:/internal/x/prerequisite-imports as file:///C:/Users/Admin/Desktop/coco/PipeRescue/assets/scripts/PathSolver.ts.
23:31:48.315 debug: Resolve file:///C:/Users/Admin/Desktop/coco/PipeRescue/assets/scripts/PipeTypes.ts from cce:/internal/x/prerequisite-imports as file:///C:/Users/Admin/Desktop/coco/PipeRescue/assets/scripts/PipeTypes.ts.
23:31:48.319 debug: Resolve file:///C:/Users/Admin/Desktop/coco/PipeRescue/assets/scripts/TileNode.ts from cce:/internal/x/prerequisite-imports as file:///C:/Users/Admin/Desktop/coco/PipeRescue/assets/scripts/TileNode.ts.
23:31:48.321 debug: Resolve cce:/internal/code-quality/cr.mjs from file:///C:/Users/Admin/Desktop/coco/PipeRescue/assets/scripts/GameController.ts as cce:/internal/code-quality/cr.mjs.
23:31:48.321 debug: Resolve cc from file:///C:/Users/Admin/Desktop/coco/PipeRescue/assets/scripts/GameController.ts as cce:/internal/x/cc.
23:31:48.321 debug: Resolve cc from file:///C:/Users/Admin/Desktop/coco/PipeRescue/assets/scripts/GameController.ts as cce:/internal/x/cc.
23:31:48.322 debug: Resolve cc from file:///C:/Users/Admin/Desktop/coco/PipeRescue/assets/scripts/GameController.ts as cce:/internal/x/cc.
23:31:48.322 debug: Resolve ./PipeTypes from file:///C:/Users/Admin/Desktop/coco/PipeRescue/assets/scripts/GameController.ts as file:///C:/Users/Admin/Desktop/coco/PipeRescue/assets/scripts/PipeTypes.ts.
23:31:48.323 debug: Resolve ./TileNode from file:///C:/Users/Admin/Desktop/coco/PipeRescue/assets/scripts/GameController.ts as file:///C:/Users/Admin/Desktop/coco/PipeRescue/assets/scripts/TileNode.ts.
23:31:48.325 debug: Resolve ./PathSolver from file:///C:/Users/Admin/Desktop/coco/PipeRescue/assets/scripts/GameController.ts as file:///C:/Users/Admin/Desktop/coco/PipeRescue/assets/scripts/PathSolver.ts.
23:31:48.374 debug: Target(preview) ends with cost 221.29279999993742ms.
23:39:58.012 debug: Dispatch build request for time accumulated 2 asset changes.
23:39:58.021 debug: Build iteration starts.
Number of accumulated asset changes: 2
Feature changed: false
23:39:58.023 debug: Target(editor) build started.
23:39:58.030 debug: Detected change: cce:/internal/x/prerequisite-imports. Last mtime: Thu Jan 01 1970 09:29:41 GMT+0530 (India Standard Time), Current mtime: Thu Jan 01 1970 09:37:51 GMT+0530 (India Standard Time)
23:39:58.030 debug: Inspect cce:/internal/x/prerequisite-imports
23:39:58.068 debug: transform url: 'cce:/internal/x/prerequisite-imports' costs: 38.00 ms
23:39:58.072 debug: Resolve file:///C:/ProgramData/cocos/editors/Creator/3.8.7/resources/resources/3d/engine/editor/assets/default_renderpipeline/builtin-dof-pass.ts from cce:/internal/x/prerequisite-imports as file:///C:/ProgramData/cocos/editors/Creator/3.8.7/resources/resources/3d/engine/editor/assets/default_renderpipeline/builtin-dof-pass.ts.
23:39:58.074 debug: Resolve file:///C:/ProgramData/cocos/editors/Creator/3.8.7/resources/resources/3d/engine/editor/assets/default_renderpipeline/builtin-pipeline-pass.ts from cce:/internal/x/prerequisite-imports as file:///C:/ProgramData/cocos/editors/Creator/3.8.7/resources/resources/3d/engine/editor/assets/default_renderpipeline/builtin-pipeline-pass.ts.
23:39:58.075 debug: Resolve file:///C:/ProgramData/cocos/editors/Creator/3.8.7/resources/resources/3d/engine/editor/assets/default_renderpipeline/builtin-pipeline-settings.ts from cce:/internal/x/prerequisite-imports as file:///C:/ProgramData/cocos/editors/Creator/3.8.7/resources/resources/3d/engine/editor/assets/default_renderpipeline/builtin-pipeline-settings.ts.
23:39:58.076 debug: Resolve file:///C:/ProgramData/cocos/editors/Creator/3.8.7/resources/resources/3d/engine/editor/assets/default_renderpipeline/builtin-pipeline-types.ts from cce:/internal/x/prerequisite-imports as file:///C:/ProgramData/cocos/editors/Creator/3.8.7/resources/resources/3d/engine/editor/assets/default_renderpipeline/builtin-pipeline-types.ts.
23:39:58.078 debug: Resolve file:///C:/ProgramData/cocos/editors/Creator/3.8.7/resources/resources/3d/engine/editor/assets/default_renderpipeline/builtin-pipeline.ts from cce:/internal/x/prerequisite-imports as file:///C:/ProgramData/cocos/editors/Creator/3.8.7/resources/resources/3d/engine/editor/assets/default_renderpipeline/builtin-pipeline.ts.
23:39:58.079 debug: Resolve file:///C:/ProgramData/cocos/editors/Creator/3.8.7/resources/resources/3d/engine/editor/assets/tools/debug-view-runtime-control.ts from cce:/internal/x/prerequisite-imports as file:///C:/ProgramData/cocos/editors/Creator/3.8.7/resources/resources/3d/engine/editor/assets/tools/debug-view-runtime-control.ts.
23:39:58.080 debug: Resolve file:///C:/Users/Admin/Desktop/coco/PipeRescue/assets/scripts/GameController.ts from cce:/internal/x/prerequisite-imports as file:///C:/Users/Admin/Desktop/coco/PipeRescue/assets/scripts/GameController.ts.
23:39:58.080 debug: Detected change: file:///C:/Users/Admin/Desktop/coco/PipeRescue/assets/scripts/GameController.ts. Last mtime: Sun Jun 07 2026 23:31:45 GMT+0530 (India Standard Time)@9a9c60fd-dcf6-41cd-836f-c29f0ad0170c, Current mtime: Sun Jun 07 2026 23:38:39 GMT+0530 (India Standard Time)@9a9c60fd-dcf6-41cd-836f-c29f0ad0170c
23:39:58.080 debug: Inspect file:///C:/Users/Admin/Desktop/coco/PipeRescue/assets/scripts/GameController.ts
23:39:58.268 debug: transform url: 'file:///C:/Users/Admin/Desktop/coco/PipeRescue/assets/scripts/GameController.ts' costs: 187.40 ms
23:39:58.271 debug: Resolve file:///C:/Users/Admin/Desktop/coco/PipeRescue/assets/scripts/PathSolver.ts from cce:/internal/x/prerequisite-imports as file:///C:/Users/Admin/Desktop/coco/PipeRescue/assets/scripts/PathSolver.ts.
23:39:58.272 debug: Resolve file:///C:/Users/Admin/Desktop/coco/PipeRescue/assets/scripts/PipeTypes.ts from cce:/internal/x/prerequisite-imports as file:///C:/Users/Admin/Desktop/coco/PipeRescue/assets/scripts/PipeTypes.ts.
23:39:58.272 debug: Detected change: file:///C:/Users/Admin/Desktop/coco/PipeRescue/assets/scripts/PipeTypes.ts. Last mtime: Sun Jun 07 2026 23:25:35 GMT+0530 (India Standard Time)@12e96a41-68e8-49c5-8846-fade2d80cb39, Current mtime: Sun Jun 07 2026 23:39:50 GMT+0530 (India Standard Time)@12e96a41-68e8-49c5-8846-fade2d80cb39
23:39:58.272 debug: Inspect file:///C:/Users/Admin/Desktop/coco/PipeRescue/assets/scripts/PipeTypes.ts
23:39:58.344 debug: transform url: 'file:///C:/Users/Admin/Desktop/coco/PipeRescue/assets/scripts/PipeTypes.ts' costs: 71.80 ms
23:39:58.348 debug: Resolve file:///C:/Users/Admin/Desktop/coco/PipeRescue/assets/scripts/TileNode.ts from cce:/internal/x/prerequisite-imports as file:///C:/Users/Admin/Desktop/coco/PipeRescue/assets/scripts/TileNode.ts.
23:39:58.349 debug: Resolve cce:/internal/code-quality/cr.mjs from file:///C:/Users/Admin/Desktop/coco/PipeRescue/assets/scripts/GameController.ts as cce:/internal/code-quality/cr.mjs.
23:39:58.349 debug: Resolve cc from file:///C:/Users/Admin/Desktop/coco/PipeRescue/assets/scripts/GameController.ts as cce:/internal/x/cc.
23:39:58.350 debug: Resolve cc from file:///C:/Users/Admin/Desktop/coco/PipeRescue/assets/scripts/GameController.ts as cce:/internal/x/cc.
23:39:58.350 debug: Resolve cc from file:///C:/Users/Admin/Desktop/coco/PipeRescue/assets/scripts/GameController.ts as cce:/internal/x/cc.
23:39:58.353 debug: Resolve ./PipeTypes from file:///C:/Users/Admin/Desktop/coco/PipeRescue/assets/scripts/GameController.ts as file:///C:/Users/Admin/Desktop/coco/PipeRescue/assets/scripts/PipeTypes.ts.
23:39:58.355 debug: Resolve ./TileNode from file:///C:/Users/Admin/Desktop/coco/PipeRescue/assets/scripts/GameController.ts as file:///C:/Users/Admin/Desktop/coco/PipeRescue/assets/scripts/TileNode.ts.
23:39:58.356 debug: Resolve ./PathSolver from file:///C:/Users/Admin/Desktop/coco/PipeRescue/assets/scripts/GameController.ts as file:///C:/Users/Admin/Desktop/coco/PipeRescue/assets/scripts/PathSolver.ts.
23:39:58.356 debug: Resolve cc from file:///C:/Users/Admin/Desktop/coco/PipeRescue/assets/scripts/PipeTypes.ts as cce:/internal/x/cc.
23:39:58.387 debug: Target(editor) ends with cost 364.2626999989152ms.
23:39:58.387 debug: Target(preview) build started.
23:39:58.394 debug: Detected change: cce:/internal/x/prerequisite-imports. Last mtime: Thu Jan 01 1970 09:29:41 GMT+0530 (India Standard Time), Current mtime: Thu Jan 01 1970 09:37:52 GMT+0530 (India Standard Time)
23:39:58.394 debug: Inspect cce:/internal/x/prerequisite-imports
23:39:58.411 debug: transform url: 'cce:/internal/x/prerequisite-imports' costs: 16.90 ms
23:39:58.416 debug: Resolve file:///C:/ProgramData/cocos/editors/Creator/3.8.7/resources/resources/3d/engine/editor/assets/default_renderpipeline/builtin-dof-pass.ts from cce:/internal/x/prerequisite-imports as file:///C:/ProgramData/cocos/editors/Creator/3.8.7/resources/resources/3d/engine/editor/assets/default_renderpipeline/builtin-dof-pass.ts.
23:39:58.419 debug: Resolve file:///C:/ProgramData/cocos/editors/Creator/3.8.7/resources/resources/3d/engine/editor/assets/default_renderpipeline/builtin-pipeline-pass.ts from cce:/internal/x/prerequisite-imports as file:///C:/ProgramData/cocos/editors/Creator/3.8.7/resources/resources/3d/engine/editor/assets/default_renderpipeline/builtin-pipeline-pass.ts.
23:39:58.420 debug: Resolve file:///C:/ProgramData/cocos/editors/Creator/3.8.7/resources/resources/3d/engine/editor/assets/default_renderpipeline/builtin-pipeline-settings.ts from cce:/internal/x/prerequisite-imports as file:///C:/ProgramData/cocos/editors/Creator/3.8.7/resources/resources/3d/engine/editor/assets/default_renderpipeline/builtin-pipeline-settings.ts.
23:39:58.421 debug: Resolve file:///C:/ProgramData/cocos/editors/Creator/3.8.7/resources/resources/3d/engine/editor/assets/default_renderpipeline/builtin-pipeline-types.ts from cce:/internal/x/prerequisite-imports as file:///C:/ProgramData/cocos/editors/Creator/3.8.7/resources/resources/3d/engine/editor/assets/default_renderpipeline/builtin-pipeline-types.ts.
23:39:58.422 debug: Resolve file:///C:/ProgramData/cocos/editors/Creator/3.8.7/resources/resources/3d/engine/editor/assets/default_renderpipeline/builtin-pipeline.ts from cce:/internal/x/prerequisite-imports as file:///C:/ProgramData/cocos/editors/Creator/3.8.7/resources/resources/3d/engine/editor/assets/default_renderpipeline/builtin-pipeline.ts.
23:39:58.423 debug: Resolve file:///C:/ProgramData/cocos/editors/Creator/3.8.7/resources/resources/3d/engine/editor/assets/tools/debug-view-runtime-control.ts from cce:/internal/x/prerequisite-imports as file:///C:/ProgramData/cocos/editors/Creator/3.8.7/resources/resources/3d/engine/editor/assets/tools/debug-view-runtime-control.ts.
23:39:58.424 debug: Resolve file:///C:/Users/Admin/Desktop/coco/PipeRescue/assets/scripts/GameController.ts from cce:/internal/x/prerequisite-imports as file:///C:/Users/Admin/Desktop/coco/PipeRescue/assets/scripts/GameController.ts.
23:39:58.424 debug: Detected change: file:///C:/Users/Admin/Desktop/coco/PipeRescue/assets/scripts/GameController.ts. Last mtime: Sun Jun 07 2026 23:31:45 GMT+0530 (India Standard Time)@9a9c60fd-dcf6-41cd-836f-c29f0ad0170c, Current mtime: Sun Jun 07 2026 23:38:39 GMT+0530 (India Standard Time)@9a9c60fd-dcf6-41cd-836f-c29f0ad0170c
23:39:58.424 debug: Inspect file:///C:/Users/Admin/Desktop/coco/PipeRescue/assets/scripts/GameController.ts
23:39:58.771 debug: transform url: 'file:///C:/Users/Admin/Desktop/coco/PipeRescue/assets/scripts/GameController.ts' costs: 346.10 ms
23:39:58.778 debug: Resolve file:///C:/Users/Admin/Desktop/coco/PipeRescue/assets/scripts/PathSolver.ts from cce:/internal/x/prerequisite-imports as file:///C:/Users/Admin/Desktop/coco/PipeRescue/assets/scripts/PathSolver.ts.
23:39:58.781 debug: Resolve file:///C:/Users/Admin/Desktop/coco/PipeRescue/assets/scripts/PipeTypes.ts from cce:/internal/x/prerequisite-imports as file:///C:/Users/Admin/Desktop/coco/PipeRescue/assets/scripts/PipeTypes.ts.
23:39:58.781 debug: Detected change: file:///C:/Users/Admin/Desktop/coco/PipeRescue/assets/scripts/PipeTypes.ts. Last mtime: Sun Jun 07 2026 23:25:35 GMT+0530 (India Standard Time)@12e96a41-68e8-49c5-8846-fade2d80cb39, Current mtime: Sun Jun 07 2026 23:39:50 GMT+0530 (India Standard Time)@12e96a41-68e8-49c5-8846-fade2d80cb39
23:39:58.781 debug: Inspect file:///C:/Users/Admin/Desktop/coco/PipeRescue/assets/scripts/PipeTypes.ts
23:39:58.842 debug: transform url: 'file:///C:/Users/Admin/Desktop/coco/PipeRescue/assets/scripts/PipeTypes.ts' costs: 60.80 ms
23:39:58.847 debug: Resolve file:///C:/Users/Admin/Desktop/coco/PipeRescue/assets/scripts/TileNode.ts from cce:/internal/x/prerequisite-imports as file:///C:/Users/Admin/Desktop/coco/PipeRescue/assets/scripts/TileNode.ts.
23:39:58.848 debug: Resolve cce:/internal/code-quality/cr.mjs from file:///C:/Users/Admin/Desktop/coco/PipeRescue/assets/scripts/GameController.ts as cce:/internal/code-quality/cr.mjs.
23:39:58.848 debug: Resolve cc from file:///C:/Users/Admin/Desktop/coco/PipeRescue/assets/scripts/GameController.ts as cce:/internal/x/cc.
23:39:58.848 debug: Resolve cc from file:///C:/Users/Admin/Desktop/coco/PipeRescue/assets/scripts/GameController.ts as cce:/internal/x/cc.
23:39:58.849 debug: Resolve cc from file:///C:/Users/Admin/Desktop/coco/PipeRescue/assets/scripts/GameController.ts as cce:/internal/x/cc.
23:39:58.850 debug: Resolve ./PipeTypes from file:///C:/Users/Admin/Desktop/coco/PipeRescue/assets/scripts/GameController.ts as file:///C:/Users/Admin/Desktop/coco/PipeRescue/assets/scripts/PipeTypes.ts.
23:39:58.851 debug: Resolve ./TileNode from file:///C:/Users/Admin/Desktop/coco/PipeRescue/assets/scripts/GameController.ts as file:///C:/Users/Admin/Desktop/coco/PipeRescue/assets/scripts/TileNode.ts.
23:39:58.852 debug: Resolve ./PathSolver from file:///C:/Users/Admin/Desktop/coco/PipeRescue/assets/scripts/GameController.ts as file:///C:/Users/Admin/Desktop/coco/PipeRescue/assets/scripts/PathSolver.ts.
23:39:58.852 debug: Resolve cc from file:///C:/Users/Admin/Desktop/coco/PipeRescue/assets/scripts/PipeTypes.ts as cce:/internal/x/cc.
23:39:58.875 debug: Target(preview) ends with cost 487.47819999977946ms.
23:41:01.752 debug: Dispatch build request for time accumulated 1 asset changes.
23:41:01.755 debug: Build iteration starts.
Number of accumulated asset changes: 1
Feature changed: false
23:41:01.755 debug: Target(editor) build started.
23:41:01.760 debug: Detected change: cce:/internal/x/prerequisite-imports. Last mtime: Thu Jan 01 1970 09:37:51 GMT+0530 (India Standard Time), Current mtime: Thu Jan 01 1970 09:38:55 GMT+0530 (India Standard Time)
23:41:01.760 debug: Inspect cce:/internal/x/prerequisite-imports
23:41:01.783 debug: transform url: 'cce:/internal/x/prerequisite-imports' costs: 23.00 ms
23:41:01.786 debug: Resolve file:///C:/ProgramData/cocos/editors/Creator/3.8.7/resources/resources/3d/engine/editor/assets/default_renderpipeline/builtin-dof-pass.ts from cce:/internal/x/prerequisite-imports as file:///C:/ProgramData/cocos/editors/Creator/3.8.7/resources/resources/3d/engine/editor/assets/default_renderpipeline/builtin-dof-pass.ts.
23:41:01.788 debug: Resolve file:///C:/ProgramData/cocos/editors/Creator/3.8.7/resources/resources/3d/engine/editor/assets/default_renderpipeline/builtin-pipeline-pass.ts from cce:/internal/x/prerequisite-imports as file:///C:/ProgramData/cocos/editors/Creator/3.8.7/resources/resources/3d/engine/editor/assets/default_renderpipeline/builtin-pipeline-pass.ts.
23:41:01.790 debug: Resolve file:///C:/ProgramData/cocos/editors/Creator/3.8.7/resources/resources/3d/engine/editor/assets/default_renderpipeline/builtin-pipeline-settings.ts from cce:/internal/x/prerequisite-imports as file:///C:/ProgramData/cocos/editors/Creator/3.8.7/resources/resources/3d/engine/editor/assets/default_renderpipeline/builtin-pipeline-settings.ts.
23:41:01.791 debug: Resolve file:///C:/ProgramData/cocos/editors/Creator/3.8.7/resources/resources/3d/engine/editor/assets/default_renderpipeline/builtin-pipeline-types.ts from cce:/internal/x/prerequisite-imports as file:///C:/ProgramData/cocos/editors/Creator/3.8.7/resources/resources/3d/engine/editor/assets/default_renderpipeline/builtin-pipeline-types.ts.
23:41:01.793 debug: Resolve file:///C:/ProgramData/cocos/editors/Creator/3.8.7/resources/resources/3d/engine/editor/assets/default_renderpipeline/builtin-pipeline.ts from cce:/internal/x/prerequisite-imports as file:///C:/ProgramData/cocos/editors/Creator/3.8.7/resources/resources/3d/engine/editor/assets/default_renderpipeline/builtin-pipeline.ts.
23:41:01.794 debug: Resolve file:///C:/ProgramData/cocos/editors/Creator/3.8.7/resources/resources/3d/engine/editor/assets/tools/debug-view-runtime-control.ts from cce:/internal/x/prerequisite-imports as file:///C:/ProgramData/cocos/editors/Creator/3.8.7/resources/resources/3d/engine/editor/assets/tools/debug-view-runtime-control.ts.
23:41:01.796 debug: Resolve file:///C:/Users/Admin/Desktop/coco/PipeRescue/assets/scripts/GameController.ts from cce:/internal/x/prerequisite-imports as file:///C:/Users/Admin/Desktop/coco/PipeRescue/assets/scripts/GameController.ts.
23:41:01.797 debug: Resolve file:///C:/Users/Admin/Desktop/coco/PipeRescue/assets/scripts/PathSolver.ts from cce:/internal/x/prerequisite-imports as file:///C:/Users/Admin/Desktop/coco/PipeRescue/assets/scripts/PathSolver.ts.
23:41:01.798 debug: Resolve file:///C:/Users/Admin/Desktop/coco/PipeRescue/assets/scripts/PipeTypes.ts from cce:/internal/x/prerequisite-imports as file:///C:/Users/Admin/Desktop/coco/PipeRescue/assets/scripts/PipeTypes.ts.
23:41:01.798 debug: Detected change: file:///C:/Users/Admin/Desktop/coco/PipeRescue/assets/scripts/PipeTypes.ts. Last mtime: Sun Jun 07 2026 23:39:50 GMT+0530 (India Standard Time)@12e96a41-68e8-49c5-8846-fade2d80cb39, Current mtime: Sun Jun 07 2026 23:40:58 GMT+0530 (India Standard Time)@12e96a41-68e8-49c5-8846-fade2d80cb39
23:41:01.799 debug: Inspect file:///C:/Users/Admin/Desktop/coco/PipeRescue/assets/scripts/PipeTypes.ts
23:41:01.892 debug: transform url: 'file:///C:/Users/Admin/Desktop/coco/PipeRescue/assets/scripts/PipeTypes.ts' costs: 92.80 ms
23:41:01.895 debug: Resolve file:///C:/Users/Admin/Desktop/coco/PipeRescue/assets/scripts/TileNode.ts from cce:/internal/x/prerequisite-imports as file:///C:/Users/Admin/Desktop/coco/PipeRescue/assets/scripts/TileNode.ts.
23:41:01.896 debug: Resolve cc from file:///C:/Users/Admin/Desktop/coco/PipeRescue/assets/scripts/PipeTypes.ts as cce:/internal/x/cc.
23:41:01.921 debug: Target(editor) ends with cost 165.0407999996096ms.
23:41:01.921 debug: Target(preview) build started.
23:41:01.933 debug: Detected change: cce:/internal/x/prerequisite-imports. Last mtime: Thu Jan 01 1970 09:37:52 GMT+0530 (India Standard Time), Current mtime: Thu Jan 01 1970 09:38:55 GMT+0530 (India Standard Time)
23:41:01.933 debug: Inspect cce:/internal/x/prerequisite-imports
23:41:01.954 debug: transform url: 'cce:/internal/x/prerequisite-imports' costs: 21.00 ms
23:41:01.958 debug: Resolve file:///C:/ProgramData/cocos/editors/Creator/3.8.7/resources/resources/3d/engine/editor/assets/default_renderpipeline/builtin-dof-pass.ts from cce:/internal/x/prerequisite-imports as file:///C:/ProgramData/cocos/editors/Creator/3.8.7/resources/resources/3d/engine/editor/assets/default_renderpipeline/builtin-dof-pass.ts.
23:41:01.959 debug: Resolve file:///C:/ProgramData/cocos/editors/Creator/3.8.7/resources/resources/3d/engine/editor/assets/default_renderpipeline/builtin-pipeline-pass.ts from cce:/internal/x/prerequisite-imports as file:///C:/ProgramData/cocos/editors/Creator/3.8.7/resources/resources/3d/engine/editor/assets/default_renderpipeline/builtin-pipeline-pass.ts.
23:41:01.961 debug: Resolve file:///C:/ProgramData/cocos/editors/Creator/3.8.7/resources/resources/3d/engine/editor/assets/default_renderpipeline/builtin-pipeline-settings.ts from cce:/internal/x/prerequisite-imports as file:///C:/ProgramData/cocos/editors/Creator/3.8.7/resources/resources/3d/engine/editor/assets/default_renderpipeline/builtin-pipeline-settings.ts.
23:41:01.962 debug: Resolve file:///C:/ProgramData/cocos/editors/Creator/3.8.7/resources/resources/3d/engine/editor/assets/default_renderpipeline/builtin-pipeline-types.ts from cce:/internal/x/prerequisite-imports as file:///C:/ProgramData/cocos/editors/Creator/3.8.7/resources/resources/3d/engine/editor/assets/default_renderpipeline/builtin-pipeline-types.ts.
23:41:01.963 debug: Resolve file:///C:/ProgramData/cocos/editors/Creator/3.8.7/resources/resources/3d/engine/editor/assets/default_renderpipeline/builtin-pipeline.ts from cce:/internal/x/prerequisite-imports as file:///C:/ProgramData/cocos/editors/Creator/3.8.7/resources/resources/3d/engine/editor/assets/default_renderpipeline/builtin-pipeline.ts.
23:41:01.964 debug: Resolve file:///C:/ProgramData/cocos/editors/Creator/3.8.7/resources/resources/3d/engine/editor/assets/tools/debug-view-runtime-control.ts from cce:/internal/x/prerequisite-imports as file:///C:/ProgramData/cocos/editors/Creator/3.8.7/resources/resources/3d/engine/editor/assets/tools/debug-view-runtime-control.ts.
23:41:01.965 debug: Resolve file:///C:/Users/Admin/Desktop/coco/PipeRescue/assets/scripts/GameController.ts from cce:/internal/x/prerequisite-imports as file:///C:/Users/Admin/Desktop/coco/PipeRescue/assets/scripts/GameController.ts.
23:41:01.966 debug: Resolve file:///C:/Users/Admin/Desktop/coco/PipeRescue/assets/scripts/PathSolver.ts from cce:/internal/x/prerequisite-imports as file:///C:/Users/Admin/Desktop/coco/PipeRescue/assets/scripts/PathSolver.ts.
23:41:01.967 debug: Resolve file:///C:/Users/Admin/Desktop/coco/PipeRescue/assets/scripts/PipeTypes.ts from cce:/internal/x/prerequisite-imports as file:///C:/Users/Admin/Desktop/coco/PipeRescue/assets/scripts/PipeTypes.ts.
23:41:01.967 debug: Detected change: file:///C:/Users/Admin/Desktop/coco/PipeRescue/assets/scripts/PipeTypes.ts. Last mtime: Sun Jun 07 2026 23:39:50 GMT+0530 (India Standard Time)@12e96a41-68e8-49c5-8846-fade2d80cb39, Current mtime: Sun Jun 07 2026 23:40:58 GMT+0530 (India Standard Time)@12e96a41-68e8-49c5-8846-fade2d80cb39
23:41:01.967 debug: Inspect file:///C:/Users/Admin/Desktop/coco/PipeRescue/assets/scripts/PipeTypes.ts
23:41:02.078 debug: transform url: 'file:///C:/Users/Admin/Desktop/coco/PipeRescue/assets/scripts/PipeTypes.ts' costs: 110.20 ms
23:41:02.081 debug: Resolve file:///C:/Users/Admin/Desktop/coco/PipeRescue/assets/scripts/TileNode.ts from cce:/internal/x/prerequisite-imports as file:///C:/Users/Admin/Desktop/coco/PipeRescue/assets/scripts/TileNode.ts.
23:41:02.081 debug: Resolve cc from file:///C:/Users/Admin/Desktop/coco/PipeRescue/assets/scripts/PipeTypes.ts as cce:/internal/x/cc.
23:41:02.112 debug: Target(preview) ends with cost 190.2367000002414ms.
23:43:02.873 debug: Dispatch build request for time accumulated 1 asset changes.
23:43:02.876 debug: Build iteration starts.
Number of accumulated asset changes: 1
Feature changed: false
23:43:02.877 debug: Target(editor) build started.
23:43:02.880 debug: Detected change: cce:/internal/x/prerequisite-imports. Last mtime: Thu Jan 01 1970 09:38:55 GMT+0530 (India Standard Time), Current mtime: Thu Jan 01 1970 09:40:56 GMT+0530 (India Standard Time)
23:43:02.880 debug: Inspect cce:/internal/x/prerequisite-imports
23:43:02.899 debug: transform url: 'cce:/internal/x/prerequisite-imports' costs: 19.50 ms
23:43:02.904 debug: Resolve file:///C:/ProgramData/cocos/editors/Creator/3.8.7/resources/resources/3d/engine/editor/assets/default_renderpipeline/builtin-dof-pass.ts from cce:/internal/x/prerequisite-imports as file:///C:/ProgramData/cocos/editors/Creator/3.8.7/resources/resources/3d/engine/editor/assets/default_renderpipeline/builtin-dof-pass.ts.
23:43:02.909 debug: Resolve file:///C:/ProgramData/cocos/editors/Creator/3.8.7/resources/resources/3d/engine/editor/assets/default_renderpipeline/builtin-pipeline-pass.ts from cce:/internal/x/prerequisite-imports as file:///C:/ProgramData/cocos/editors/Creator/3.8.7/resources/resources/3d/engine/editor/assets/default_renderpipeline/builtin-pipeline-pass.ts.
23:43:02.911 debug: Resolve file:///C:/ProgramData/cocos/editors/Creator/3.8.7/resources/resources/3d/engine/editor/assets/default_renderpipeline/builtin-pipeline-settings.ts from cce:/internal/x/prerequisite-imports as file:///C:/ProgramData/cocos/editors/Creator/3.8.7/resources/resources/3d/engine/editor/assets/default_renderpipeline/builtin-pipeline-settings.ts.
23:43:02.912 debug: Resolve file:///C:/ProgramData/cocos/editors/Creator/3.8.7/resources/resources/3d/engine/editor/assets/default_renderpipeline/builtin-pipeline-types.ts from cce:/internal/x/prerequisite-imports as file:///C:/ProgramData/cocos/editors/Creator/3.8.7/resources/resources/3d/engine/editor/assets/default_renderpipeline/builtin-pipeline-types.ts.
23:43:02.913 debug: Resolve file:///C:/ProgramData/cocos/editors/Creator/3.8.7/resources/resources/3d/engine/editor/assets/default_renderpipeline/builtin-pipeline.ts from cce:/internal/x/prerequisite-imports as file:///C:/ProgramData/cocos/editors/Creator/3.8.7/resources/resources/3d/engine/editor/assets/default_renderpipeline/builtin-pipeline.ts.
23:43:02.914 debug: Resolve file:///C:/ProgramData/cocos/editors/Creator/3.8.7/resources/resources/3d/engine/editor/assets/tools/debug-view-runtime-control.ts from cce:/internal/x/prerequisite-imports as file:///C:/ProgramData/cocos/editors/Creator/3.8.7/resources/resources/3d/engine/editor/assets/tools/debug-view-runtime-control.ts.
23:43:02.915 debug: Resolve file:///C:/Users/Admin/Desktop/coco/PipeRescue/assets/scripts/GameController.ts from cce:/internal/x/prerequisite-imports as file:///C:/Users/Admin/Desktop/coco/PipeRescue/assets/scripts/GameController.ts.
23:43:02.915 debug: Resolve file:///C:/Users/Admin/Desktop/coco/PipeRescue/assets/scripts/PathSolver.ts from cce:/internal/x/prerequisite-imports as file:///C:/Users/Admin/Desktop/coco/PipeRescue/assets/scripts/PathSolver.ts.
23:43:02.916 debug: Resolve file:///C:/Users/Admin/Desktop/coco/PipeRescue/assets/scripts/PipeTypes.ts from cce:/internal/x/prerequisite-imports as file:///C:/Users/Admin/Desktop/coco/PipeRescue/assets/scripts/PipeTypes.ts.
23:43:02.916 debug: Detected change: file:///C:/Users/Admin/Desktop/coco/PipeRescue/assets/scripts/PipeTypes.ts. Last mtime: Sun Jun 07 2026 23:40:58 GMT+0530 (India Standard Time)@12e96a41-68e8-49c5-8846-fade2d80cb39, Current mtime: Sun Jun 07 2026 23:42:58 GMT+0530 (India Standard Time)@12e96a41-68e8-49c5-8846-fade2d80cb39
23:43:02.916 debug: Inspect file:///C:/Users/Admin/Desktop/coco/PipeRescue/assets/scripts/PipeTypes.ts
23:43:02.985 debug: transform url: 'file:///C:/Users/Admin/Desktop/coco/PipeRescue/assets/scripts/PipeTypes.ts' costs: 69.40 ms
23:43:02.990 debug: Resolve file:///C:/Users/Admin/Desktop/coco/PipeRescue/assets/scripts/TileNode.ts from cce:/internal/x/prerequisite-imports as file:///C:/Users/Admin/Desktop/coco/PipeRescue/assets/scripts/TileNode.ts.
23:43:02.992 debug: Resolve cc from file:///C:/Users/Admin/Desktop/coco/PipeRescue/assets/scripts/PipeTypes.ts as cce:/internal/x/cc.
23:43:03.026 debug: Target(editor) ends with cost 149.36119999922812ms.
23:43:03.026 debug: Target(preview) build started.
23:43:03.033 debug: Detected change: cce:/internal/x/prerequisite-imports. Last mtime: Thu Jan 01 1970 09:38:55 GMT+0530 (India Standard Time), Current mtime: Thu Jan 01 1970 09:40:56 GMT+0530 (India Standard Time)
23:43:03.033 debug: Inspect cce:/internal/x/prerequisite-imports
23:43:03.062 debug: transform url: 'cce:/internal/x/prerequisite-imports' costs: 29.10 ms
23:43:03.066 debug: Resolve file:///C:/ProgramData/cocos/editors/Creator/3.8.7/resources/resources/3d/engine/editor/assets/default_renderpipeline/builtin-dof-pass.ts from cce:/internal/x/prerequisite-imports as file:///C:/ProgramData/cocos/editors/Creator/3.8.7/resources/resources/3d/engine/editor/assets/default_renderpipeline/builtin-dof-pass.ts.
23:43:03.067 debug: Resolve file:///C:/ProgramData/cocos/editors/Creator/3.8.7/resources/resources/3d/engine/editor/assets/default_renderpipeline/builtin-pipeline-pass.ts from cce:/internal/x/prerequisite-imports as file:///C:/ProgramData/cocos/editors/Creator/3.8.7/resources/resources/3d/engine/editor/assets/default_renderpipeline/builtin-pipeline-pass.ts.
23:43:03.068 debug: Resolve file:///C:/ProgramData/cocos/editors/Creator/3.8.7/resources/resources/3d/engine/editor/assets/default_renderpipeline/builtin-pipeline-settings.ts from cce:/internal/x/prerequisite-imports as file:///C:/ProgramData/cocos/editors/Creator/3.8.7/resources/resources/3d/engine/editor/assets/default_renderpipeline/builtin-pipeline-settings.ts.
23:43:03.069 debug: Resolve file:///C:/ProgramData/cocos/editors/Creator/3.8.7/resources/resources/3d/engine/editor/assets/default_renderpipeline/builtin-pipeline-types.ts from cce:/internal/x/prerequisite-imports as file:///C:/ProgramData/cocos/editors/Creator/3.8.7/resources/resources/3d/engine/editor/assets/default_renderpipeline/builtin-pipeline-types.ts.
23:43:03.071 debug: Resolve file:///C:/ProgramData/cocos/editors/Creator/3.8.7/resources/resources/3d/engine/editor/assets/default_renderpipeline/builtin-pipeline.ts from cce:/internal/x/prerequisite-imports as file:///C:/ProgramData/cocos/editors/Creator/3.8.7/resources/resources/3d/engine/editor/assets/default_renderpipeline/builtin-pipeline.ts.
23:43:03.073 debug: Resolve file:///C:/ProgramData/cocos/editors/Creator/3.8.7/resources/resources/3d/engine/editor/assets/tools/debug-view-runtime-control.ts from cce:/internal/x/prerequisite-imports as file:///C:/ProgramData/cocos/editors/Creator/3.8.7/resources/resources/3d/engine/editor/assets/tools/debug-view-runtime-control.ts.
23:43:03.075 debug: Resolve file:///C:/Users/Admin/Desktop/coco/PipeRescue/assets/scripts/GameController.ts from cce:/internal/x/prerequisite-imports as file:///C:/Users/Admin/Desktop/coco/PipeRescue/assets/scripts/GameController.ts.
23:43:03.076 debug: Resolve file:///C:/Users/Admin/Desktop/coco/PipeRescue/assets/scripts/PathSolver.ts from cce:/internal/x/prerequisite-imports as file:///C:/Users/Admin/Desktop/coco/PipeRescue/assets/scripts/PathSolver.ts.
23:43:03.077 debug: Resolve file:///C:/Users/Admin/Desktop/coco/PipeRescue/assets/scripts/PipeTypes.ts from cce:/internal/x/prerequisite-imports as file:///C:/Users/Admin/Desktop/coco/PipeRescue/assets/scripts/PipeTypes.ts.
23:43:03.077 debug: Detected change: file:///C:/Users/Admin/Desktop/coco/PipeRescue/assets/scripts/PipeTypes.ts. Last mtime: Sun Jun 07 2026 23:40:58 GMT+0530 (India Standard Time)@12e96a41-68e8-49c5-8846-fade2d80cb39, Current mtime: Sun Jun 07 2026 23:42:58 GMT+0530 (India Standard Time)@12e96a41-68e8-49c5-8846-fade2d80cb39
23:43:03.077 debug: Inspect file:///C:/Users/Admin/Desktop/coco/PipeRescue/assets/scripts/PipeTypes.ts
23:43:03.160 debug: transform url: 'file:///C:/Users/Admin/Desktop/coco/PipeRescue/assets/scripts/PipeTypes.ts' costs: 82.90 ms
23:43:03.163 debug: Resolve file:///C:/Users/Admin/Desktop/coco/PipeRescue/assets/scripts/TileNode.ts from cce:/internal/x/prerequisite-imports as file:///C:/Users/Admin/Desktop/coco/PipeRescue/assets/scripts/TileNode.ts.
23:43:03.164 debug: Resolve cc from file:///C:/Users/Admin/Desktop/coco/PipeRescue/assets/scripts/PipeTypes.ts as cce:/internal/x/cc.
23:43:03.194 debug: Target(preview) ends with cost 167.1589999999851ms.
23:44:55.978 debug: Dispatch build request for time accumulated 1 asset changes.
23:44:55.981 debug: Build iteration starts.
Number of accumulated asset changes: 1
Feature changed: false
23:44:55.982 debug: Target(editor) build started.
23:44:55.988 debug: Detected change: cce:/internal/x/prerequisite-imports. Last mtime: Thu Jan 01 1970 09:40:56 GMT+0530 (India Standard Time), Current mtime: Thu Jan 01 1970 09:42:49 GMT+0530 (India Standard Time)
23:44:55.988 debug: Inspect cce:/internal/x/prerequisite-imports
23:44:56.013 debug: transform url: 'cce:/internal/x/prerequisite-imports' costs: 24.20 ms
23:44:56.019 debug: Resolve file:///C:/ProgramData/cocos/editors/Creator/3.8.7/resources/resources/3d/engine/editor/assets/default_renderpipeline/builtin-dof-pass.ts from cce:/internal/x/prerequisite-imports as file:///C:/ProgramData/cocos/editors/Creator/3.8.7/resources/resources/3d/engine/editor/assets/default_renderpipeline/builtin-dof-pass.ts.
23:44:56.020 debug: Resolve file:///C:/ProgramData/cocos/editors/Creator/3.8.7/resources/resources/3d/engine/editor/assets/default_renderpipeline/builtin-pipeline-pass.ts from cce:/internal/x/prerequisite-imports as file:///C:/ProgramData/cocos/editors/Creator/3.8.7/resources/resources/3d/engine/editor/assets/default_renderpipeline/builtin-pipeline-pass.ts.
23:44:56.021 debug: Resolve file:///C:/ProgramData/cocos/editors/Creator/3.8.7/resources/resources/3d/engine/editor/assets/default_renderpipeline/builtin-pipeline-settings.ts from cce:/internal/x/prerequisite-imports as file:///C:/ProgramData/cocos/editors/Creator/3.8.7/resources/resources/3d/engine/editor/assets/default_renderpipeline/builtin-pipeline-settings.ts.
23:44:56.021 debug: Resolve file:///C:/ProgramData/cocos/editors/Creator/3.8.7/resources/resources/3d/engine/editor/assets/default_renderpipeline/builtin-pipeline-types.ts from cce:/internal/x/prerequisite-imports as file:///C:/ProgramData/cocos/editors/Creator/3.8.7/resources/resources/3d/engine/editor/assets/default_renderpipeline/builtin-pipeline-types.ts.
23:44:56.022 debug: Resolve file:///C:/ProgramData/cocos/editors/Creator/3.8.7/resources/resources/3d/engine/editor/assets/default_renderpipeline/builtin-pipeline.ts from cce:/internal/x/prerequisite-imports as file:///C:/ProgramData/cocos/editors/Creator/3.8.7/resources/resources/3d/engine/editor/assets/default_renderpipeline/builtin-pipeline.ts.
23:44:56.023 debug: Resolve file:///C:/ProgramData/cocos/editors/Creator/3.8.7/resources/resources/3d/engine/editor/assets/tools/debug-view-runtime-control.ts from cce:/internal/x/prerequisite-imports as file:///C:/ProgramData/cocos/editors/Creator/3.8.7/resources/resources/3d/engine/editor/assets/tools/debug-view-runtime-control.ts.
23:44:56.025 debug: Resolve file:///C:/Users/Admin/Desktop/coco/PipeRescue/assets/scripts/GameController.ts from cce:/internal/x/prerequisite-imports as file:///C:/Users/Admin/Desktop/coco/PipeRescue/assets/scripts/GameController.ts.
23:44:56.025 debug: Resolve file:///C:/Users/Admin/Desktop/coco/PipeRescue/assets/scripts/PathSolver.ts from cce:/internal/x/prerequisite-imports as file:///C:/Users/Admin/Desktop/coco/PipeRescue/assets/scripts/PathSolver.ts.
23:44:56.026 debug: Resolve file:///C:/Users/Admin/Desktop/coco/PipeRescue/assets/scripts/PipeTypes.ts from cce:/internal/x/prerequisite-imports as file:///C:/Users/Admin/Desktop/coco/PipeRescue/assets/scripts/PipeTypes.ts.
23:44:56.026 debug: Detected change: file:///C:/Users/Admin/Desktop/coco/PipeRescue/assets/scripts/PipeTypes.ts. Last mtime: Sun Jun 07 2026 23:42:58 GMT+0530 (India Standard Time)@12e96a41-68e8-49c5-8846-fade2d80cb39, Current mtime: Sun Jun 07 2026 23:44:51 GMT+0530 (India Standard Time)@12e96a41-68e8-49c5-8846-fade2d80cb39
23:44:56.026 debug: Inspect file:///C:/Users/Admin/Desktop/coco/PipeRescue/assets/scripts/PipeTypes.ts
23:44:56.112 debug: transform url: 'file:///C:/Users/Admin/Desktop/coco/PipeRescue/assets/scripts/PipeTypes.ts' costs: 85.70 ms
23:44:56.117 debug: Resolve file:///C:/Users/Admin/Desktop/coco/PipeRescue/assets/scripts/TileNode.ts from cce:/internal/x/prerequisite-imports as file:///C:/Users/Admin/Desktop/coco/PipeRescue/assets/scripts/TileNode.ts.
23:44:56.118 debug: Resolve cc from file:///C:/Users/Admin/Desktop/coco/PipeRescue/assets/scripts/PipeTypes.ts as cce:/internal/x/cc.
23:44:56.147 debug: Target(editor) ends with cost 164.56830000132322ms.
23:44:56.147 debug: Target(preview) build started.
23:44:56.158 debug: Detected change: cce:/internal/x/prerequisite-imports. Last mtime: Thu Jan 01 1970 09:40:56 GMT+0530 (India Standard Time), Current mtime: Thu Jan 01 1970 09:42:49 GMT+0530 (India Standard Time)
23:44:56.158 debug: Inspect cce:/internal/x/prerequisite-imports
23:44:56.190 debug: transform url: 'cce:/internal/x/prerequisite-imports' costs: 31.90 ms
23:44:56.193 debug: Resolve file:///C:/ProgramData/cocos/editors/Creator/3.8.7/resources/resources/3d/engine/editor/assets/default_renderpipeline/builtin-dof-pass.ts from cce:/internal/x/prerequisite-imports as file:///C:/ProgramData/cocos/editors/Creator/3.8.7/resources/resources/3d/engine/editor/assets/default_renderpipeline/builtin-dof-pass.ts.
23:44:56.194 debug: Resolve file:///C:/ProgramData/cocos/editors/Creator/3.8.7/resources/resources/3d/engine/editor/assets/default_renderpipeline/builtin-pipeline-pass.ts from cce:/internal/x/prerequisite-imports as file:///C:/ProgramData/cocos/editors/Creator/3.8.7/resources/resources/3d/engine/editor/assets/default_renderpipeline/builtin-pipeline-pass.ts.
23:44:56.195 debug: Resolve file:///C:/ProgramData/cocos/editors/Creator/3.8.7/resources/resources/3d/engine/editor/assets/default_renderpipeline/builtin-pipeline-settings.ts from cce:/internal/x/prerequisite-imports as file:///C:/ProgramData/cocos/editors/Creator/3.8.7/resources/resources/3d/engine/editor/assets/default_renderpipeline/builtin-pipeline-settings.ts.
23:44:56.196 debug: Resolve file:///C:/ProgramData/cocos/editors/Creator/3.8.7/resources/resources/3d/engine/editor/assets/default_renderpipeline/builtin-pipeline-types.ts from cce:/internal/x/prerequisite-imports as file:///C:/ProgramData/cocos/editors/Creator/3.8.7/resources/resources/3d/engine/editor/assets/default_renderpipeline/builtin-pipeline-types.ts.
23:44:56.203 debug: Resolve file:///C:/ProgramData/cocos/editors/Creator/3.8.7/resources/resources/3d/engine/editor/assets/default_renderpipeline/builtin-pipeline.ts from cce:/internal/x/prerequisite-imports as file:///C:/ProgramData/cocos/editors/Creator/3.8.7/resources/resources/3d/engine/editor/assets/default_renderpipeline/builtin-pipeline.ts.
23:44:56.206 debug: Resolve file:///C:/ProgramData/cocos/editors/Creator/3.8.7/resources/resources/3d/engine/editor/assets/tools/debug-view-runtime-control.ts from cce:/internal/x/prerequisite-imports as file:///C:/ProgramData/cocos/editors/Creator/3.8.7/resources/resources/3d/engine/editor/assets/tools/debug-view-runtime-control.ts.
23:44:56.207 debug: Resolve file:///C:/Users/Admin/Desktop/coco/PipeRescue/assets/scripts/GameController.ts from cce:/internal/x/prerequisite-imports as file:///C:/Users/Admin/Desktop/coco/PipeRescue/assets/scripts/GameController.ts.
23:44:56.208 debug: Resolve file:///C:/Users/Admin/Desktop/coco/PipeRescue/assets/scripts/PathSolver.ts from cce:/internal/x/prerequisite-imports as file:///C:/Users/Admin/Desktop/coco/PipeRescue/assets/scripts/PathSolver.ts.
23:44:56.209 debug: Resolve file:///C:/Users/Admin/Desktop/coco/PipeRescue/assets/scripts/PipeTypes.ts from cce:/internal/x/prerequisite-imports as file:///C:/Users/Admin/Desktop/coco/PipeRescue/assets/scripts/PipeTypes.ts.
23:44:56.210 debug: Detected change: file:///C:/Users/Admin/Desktop/coco/PipeRescue/assets/scripts/PipeTypes.ts. Last mtime: Sun Jun 07 2026 23:42:58 GMT+0530 (India Standard Time)@12e96a41-68e8-49c5-8846-fade2d80cb39, Current mtime: Sun Jun 07 2026 23:44:51 GMT+0530 (India Standard Time)@12e96a41-68e8-49c5-8846-fade2d80cb39
23:44:56.210 debug: Inspect file:///C:/Users/Admin/Desktop/coco/PipeRescue/assets/scripts/PipeTypes.ts
23:44:56.279 debug: transform url: 'file:///C:/Users/Admin/Desktop/coco/PipeRescue/assets/scripts/PipeTypes.ts' costs: 68.70 ms
23:44:56.286 debug: Resolve file:///C:/Users/Admin/Desktop/coco/PipeRescue/assets/scripts/TileNode.ts from cce:/internal/x/prerequisite-imports as file:///C:/Users/Admin/Desktop/coco/PipeRescue/assets/scripts/TileNode.ts.
23:44:56.287 debug: Resolve cc from file:///C:/Users/Admin/Desktop/coco/PipeRescue/assets/scripts/PipeTypes.ts as cce:/internal/x/cc.
23:44:56.337 debug: Target(preview) ends with cost 189.43869999982417ms.
23:45:26.854 debug: Dispatch build request for time accumulated 1 asset changes.
23:45:26.856 debug: Build iteration starts.
Number of accumulated asset changes: 1
Feature changed: false
23:45:26.857 debug: Target(editor) build started.
23:45:26.861 debug: Detected change: cce:/internal/x/prerequisite-imports. Last mtime: Thu Jan 01 1970 09:42:49 GMT+0530 (India Standard Time), Current mtime: Thu Jan 01 1970 09:43:20 GMT+0530 (India Standard Time)
23:45:26.861 debug: Inspect cce:/internal/x/prerequisite-imports
23:45:26.879 debug: transform url: 'cce:/internal/x/prerequisite-imports' costs: 17.80 ms
23:45:26.884 debug: Resolve file:///C:/ProgramData/cocos/editors/Creator/3.8.7/resources/resources/3d/engine/editor/assets/default_renderpipeline/builtin-dof-pass.ts from cce:/internal/x/prerequisite-imports as file:///C:/ProgramData/cocos/editors/Creator/3.8.7/resources/resources/3d/engine/editor/assets/default_renderpipeline/builtin-dof-pass.ts.
23:45:26.886 debug: Resolve file:///C:/ProgramData/cocos/editors/Creator/3.8.7/resources/resources/3d/engine/editor/assets/default_renderpipeline/builtin-pipeline-pass.ts from cce:/internal/x/prerequisite-imports as file:///C:/ProgramData/cocos/editors/Creator/3.8.7/resources/resources/3d/engine/editor/assets/default_renderpipeline/builtin-pipeline-pass.ts.
23:45:26.887 debug: Resolve file:///C:/ProgramData/cocos/editors/Creator/3.8.7/resources/resources/3d/engine/editor/assets/default_renderpipeline/builtin-pipeline-settings.ts from cce:/internal/x/prerequisite-imports as file:///C:/ProgramData/cocos/editors/Creator/3.8.7/resources/resources/3d/engine/editor/assets/default_renderpipeline/builtin-pipeline-settings.ts.
23:45:26.889 debug: Resolve file:///C:/ProgramData/cocos/editors/Creator/3.8.7/resources/resources/3d/engine/editor/assets/default_renderpipeline/builtin-pipeline-types.ts from cce:/internal/x/prerequisite-imports as file:///C:/ProgramData/cocos/editors/Creator/3.8.7/resources/resources/3d/engine/editor/assets/default_renderpipeline/builtin-pipeline-types.ts.
23:45:26.890 debug: Resolve file:///C:/ProgramData/cocos/editors/Creator/3.8.7/resources/resources/3d/engine/editor/assets/default_renderpipeline/builtin-pipeline.ts from cce:/internal/x/prerequisite-imports as file:///C:/ProgramData/cocos/editors/Creator/3.8.7/resources/resources/3d/engine/editor/assets/default_renderpipeline/builtin-pipeline.ts.
23:45:26.891 debug: Resolve file:///C:/ProgramData/cocos/editors/Creator/3.8.7/resources/resources/3d/engine/editor/assets/tools/debug-view-runtime-control.ts from cce:/internal/x/prerequisite-imports as file:///C:/ProgramData/cocos/editors/Creator/3.8.7/resources/resources/3d/engine/editor/assets/tools/debug-view-runtime-control.ts.
23:45:26.891 debug: Resolve file:///C:/Users/Admin/Desktop/coco/PipeRescue/assets/scripts/GameController.ts from cce:/internal/x/prerequisite-imports as file:///C:/Users/Admin/Desktop/coco/PipeRescue/assets/scripts/GameController.ts.
23:45:26.892 debug: Resolve file:///C:/Users/Admin/Desktop/coco/PipeRescue/assets/scripts/PathSolver.ts from cce:/internal/x/prerequisite-imports as file:///C:/Users/Admin/Desktop/coco/PipeRescue/assets/scripts/PathSolver.ts.
23:45:26.892 debug: Resolve file:///C:/Users/Admin/Desktop/coco/PipeRescue/assets/scripts/PipeTypes.ts from cce:/internal/x/prerequisite-imports as file:///C:/Users/Admin/Desktop/coco/PipeRescue/assets/scripts/PipeTypes.ts.
23:45:26.892 debug: Detected change: file:///C:/Users/Admin/Desktop/coco/PipeRescue/assets/scripts/PipeTypes.ts. Last mtime: Sun Jun 07 2026 23:44:51 GMT+0530 (India Standard Time)@12e96a41-68e8-49c5-8846-fade2d80cb39, Current mtime: Sun Jun 07 2026 23:45:24 GMT+0530 (India Standard Time)@12e96a41-68e8-49c5-8846-fade2d80cb39
23:45:26.892 debug: Inspect file:///C:/Users/Admin/Desktop/coco/PipeRescue/assets/scripts/PipeTypes.ts
23:45:26.940 debug: transform url: 'file:///C:/Users/Admin/Desktop/coco/PipeRescue/assets/scripts/PipeTypes.ts' costs: 48.00 ms
23:45:26.942 debug: Resolve file:///C:/Users/Admin/Desktop/coco/PipeRescue/assets/scripts/TileNode.ts from cce:/internal/x/prerequisite-imports as file:///C:/Users/Admin/Desktop/coco/PipeRescue/assets/scripts/TileNode.ts.
23:45:26.943 debug: Resolve cc from file:///C:/Users/Admin/Desktop/coco/PipeRescue/assets/scripts/PipeTypes.ts as cce:/internal/x/cc.
23:45:26.966 debug: Target(editor) ends with cost 109.16430000029504ms.
23:45:26.967 debug: Target(preview) build started.
23:45:26.974 debug: Detected change: cce:/internal/x/prerequisite-imports. Last mtime: Thu Jan 01 1970 09:42:49 GMT+0530 (India Standard Time), Current mtime: Thu Jan 01 1970 09:43:20 GMT+0530 (India Standard Time)
23:45:26.974 debug: Inspect cce:/internal/x/prerequisite-imports
23:45:27.002 debug: transform url: 'cce:/internal/x/prerequisite-imports' costs: 27.50 ms
23:45:27.006 debug: Resolve file:///C:/ProgramData/cocos/editors/Creator/3.8.7/resources/resources/3d/engine/editor/assets/default_renderpipeline/builtin-dof-pass.ts from cce:/internal/x/prerequisite-imports as file:///C:/ProgramData/cocos/editors/Creator/3.8.7/resources/resources/3d/engine/editor/assets/default_renderpipeline/builtin-dof-pass.ts.
23:45:27.007 debug: Resolve file:///C:/ProgramData/cocos/editors/Creator/3.8.7/resources/resources/3d/engine/editor/assets/default_renderpipeline/builtin-pipeline-pass.ts from cce:/internal/x/prerequisite-imports as file:///C:/ProgramData/cocos/editors/Creator/3.8.7/resources/resources/3d/engine/editor/assets/default_renderpipeline/builtin-pipeline-pass.ts.
23:45:27.009 debug: Resolve file:///C:/ProgramData/cocos/editors/Creator/3.8.7/resources/resources/3d/engine/editor/assets/default_renderpipeline/builtin-pipeline-settings.ts from cce:/internal/x/prerequisite-imports as file:///C:/ProgramData/cocos/editors/Creator/3.8.7/resources/resources/3d/engine/editor/assets/default_renderpipeline/builtin-pipeline-settings.ts.
23:45:27.013 debug: Resolve file:///C:/ProgramData/cocos/editors/Creator/3.8.7/resources/resources/3d/engine/editor/assets/default_renderpipeline/builtin-pipeline-types.ts from cce:/internal/x/prerequisite-imports as file:///C:/ProgramData/cocos/editors/Creator/3.8.7/resources/resources/3d/engine/editor/assets/default_renderpipeline/builtin-pipeline-types.ts.
23:45:27.015 debug: Resolve file:///C:/ProgramData/cocos/editors/Creator/3.8.7/resources/resources/3d/engine/editor/assets/default_renderpipeline/builtin-pipeline.ts from cce:/internal/x/prerequisite-imports as file:///C:/ProgramData/cocos/editors/Creator/3.8.7/resources/resources/3d/engine/editor/assets/default_renderpipeline/builtin-pipeline.ts.
23:45:27.016 debug: Resolve file:///C:/ProgramData/cocos/editors/Creator/3.8.7/resources/resources/3d/engine/editor/assets/tools/debug-view-runtime-control.ts from cce:/internal/x/prerequisite-imports as file:///C:/ProgramData/cocos/editors/Creator/3.8.7/resources/resources/3d/engine/editor/assets/tools/debug-view-runtime-control.ts.
23:45:27.017 debug: Resolve file:///C:/Users/Admin/Desktop/coco/PipeRescue/assets/scripts/GameController.ts from cce:/internal/x/prerequisite-imports as file:///C:/Users/Admin/Desktop/coco/PipeRescue/assets/scripts/GameController.ts.
23:45:27.018 debug: Resolve file:///C:/Users/Admin/Desktop/coco/PipeRescue/assets/scripts/PathSolver.ts from cce:/internal/x/prerequisite-imports as file:///C:/Users/Admin/Desktop/coco/PipeRescue/assets/scripts/PathSolver.ts.
23:45:27.020 debug: Resolve file:///C:/Users/Admin/Desktop/coco/PipeRescue/assets/scripts/PipeTypes.ts from cce:/internal/x/prerequisite-imports as file:///C:/Users/Admin/Desktop/coco/PipeRescue/assets/scripts/PipeTypes.ts.
23:45:27.020 debug: Detected change: file:///C:/Users/Admin/Desktop/coco/PipeRescue/assets/scripts/PipeTypes.ts. Last mtime: Sun Jun 07 2026 23:44:51 GMT+0530 (India Standard Time)@12e96a41-68e8-49c5-8846-fade2d80cb39, Current mtime: Sun Jun 07 2026 23:45:24 GMT+0530 (India Standard Time)@12e96a41-68e8-49c5-8846-fade2d80cb39
23:45:27.020 debug: Inspect file:///C:/Users/Admin/Desktop/coco/PipeRescue/assets/scripts/PipeTypes.ts
23:45:27.078 debug: transform url: 'file:///C:/Users/Admin/Desktop/coco/PipeRescue/assets/scripts/PipeTypes.ts' costs: 58.00 ms
23:45:27.082 debug: Resolve file:///C:/Users/Admin/Desktop/coco/PipeRescue/assets/scripts/TileNode.ts from cce:/internal/x/prerequisite-imports as file:///C:/Users/Admin/Desktop/coco/PipeRescue/assets/scripts/TileNode.ts.
23:45:27.083 debug: Resolve cc from file:///C:/Users/Admin/Desktop/coco/PipeRescue/assets/scripts/PipeTypes.ts as cce:/internal/x/cc.
23:45:27.126 debug: Target(preview) ends with cost 159.27309999987483ms.
23:46:34.492 debug: Dispatch build request for time accumulated 1 asset changes.
23:46:34.496 debug: Build iteration starts.
Number of accumulated asset changes: 1
Feature changed: false
23:46:34.496 debug: Target(editor) build started.
23:46:34.499 debug: Detected change: cce:/internal/x/prerequisite-imports. Last mtime: Thu Jan 01 1970 09:43:20 GMT+0530 (India Standard Time), Current mtime: Thu Jan 01 1970 09:44:28 GMT+0530 (India Standard Time)
23:46:34.499 debug: Inspect cce:/internal/x/prerequisite-imports
23:46:34.512 debug: transform url: 'cce:/internal/x/prerequisite-imports' costs: 12.80 ms
23:46:34.516 debug: Resolve file:///C:/ProgramData/cocos/editors/Creator/3.8.7/resources/resources/3d/engine/editor/assets/default_renderpipeline/builtin-dof-pass.ts from cce:/internal/x/prerequisite-imports as file:///C:/ProgramData/cocos/editors/Creator/3.8.7/resources/resources/3d/engine/editor/assets/default_renderpipeline/builtin-dof-pass.ts.
23:46:34.517 debug: Resolve file:///C:/ProgramData/cocos/editors/Creator/3.8.7/resources/resources/3d/engine/editor/assets/default_renderpipeline/builtin-pipeline-pass.ts from cce:/internal/x/prerequisite-imports as file:///C:/ProgramData/cocos/editors/Creator/3.8.7/resources/resources/3d/engine/editor/assets/default_renderpipeline/builtin-pipeline-pass.ts.
23:46:34.518 debug: Resolve file:///C:/ProgramData/cocos/editors/Creator/3.8.7/resources/resources/3d/engine/editor/assets/default_renderpipeline/builtin-pipeline-settings.ts from cce:/internal/x/prerequisite-imports as file:///C:/ProgramData/cocos/editors/Creator/3.8.7/resources/resources/3d/engine/editor/assets/default_renderpipeline/builtin-pipeline-settings.ts.
23:46:34.518 debug: Resolve file:///C:/ProgramData/cocos/editors/Creator/3.8.7/resources/resources/3d/engine/editor/assets/default_renderpipeline/builtin-pipeline-types.ts from cce:/internal/x/prerequisite-imports as file:///C:/ProgramData/cocos/editors/Creator/3.8.7/resources/resources/3d/engine/editor/assets/default_renderpipeline/builtin-pipeline-types.ts.
23:46:34.519 debug: Resolve file:///C:/ProgramData/cocos/editors/Creator/3.8.7/resources/resources/3d/engine/editor/assets/default_renderpipeline/builtin-pipeline.ts from cce:/internal/x/prerequisite-imports as file:///C:/ProgramData/cocos/editors/Creator/3.8.7/resources/resources/3d/engine/editor/assets/default_renderpipeline/builtin-pipeline.ts.
23:46:34.520 debug: Resolve file:///C:/ProgramData/cocos/editors/Creator/3.8.7/resources/resources/3d/engine/editor/assets/tools/debug-view-runtime-control.ts from cce:/internal/x/prerequisite-imports as file:///C:/ProgramData/cocos/editors/Creator/3.8.7/resources/resources/3d/engine/editor/assets/tools/debug-view-runtime-control.ts.
23:46:34.522 debug: Resolve file:///C:/Users/Admin/Desktop/coco/PipeRescue/assets/scripts/GameController.ts from cce:/internal/x/prerequisite-imports as file:///C:/Users/Admin/Desktop/coco/PipeRescue/assets/scripts/GameController.ts.
23:46:34.522 debug: Resolve file:///C:/Users/Admin/Desktop/coco/PipeRescue/assets/scripts/PathSolver.ts from cce:/internal/x/prerequisite-imports as file:///C:/Users/Admin/Desktop/coco/PipeRescue/assets/scripts/PathSolver.ts.
23:46:34.524 debug: Resolve file:///C:/Users/Admin/Desktop/coco/PipeRescue/assets/scripts/PipeTypes.ts from cce:/internal/x/prerequisite-imports as file:///C:/Users/Admin/Desktop/coco/PipeRescue/assets/scripts/PipeTypes.ts.
23:46:34.524 debug: Detected change: file:///C:/Users/Admin/Desktop/coco/PipeRescue/assets/scripts/PipeTypes.ts. Last mtime: Sun Jun 07 2026 23:45:24 GMT+0530 (India Standard Time)@12e96a41-68e8-49c5-8846-fade2d80cb39, Current mtime: Sun Jun 07 2026 23:46:32 GMT+0530 (India Standard Time)@12e96a41-68e8-49c5-8846-fade2d80cb39
23:46:34.524 debug: Inspect file:///C:/Users/Admin/Desktop/coco/PipeRescue/assets/scripts/PipeTypes.ts
23:46:34.597 debug: transform url: 'file:///C:/Users/Admin/Desktop/coco/PipeRescue/assets/scripts/PipeTypes.ts' costs: 72.00 ms
23:46:34.601 debug: Resolve file:///C:/Users/Admin/Desktop/coco/PipeRescue/assets/scripts/TileNode.ts from cce:/internal/x/prerequisite-imports as file:///C:/Users/Admin/Desktop/coco/PipeRescue/assets/scripts/TileNode.ts.
23:46:34.603 debug: Resolve cc from file:///C:/Users/Admin/Desktop/coco/PipeRescue/assets/scripts/PipeTypes.ts as cce:/internal/x/cc.
23:46:34.628 debug: Target(editor) ends with cost 131.50119999982417ms.
23:46:34.628 debug: Target(preview) build started.
23:46:34.637 debug: Detected change: cce:/internal/x/prerequisite-imports. Last mtime: Thu Jan 01 1970 09:43:20 GMT+0530 (India Standard Time), Current mtime: Thu Jan 01 1970 09:44:28 GMT+0530 (India Standard Time)
23:46:34.637 debug: Inspect cce:/internal/x/prerequisite-imports
23:46:34.653 debug: transform url: 'cce:/internal/x/prerequisite-imports' costs: 16.30 ms
23:46:34.656 debug: Resolve file:///C:/ProgramData/cocos/editors/Creator/3.8.7/resources/resources/3d/engine/editor/assets/default_renderpipeline/builtin-dof-pass.ts from cce:/internal/x/prerequisite-imports as file:///C:/ProgramData/cocos/editors/Creator/3.8.7/resources/resources/3d/engine/editor/assets/default_renderpipeline/builtin-dof-pass.ts.
23:46:34.657 debug: Resolve file:///C:/ProgramData/cocos/editors/Creator/3.8.7/resources/resources/3d/engine/editor/assets/default_renderpipeline/builtin-pipeline-pass.ts from cce:/internal/x/prerequisite-imports as file:///C:/ProgramData/cocos/editors/Creator/3.8.7/resources/resources/3d/engine/editor/assets/default_renderpipeline/builtin-pipeline-pass.ts.
23:46:34.658 debug: Resolve file:///C:/ProgramData/cocos/editors/Creator/3.8.7/resources/resources/3d/engine/editor/assets/default_renderpipeline/builtin-pipeline-settings.ts from cce:/internal/x/prerequisite-imports as file:///C:/ProgramData/cocos/editors/Creator/3.8.7/resources/resources/3d/engine/editor/assets/default_renderpipeline/builtin-pipeline-settings.ts.
23:46:34.659 debug: Resolve file:///C:/ProgramData/cocos/editors/Creator/3.8.7/resources/resources/3d/engine/editor/assets/default_renderpipeline/builtin-pipeline-types.ts from cce:/internal/x/prerequisite-imports as file:///C:/ProgramData/cocos/editors/Creator/3.8.7/resources/resources/3d/engine/editor/assets/default_renderpipeline/builtin-pipeline-types.ts.
23:46:34.662 debug: Resolve file:///C:/ProgramData/cocos/editors/Creator/3.8.7/resources/resources/3d/engine/editor/assets/default_renderpipeline/builtin-pipeline.ts from cce:/internal/x/prerequisite-imports as file:///C:/ProgramData/cocos/editors/Creator/3.8.7/resources/resources/3d/engine/editor/assets/default_renderpipeline/builtin-pipeline.ts.
23:46:34.663 debug: Resolve file:///C:/ProgramData/cocos/editors/Creator/3.8.7/resources/resources/3d/engine/editor/assets/tools/debug-view-runtime-control.ts from cce:/internal/x/prerequisite-imports as file:///C:/ProgramData/cocos/editors/Creator/3.8.7/resources/resources/3d/engine/editor/assets/tools/debug-view-runtime-control.ts.
23:46:34.664 debug: Resolve file:///C:/Users/Admin/Desktop/coco/PipeRescue/assets/scripts/GameController.ts from cce:/internal/x/prerequisite-imports as file:///C:/Users/Admin/Desktop/coco/PipeRescue/assets/scripts/GameController.ts.
23:46:34.666 debug: Resolve file:///C:/Users/Admin/Desktop/coco/PipeRescue/assets/scripts/PathSolver.ts from cce:/internal/x/prerequisite-imports as file:///C:/Users/Admin/Desktop/coco/PipeRescue/assets/scripts/PathSolver.ts.
23:46:34.667 debug: Resolve file:///C:/Users/Admin/Desktop/coco/PipeRescue/assets/scripts/PipeTypes.ts from cce:/internal/x/prerequisite-imports as file:///C:/Users/Admin/Desktop/coco/PipeRescue/assets/scripts/PipeTypes.ts.
23:46:34.667 debug: Detected change: file:///C:/Users/Admin/Desktop/coco/PipeRescue/assets/scripts/PipeTypes.ts. Last mtime: Sun Jun 07 2026 23:45:24 GMT+0530 (India Standard Time)@12e96a41-68e8-49c5-8846-fade2d80cb39, Current mtime: Sun Jun 07 2026 23:46:32 GMT+0530 (India Standard Time)@12e96a41-68e8-49c5-8846-fade2d80cb39
23:46:34.667 debug: Inspect file:///C:/Users/Admin/Desktop/coco/PipeRescue/assets/scripts/PipeTypes.ts
23:46:34.716 debug: transform url: 'file:///C:/Users/Admin/Desktop/coco/PipeRescue/assets/scripts/PipeTypes.ts' costs: 48.80 ms
23:46:34.737 debug: Resolve file:///C:/Users/Admin/Desktop/coco/PipeRescue/assets/scripts/TileNode.ts from cce:/internal/x/prerequisite-imports as file:///C:/Users/Admin/Desktop/coco/PipeRescue/assets/scripts/TileNode.ts.
23:46:34.739 debug: Resolve cc from file:///C:/Users/Admin/Desktop/coco/PipeRescue/assets/scripts/PipeTypes.ts as cce:/internal/x/cc.
23:46:34.860 debug: Target(preview) ends with cost 231.77080000005662ms.
23:48:11.568 debug: Dispatch build request for time accumulated 1 asset changes.
23:48:11.573 debug: Build iteration starts.
Number of accumulated asset changes: 1
Feature changed: false
23:48:11.573 debug: Target(editor) build started.
23:48:11.577 debug: Detected change: cce:/internal/x/prerequisite-imports. Last mtime: Thu Jan 01 1970 09:44:28 GMT+0530 (India Standard Time), Current mtime: Thu Jan 01 1970 09:46:05 GMT+0530 (India Standard Time)
23:48:11.577 debug: Inspect cce:/internal/x/prerequisite-imports
23:48:11.595 debug: transform url: 'cce:/internal/x/prerequisite-imports' costs: 18.00 ms
23:48:11.598 debug: Resolve file:///C:/ProgramData/cocos/editors/Creator/3.8.7/resources/resources/3d/engine/editor/assets/default_renderpipeline/builtin-dof-pass.ts from cce:/internal/x/prerequisite-imports as file:///C:/ProgramData/cocos/editors/Creator/3.8.7/resources/resources/3d/engine/editor/assets/default_renderpipeline/builtin-dof-pass.ts.
23:48:11.600 debug: Resolve file:///C:/ProgramData/cocos/editors/Creator/3.8.7/resources/resources/3d/engine/editor/assets/default_renderpipeline/builtin-pipeline-pass.ts from cce:/internal/x/prerequisite-imports as file:///C:/ProgramData/cocos/editors/Creator/3.8.7/resources/resources/3d/engine/editor/assets/default_renderpipeline/builtin-pipeline-pass.ts.
23:48:11.601 debug: Resolve file:///C:/ProgramData/cocos/editors/Creator/3.8.7/resources/resources/3d/engine/editor/assets/default_renderpipeline/builtin-pipeline-settings.ts from cce:/internal/x/prerequisite-imports as file:///C:/ProgramData/cocos/editors/Creator/3.8.7/resources/resources/3d/engine/editor/assets/default_renderpipeline/builtin-pipeline-settings.ts.
23:48:11.602 debug: Resolve file:///C:/ProgramData/cocos/editors/Creator/3.8.7/resources/resources/3d/engine/editor/assets/default_renderpipeline/builtin-pipeline-types.ts from cce:/internal/x/prerequisite-imports as file:///C:/ProgramData/cocos/editors/Creator/3.8.7/resources/resources/3d/engine/editor/assets/default_renderpipeline/builtin-pipeline-types.ts.
23:48:11.603 debug: Resolve file:///C:/ProgramData/cocos/editors/Creator/3.8.7/resources/resources/3d/engine/editor/assets/default_renderpipeline/builtin-pipeline.ts from cce:/internal/x/prerequisite-imports as file:///C:/ProgramData/cocos/editors/Creator/3.8.7/resources/resources/3d/engine/editor/assets/default_renderpipeline/builtin-pipeline.ts.
23:48:11.604 debug: Resolve file:///C:/ProgramData/cocos/editors/Creator/3.8.7/resources/resources/3d/engine/editor/assets/tools/debug-view-runtime-control.ts from cce:/internal/x/prerequisite-imports as file:///C:/ProgramData/cocos/editors/Creator/3.8.7/resources/resources/3d/engine/editor/assets/tools/debug-view-runtime-control.ts.
23:48:11.605 debug: Resolve file:///C:/Users/Admin/Desktop/coco/PipeRescue/assets/scripts/GameController.ts from cce:/internal/x/prerequisite-imports as file:///C:/Users/Admin/Desktop/coco/PipeRescue/assets/scripts/GameController.ts.
23:48:11.606 debug: Resolve file:///C:/Users/Admin/Desktop/coco/PipeRescue/assets/scripts/PathSolver.ts from cce:/internal/x/prerequisite-imports as file:///C:/Users/Admin/Desktop/coco/PipeRescue/assets/scripts/PathSolver.ts.
23:48:11.610 debug: Resolve file:///C:/Users/Admin/Desktop/coco/PipeRescue/assets/scripts/PipeTypes.ts from cce:/internal/x/prerequisite-imports as file:///C:/Users/Admin/Desktop/coco/PipeRescue/assets/scripts/PipeTypes.ts.
23:48:11.610 debug: Detected change: file:///C:/Users/Admin/Desktop/coco/PipeRescue/assets/scripts/PipeTypes.ts. Last mtime: Sun Jun 07 2026 23:46:32 GMT+0530 (India Standard Time)@12e96a41-68e8-49c5-8846-fade2d80cb39, Current mtime: Sun Jun 07 2026 23:48:06 GMT+0530 (India Standard Time)@12e96a41-68e8-49c5-8846-fade2d80cb39
23:48:11.610 debug: Inspect file:///C:/Users/Admin/Desktop/coco/PipeRescue/assets/scripts/PipeTypes.ts
23:48:11.684 debug: transform url: 'file:///C:/Users/Admin/Desktop/coco/PipeRescue/assets/scripts/PipeTypes.ts' costs: 73.80 ms
23:48:11.687 debug: Resolve file:///C:/Users/Admin/Desktop/coco/PipeRescue/assets/scripts/TileNode.ts from cce:/internal/x/prerequisite-imports as file:///C:/Users/Admin/Desktop/coco/PipeRescue/assets/scripts/TileNode.ts.
23:48:11.688 debug: Resolve cc from file:///C:/Users/Admin/Desktop/coco/PipeRescue/assets/scripts/PipeTypes.ts as cce:/internal/x/cc.
23:48:11.719 debug: Target(editor) ends with cost 146.06389999948442ms.
23:48:11.720 debug: Target(preview) build started.
23:48:11.733 debug: Detected change: cce:/internal/x/prerequisite-imports. Last mtime: Thu Jan 01 1970 09:44:28 GMT+0530 (India Standard Time), Current mtime: Thu Jan 01 1970 09:46:05 GMT+0530 (India Standard Time)
23:48:11.733 debug: Inspect cce:/internal/x/prerequisite-imports
23:48:11.758 debug: transform url: 'cce:/internal/x/prerequisite-imports' costs: 24.30 ms
23:48:11.763 debug: Resolve file:///C:/ProgramData/cocos/editors/Creator/3.8.7/resources/resources/3d/engine/editor/assets/default_renderpipeline/builtin-dof-pass.ts from cce:/internal/x/prerequisite-imports as file:///C:/ProgramData/cocos/editors/Creator/3.8.7/resources/resources/3d/engine/editor/assets/default_renderpipeline/builtin-dof-pass.ts.
23:48:11.764 debug: Resolve file:///C:/ProgramData/cocos/editors/Creator/3.8.7/resources/resources/3d/engine/editor/assets/default_renderpipeline/builtin-pipeline-pass.ts from cce:/internal/x/prerequisite-imports as file:///C:/ProgramData/cocos/editors/Creator/3.8.7/resources/resources/3d/engine/editor/assets/default_renderpipeline/builtin-pipeline-pass.ts.
23:48:11.765 debug: Resolve file:///C:/ProgramData/cocos/editors/Creator/3.8.7/resources/resources/3d/engine/editor/assets/default_renderpipeline/builtin-pipeline-settings.ts from cce:/internal/x/prerequisite-imports as file:///C:/ProgramData/cocos/editors/Creator/3.8.7/resources/resources/3d/engine/editor/assets/default_renderpipeline/builtin-pipeline-settings.ts.
23:48:11.766 debug: Resolve file:///C:/ProgramData/cocos/editors/Creator/3.8.7/resources/resources/3d/engine/editor/assets/default_renderpipeline/builtin-pipeline-types.ts from cce:/internal/x/prerequisite-imports as file:///C:/ProgramData/cocos/editors/Creator/3.8.7/resources/resources/3d/engine/editor/assets/default_renderpipeline/builtin-pipeline-types.ts.
23:48:11.767 debug: Resolve file:///C:/ProgramData/cocos/editors/Creator/3.8.7/resources/resources/3d/engine/editor/assets/default_renderpipeline/builtin-pipeline.ts from cce:/internal/x/prerequisite-imports as file:///C:/ProgramData/cocos/editors/Creator/3.8.7/resources/resources/3d/engine/editor/assets/default_renderpipeline/builtin-pipeline.ts.
23:48:11.769 debug: Resolve file:///C:/ProgramData/cocos/editors/Creator/3.8.7/resources/resources/3d/engine/editor/assets/tools/debug-view-runtime-control.ts from cce:/internal/x/prerequisite-imports as file:///C:/ProgramData/cocos/editors/Creator/3.8.7/resources/resources/3d/engine/editor/assets/tools/debug-view-runtime-control.ts.
23:48:11.769 debug: Resolve file:///C:/Users/Admin/Desktop/coco/PipeRescue/assets/scripts/GameController.ts from cce:/internal/x/prerequisite-imports as file:///C:/Users/Admin/Desktop/coco/PipeRescue/assets/scripts/GameController.ts.
23:48:11.770 debug: Resolve file:///C:/Users/Admin/Desktop/coco/PipeRescue/assets/scripts/PathSolver.ts from cce:/internal/x/prerequisite-imports as file:///C:/Users/Admin/Desktop/coco/PipeRescue/assets/scripts/PathSolver.ts.
23:48:11.774 debug: Resolve file:///C:/Users/Admin/Desktop/coco/PipeRescue/assets/scripts/PipeTypes.ts from cce:/internal/x/prerequisite-imports as file:///C:/Users/Admin/Desktop/coco/PipeRescue/assets/scripts/PipeTypes.ts.
23:48:11.775 debug: Detected change: file:///C:/Users/Admin/Desktop/coco/PipeRescue/assets/scripts/PipeTypes.ts. Last mtime: Sun Jun 07 2026 23:46:32 GMT+0530 (India Standard Time)@12e96a41-68e8-49c5-8846-fade2d80cb39, Current mtime: Sun Jun 07 2026 23:48:06 GMT+0530 (India Standard Time)@12e96a41-68e8-49c5-8846-fade2d80cb39
23:48:11.775 debug: Inspect file:///C:/Users/Admin/Desktop/coco/PipeRescue/assets/scripts/PipeTypes.ts
23:48:11.833 debug: transform url: 'file:///C:/Users/Admin/Desktop/coco/PipeRescue/assets/scripts/PipeTypes.ts' costs: 58.60 ms
23:48:11.836 debug: Resolve file:///C:/Users/Admin/Desktop/coco/PipeRescue/assets/scripts/TileNode.ts from cce:/internal/x/prerequisite-imports as file:///C:/Users/Admin/Desktop/coco/PipeRescue/assets/scripts/TileNode.ts.
23:48:11.838 debug: Resolve cc from file:///C:/Users/Admin/Desktop/coco/PipeRescue/assets/scripts/PipeTypes.ts as cce:/internal/x/cc.
23:48:11.867 debug: Target(preview) ends with cost 147.0476999990642ms.
23:49:17.495 debug: Dispatch build request for time accumulated 1 asset changes.
23:49:17.498 debug: Build iteration starts.
Number of accumulated asset changes: 1
Feature changed: false
23:49:17.498 debug: Target(editor) build started.
23:49:17.504 debug: Detected change: cce:/internal/x/prerequisite-imports. Last mtime: Thu Jan 01 1970 09:46:05 GMT+0530 (India Standard Time), Current mtime: Thu Jan 01 1970 09:47:11 GMT+0530 (India Standard Time)
23:49:17.504 debug: Inspect cce:/internal/x/prerequisite-imports
23:49:17.526 debug: transform url: 'cce:/internal/x/prerequisite-imports' costs: 21.80 ms
23:49:17.532 debug: Resolve file:///C:/ProgramData/cocos/editors/Creator/3.8.7/resources/resources/3d/engine/editor/assets/default_renderpipeline/builtin-dof-pass.ts from cce:/internal/x/prerequisite-imports as file:///C:/ProgramData/cocos/editors/Creator/3.8.7/resources/resources/3d/engine/editor/assets/default_renderpipeline/builtin-dof-pass.ts.
23:49:17.534 debug: Resolve file:///C:/ProgramData/cocos/editors/Creator/3.8.7/resources/resources/3d/engine/editor/assets/default_renderpipeline/builtin-pipeline-pass.ts from cce:/internal/x/prerequisite-imports as file:///C:/ProgramData/cocos/editors/Creator/3.8.7/resources/resources/3d/engine/editor/assets/default_renderpipeline/builtin-pipeline-pass.ts.
23:49:17.538 debug: Resolve file:///C:/ProgramData/cocos/editors/Creator/3.8.7/resources/resources/3d/engine/editor/assets/default_renderpipeline/builtin-pipeline-settings.ts from cce:/internal/x/prerequisite-imports as file:///C:/ProgramData/cocos/editors/Creator/3.8.7/resources/resources/3d/engine/editor/assets/default_renderpipeline/builtin-pipeline-settings.ts.
23:49:17.539 debug: Resolve file:///C:/ProgramData/cocos/editors/Creator/3.8.7/resources/resources/3d/engine/editor/assets/default_renderpipeline/builtin-pipeline-types.ts from cce:/internal/x/prerequisite-imports as file:///C:/ProgramData/cocos/editors/Creator/3.8.7/resources/resources/3d/engine/editor/assets/default_renderpipeline/builtin-pipeline-types.ts.
23:49:17.542 debug: Resolve file:///C:/ProgramData/cocos/editors/Creator/3.8.7/resources/resources/3d/engine/editor/assets/default_renderpipeline/builtin-pipeline.ts from cce:/internal/x/prerequisite-imports as file:///C:/ProgramData/cocos/editors/Creator/3.8.7/resources/resources/3d/engine/editor/assets/default_renderpipeline/builtin-pipeline.ts.
23:49:17.549 debug: Resolve file:///C:/ProgramData/cocos/editors/Creator/3.8.7/resources/resources/3d/engine/editor/assets/tools/debug-view-runtime-control.ts from cce:/internal/x/prerequisite-imports as file:///C:/ProgramData/cocos/editors/Creator/3.8.7/resources/resources/3d/engine/editor/assets/tools/debug-view-runtime-control.ts.
23:49:17.555 debug: Resolve file:///C:/Users/Admin/Desktop/coco/PipeRescue/assets/scripts/GameController.ts from cce:/internal/x/prerequisite-imports as file:///C:/Users/Admin/Desktop/coco/PipeRescue/assets/scripts/GameController.ts.
23:49:17.556 debug: Resolve file:///C:/Users/Admin/Desktop/coco/PipeRescue/assets/scripts/PathSolver.ts from cce:/internal/x/prerequisite-imports as file:///C:/Users/Admin/Desktop/coco/PipeRescue/assets/scripts/PathSolver.ts.
23:49:17.557 debug: Resolve file:///C:/Users/Admin/Desktop/coco/PipeRescue/assets/scripts/PipeTypes.ts from cce:/internal/x/prerequisite-imports as file:///C:/Users/Admin/Desktop/coco/PipeRescue/assets/scripts/PipeTypes.ts.
23:49:17.557 debug: Detected change: file:///C:/Users/Admin/Desktop/coco/PipeRescue/assets/scripts/PipeTypes.ts. Last mtime: Sun Jun 07 2026 23:48:06 GMT+0530 (India Standard Time)@12e96a41-68e8-49c5-8846-fade2d80cb39, Current mtime: Sun Jun 07 2026 23:49:13 GMT+0530 (India Standard Time)@12e96a41-68e8-49c5-8846-fade2d80cb39
23:49:17.557 debug: Inspect file:///C:/Users/Admin/Desktop/coco/PipeRescue/assets/scripts/PipeTypes.ts
23:49:17.621 debug: transform url: 'file:///C:/Users/Admin/Desktop/coco/PipeRescue/assets/scripts/PipeTypes.ts' costs: 64.00 ms
23:49:17.625 debug: Resolve file:///C:/Users/Admin/Desktop/coco/PipeRescue/assets/scripts/TileNode.ts from cce:/internal/x/prerequisite-imports as file:///C:/Users/Admin/Desktop/coco/PipeRescue/assets/scripts/TileNode.ts.
23:49:17.625 debug: Resolve cc from file:///C:/Users/Admin/Desktop/coco/PipeRescue/assets/scripts/PipeTypes.ts as cce:/internal/x/cc.
23:49:17.659 debug: Target(editor) ends with cost 160.45649999938905ms.
23:49:17.660 debug: Target(preview) build started.
23:49:17.667 debug: Detected change: cce:/internal/x/prerequisite-imports. Last mtime: Thu Jan 01 1970 09:46:05 GMT+0530 (India Standard Time), Current mtime: Thu Jan 01 1970 09:47:11 GMT+0530 (India Standard Time)
23:49:17.667 debug: Inspect cce:/internal/x/prerequisite-imports
23:49:17.706 debug: transform url: 'cce:/internal/x/prerequisite-imports' costs: 38.50 ms
23:49:17.710 debug: Resolve file:///C:/ProgramData/cocos/editors/Creator/3.8.7/resources/resources/3d/engine/editor/assets/default_renderpipeline/builtin-dof-pass.ts from cce:/internal/x/prerequisite-imports as file:///C:/ProgramData/cocos/editors/Creator/3.8.7/resources/resources/3d/engine/editor/assets/default_renderpipeline/builtin-dof-pass.ts.
23:49:17.711 debug: Resolve file:///C:/ProgramData/cocos/editors/Creator/3.8.7/resources/resources/3d/engine/editor/assets/default_renderpipeline/builtin-pipeline-pass.ts from cce:/internal/x/prerequisite-imports as file:///C:/ProgramData/cocos/editors/Creator/3.8.7/resources/resources/3d/engine/editor/assets/default_renderpipeline/builtin-pipeline-pass.ts.
23:49:17.712 debug: Resolve file:///C:/ProgramData/cocos/editors/Creator/3.8.7/resources/resources/3d/engine/editor/assets/default_renderpipeline/builtin-pipeline-settings.ts from cce:/internal/x/prerequisite-imports as file:///C:/ProgramData/cocos/editors/Creator/3.8.7/resources/resources/3d/engine/editor/assets/default_renderpipeline/builtin-pipeline-settings.ts.
23:49:17.713 debug: Resolve file:///C:/ProgramData/cocos/editors/Creator/3.8.7/resources/resources/3d/engine/editor/assets/default_renderpipeline/builtin-pipeline-types.ts from cce:/internal/x/prerequisite-imports as file:///C:/ProgramData/cocos/editors/Creator/3.8.7/resources/resources/3d/engine/editor/assets/default_renderpipeline/builtin-pipeline-types.ts.
23:49:17.715 debug: Resolve file:///C:/ProgramData/cocos/editors/Creator/3.8.7/resources/resources/3d/engine/editor/assets/default_renderpipeline/builtin-pipeline.ts from cce:/internal/x/prerequisite-imports as file:///C:/ProgramData/cocos/editors/Creator/3.8.7/resources/resources/3d/engine/editor/assets/default_renderpipeline/builtin-pipeline.ts.
23:49:17.716 debug: Resolve file:///C:/ProgramData/cocos/editors/Creator/3.8.7/resources/resources/3d/engine/editor/assets/tools/debug-view-runtime-control.ts from cce:/internal/x/prerequisite-imports as file:///C:/ProgramData/cocos/editors/Creator/3.8.7/resources/resources/3d/engine/editor/assets/tools/debug-view-runtime-control.ts.
23:49:17.717 debug: Resolve file:///C:/Users/Admin/Desktop/coco/PipeRescue/assets/scripts/GameController.ts from cce:/internal/x/prerequisite-imports as file:///C:/Users/Admin/Desktop/coco/PipeRescue/assets/scripts/GameController.ts.
23:49:17.717 debug: Resolve file:///C:/Users/Admin/Desktop/coco/PipeRescue/assets/scripts/PathSolver.ts from cce:/internal/x/prerequisite-imports as file:///C:/Users/Admin/Desktop/coco/PipeRescue/assets/scripts/PathSolver.ts.
23:49:17.719 debug: Resolve file:///C:/Users/Admin/Desktop/coco/PipeRescue/assets/scripts/PipeTypes.ts from cce:/internal/x/prerequisite-imports as file:///C:/Users/Admin/Desktop/coco/PipeRescue/assets/scripts/PipeTypes.ts.
23:49:17.720 debug: Detected change: file:///C:/Users/Admin/Desktop/coco/PipeRescue/assets/scripts/PipeTypes.ts. Last mtime: Sun Jun 07 2026 23:48:06 GMT+0530 (India Standard Time)@12e96a41-68e8-49c5-8846-fade2d80cb39, Current mtime: Sun Jun 07 2026 23:49:13 GMT+0530 (India Standard Time)@12e96a41-68e8-49c5-8846-fade2d80cb39
23:49:17.721 debug: Inspect file:///C:/Users/Admin/Desktop/coco/PipeRescue/assets/scripts/PipeTypes.ts
23:49:17.795 debug: transform url: 'file:///C:/Users/Admin/Desktop/coco/PipeRescue/assets/scripts/PipeTypes.ts' costs: 74.60 ms
23:49:17.801 debug: Resolve file:///C:/Users/Admin/Desktop/coco/PipeRescue/assets/scripts/TileNode.ts from cce:/internal/x/prerequisite-imports as file:///C:/Users/Admin/Desktop/coco/PipeRescue/assets/scripts/TileNode.ts.
23:49:17.805 debug: Resolve cc from file:///C:/Users/Admin/Desktop/coco/PipeRescue/assets/scripts/PipeTypes.ts as cce:/internal/x/cc.
23:49:17.842 debug: Target(preview) ends with cost 182.61350000090897ms.
23:50:34.031 debug: Dispatch build request for time accumulated 1 asset changes.
23:50:34.035 debug: Build iteration starts.
Number of accumulated asset changes: 1
Feature changed: false
23:50:34.036 debug: Target(editor) build started.
23:50:34.039 debug: Detected change: cce:/internal/x/prerequisite-imports. Last mtime: Thu Jan 01 1970 09:47:11 GMT+0530 (India Standard Time), Current mtime: Thu Jan 01 1970 09:48:27 GMT+0530 (India Standard Time)
23:50:34.039 debug: Inspect cce:/internal/x/prerequisite-imports
23:50:34.051 debug: transform url: 'cce:/internal/x/prerequisite-imports' costs: 12.70 ms
23:50:34.054 debug: Resolve file:///C:/ProgramData/cocos/editors/Creator/3.8.7/resources/resources/3d/engine/editor/assets/default_renderpipeline/builtin-dof-pass.ts from cce:/internal/x/prerequisite-imports as file:///C:/ProgramData/cocos/editors/Creator/3.8.7/resources/resources/3d/engine/editor/assets/default_renderpipeline/builtin-dof-pass.ts.
23:50:34.055 debug: Resolve file:///C:/ProgramData/cocos/editors/Creator/3.8.7/resources/resources/3d/engine/editor/assets/default_renderpipeline/builtin-pipeline-pass.ts from cce:/internal/x/prerequisite-imports as file:///C:/ProgramData/cocos/editors/Creator/3.8.7/resources/resources/3d/engine/editor/assets/default_renderpipeline/builtin-pipeline-pass.ts.
23:50:34.056 debug: Resolve file:///C:/ProgramData/cocos/editors/Creator/3.8.7/resources/resources/3d/engine/editor/assets/default_renderpipeline/builtin-pipeline-settings.ts from cce:/internal/x/prerequisite-imports as file:///C:/ProgramData/cocos/editors/Creator/3.8.7/resources/resources/3d/engine/editor/assets/default_renderpipeline/builtin-pipeline-settings.ts.
23:50:34.056 debug: Resolve file:///C:/ProgramData/cocos/editors/Creator/3.8.7/resources/resources/3d/engine/editor/assets/default_renderpipeline/builtin-pipeline-types.ts from cce:/internal/x/prerequisite-imports as file:///C:/ProgramData/cocos/editors/Creator/3.8.7/resources/resources/3d/engine/editor/assets/default_renderpipeline/builtin-pipeline-types.ts.
23:50:34.057 debug: Resolve file:///C:/ProgramData/cocos/editors/Creator/3.8.7/resources/resources/3d/engine/editor/assets/default_renderpipeline/builtin-pipeline.ts from cce:/internal/x/prerequisite-imports as file:///C:/ProgramData/cocos/editors/Creator/3.8.7/resources/resources/3d/engine/editor/assets/default_renderpipeline/builtin-pipeline.ts.
23:50:34.058 debug: Resolve file:///C:/ProgramData/cocos/editors/Creator/3.8.7/resources/resources/3d/engine/editor/assets/tools/debug-view-runtime-control.ts from cce:/internal/x/prerequisite-imports as file:///C:/ProgramData/cocos/editors/Creator/3.8.7/resources/resources/3d/engine/editor/assets/tools/debug-view-runtime-control.ts.
23:50:34.058 debug: Resolve file:///C:/Users/Admin/Desktop/coco/PipeRescue/assets/scripts/GameController.ts from cce:/internal/x/prerequisite-imports as file:///C:/Users/Admin/Desktop/coco/PipeRescue/assets/scripts/GameController.ts.
23:50:34.059 debug: Resolve file:///C:/Users/Admin/Desktop/coco/PipeRescue/assets/scripts/PathSolver.ts from cce:/internal/x/prerequisite-imports as file:///C:/Users/Admin/Desktop/coco/PipeRescue/assets/scripts/PathSolver.ts.
23:50:34.059 debug: Resolve file:///C:/Users/Admin/Desktop/coco/PipeRescue/assets/scripts/PipeTypes.ts from cce:/internal/x/prerequisite-imports as file:///C:/Users/Admin/Desktop/coco/PipeRescue/assets/scripts/PipeTypes.ts.
23:50:34.059 debug: Detected change: file:///C:/Users/Admin/Desktop/coco/PipeRescue/assets/scripts/PipeTypes.ts. Last mtime: Sun Jun 07 2026 23:49:13 GMT+0530 (India Standard Time)@12e96a41-68e8-49c5-8846-fade2d80cb39, Current mtime: Sun Jun 07 2026 23:50:31 GMT+0530 (India Standard Time)@12e96a41-68e8-49c5-8846-fade2d80cb39
23:50:34.060 debug: Inspect file:///C:/Users/Admin/Desktop/coco/PipeRescue/assets/scripts/PipeTypes.ts
23:50:34.108 debug: transform url: 'file:///C:/Users/Admin/Desktop/coco/PipeRescue/assets/scripts/PipeTypes.ts' costs: 48.70 ms
23:50:34.111 debug: Resolve file:///C:/Users/Admin/Desktop/coco/PipeRescue/assets/scripts/TileNode.ts from cce:/internal/x/prerequisite-imports as file:///C:/Users/Admin/Desktop/coco/PipeRescue/assets/scripts/TileNode.ts.
23:50:34.112 debug: Resolve cc from file:///C:/Users/Admin/Desktop/coco/PipeRescue/assets/scripts/PipeTypes.ts as cce:/internal/x/cc.
23:50:34.140 debug: Target(editor) ends with cost 104.10400000028312ms.
23:50:34.140 debug: Target(preview) build started.
23:50:34.153 debug: Detected change: cce:/internal/x/prerequisite-imports. Last mtime: Thu Jan 01 1970 09:47:11 GMT+0530 (India Standard Time), Current mtime: Thu Jan 01 1970 09:48:27 GMT+0530 (India Standard Time)
23:50:34.153 debug: Inspect cce:/internal/x/prerequisite-imports
23:50:34.172 debug: transform url: 'cce:/internal/x/prerequisite-imports' costs: 18.50 ms
23:50:34.175 debug: Resolve file:///C:/ProgramData/cocos/editors/Creator/3.8.7/resources/resources/3d/engine/editor/assets/default_renderpipeline/builtin-dof-pass.ts from cce:/internal/x/prerequisite-imports as file:///C:/ProgramData/cocos/editors/Creator/3.8.7/resources/resources/3d/engine/editor/assets/default_renderpipeline/builtin-dof-pass.ts.
23:50:34.177 debug: Resolve file:///C:/ProgramData/cocos/editors/Creator/3.8.7/resources/resources/3d/engine/editor/assets/default_renderpipeline/builtin-pipeline-pass.ts from cce:/internal/x/prerequisite-imports as file:///C:/ProgramData/cocos/editors/Creator/3.8.7/resources/resources/3d/engine/editor/assets/default_renderpipeline/builtin-pipeline-pass.ts.
23:50:34.178 debug: Resolve file:///C:/ProgramData/cocos/editors/Creator/3.8.7/resources/resources/3d/engine/editor/assets/default_renderpipeline/builtin-pipeline-settings.ts from cce:/internal/x/prerequisite-imports as file:///C:/ProgramData/cocos/editors/Creator/3.8.7/resources/resources/3d/engine/editor/assets/default_renderpipeline/builtin-pipeline-settings.ts.
23:50:34.180 debug: Resolve file:///C:/ProgramData/cocos/editors/Creator/3.8.7/resources/resources/3d/engine/editor/assets/default_renderpipeline/builtin-pipeline-types.ts from cce:/internal/x/prerequisite-imports as file:///C:/ProgramData/cocos/editors/Creator/3.8.7/resources/resources/3d/engine/editor/assets/default_renderpipeline/builtin-pipeline-types.ts.
23:50:34.181 debug: Resolve file:///C:/ProgramData/cocos/editors/Creator/3.8.7/resources/resources/3d/engine/editor/assets/default_renderpipeline/builtin-pipeline.ts from cce:/internal/x/prerequisite-imports as file:///C:/ProgramData/cocos/editors/Creator/3.8.7/resources/resources/3d/engine/editor/assets/default_renderpipeline/builtin-pipeline.ts.
23:50:34.182 debug: Resolve file:///C:/ProgramData/cocos/editors/Creator/3.8.7/resources/resources/3d/engine/editor/assets/tools/debug-view-runtime-control.ts from cce:/internal/x/prerequisite-imports as file:///C:/ProgramData/cocos/editors/Creator/3.8.7/resources/resources/3d/engine/editor/assets/tools/debug-view-runtime-control.ts.
23:50:34.184 debug: Resolve file:///C:/Users/Admin/Desktop/coco/PipeRescue/assets/scripts/GameController.ts from cce:/internal/x/prerequisite-imports as file:///C:/Users/Admin/Desktop/coco/PipeRescue/assets/scripts/GameController.ts.
23:50:34.184 debug: Resolve file:///C:/Users/Admin/Desktop/coco/PipeRescue/assets/scripts/PathSolver.ts from cce:/internal/x/prerequisite-imports as file:///C:/Users/Admin/Desktop/coco/PipeRescue/assets/scripts/PathSolver.ts.
23:50:34.185 debug: Resolve file:///C:/Users/Admin/Desktop/coco/PipeRescue/assets/scripts/PipeTypes.ts from cce:/internal/x/prerequisite-imports as file:///C:/Users/Admin/Desktop/coco/PipeRescue/assets/scripts/PipeTypes.ts.
23:50:34.186 debug: Detected change: file:///C:/Users/Admin/Desktop/coco/PipeRescue/assets/scripts/PipeTypes.ts. Last mtime: Sun Jun 07 2026 23:49:13 GMT+0530 (India Standard Time)@12e96a41-68e8-49c5-8846-fade2d80cb39, Current mtime: Sun Jun 07 2026 23:50:31 GMT+0530 (India Standard Time)@12e96a41-68e8-49c5-8846-fade2d80cb39
23:50:34.186 debug: Inspect file:///C:/Users/Admin/Desktop/coco/PipeRescue/assets/scripts/PipeTypes.ts
23:50:34.234 debug: transform url: 'file:///C:/Users/Admin/Desktop/coco/PipeRescue/assets/scripts/PipeTypes.ts' costs: 48.20 ms
23:50:34.241 debug: Resolve file:///C:/Users/Admin/Desktop/coco/PipeRescue/assets/scripts/TileNode.ts from cce:/internal/x/prerequisite-imports as file:///C:/Users/Admin/Desktop/coco/PipeRescue/assets/scripts/TileNode.ts.
23:50:34.245 debug: Resolve cc from file:///C:/Users/Admin/Desktop/coco/PipeRescue/assets/scripts/PipeTypes.ts as cce:/internal/x/cc.
23:50:34.280 debug: Target(preview) ends with cost 139.555300001055ms.
23:51:13.051 debug: Dispatch build request for time accumulated 1 asset changes.
23:51:13.058 debug: Build iteration starts.
Number of accumulated asset changes: 1
Feature changed: false
23:51:13.059 debug: Target(editor) build started.
23:51:13.070 debug: Detected change: cce:/internal/x/prerequisite-imports. Last mtime: Thu Jan 01 1970 09:48:27 GMT+0530 (India Standard Time), Current mtime: Thu Jan 01 1970 09:49:06 GMT+0530 (India Standard Time)
23:51:13.070 debug: Inspect cce:/internal/x/prerequisite-imports
23:51:13.100 debug: transform url: 'cce:/internal/x/prerequisite-imports' costs: 30.00 ms
23:51:13.103 debug: Resolve file:///C:/ProgramData/cocos/editors/Creator/3.8.7/resources/resources/3d/engine/editor/assets/default_renderpipeline/builtin-dof-pass.ts from cce:/internal/x/prerequisite-imports as file:///C:/ProgramData/cocos/editors/Creator/3.8.7/resources/resources/3d/engine/editor/assets/default_renderpipeline/builtin-dof-pass.ts.
23:51:13.104 debug: Resolve file:///C:/ProgramData/cocos/editors/Creator/3.8.7/resources/resources/3d/engine/editor/assets/default_renderpipeline/builtin-pipeline-pass.ts from cce:/internal/x/prerequisite-imports as file:///C:/ProgramData/cocos/editors/Creator/3.8.7/resources/resources/3d/engine/editor/assets/default_renderpipeline/builtin-pipeline-pass.ts.
23:51:13.105 debug: Resolve file:///C:/ProgramData/cocos/editors/Creator/3.8.7/resources/resources/3d/engine/editor/assets/default_renderpipeline/builtin-pipeline-settings.ts from cce:/internal/x/prerequisite-imports as file:///C:/ProgramData/cocos/editors/Creator/3.8.7/resources/resources/3d/engine/editor/assets/default_renderpipeline/builtin-pipeline-settings.ts.
23:51:13.106 debug: Resolve file:///C:/ProgramData/cocos/editors/Creator/3.8.7/resources/resources/3d/engine/editor/assets/default_renderpipeline/builtin-pipeline-types.ts from cce:/internal/x/prerequisite-imports as file:///C:/ProgramData/cocos/editors/Creator/3.8.7/resources/resources/3d/engine/editor/assets/default_renderpipeline/builtin-pipeline-types.ts.
23:51:13.108 debug: Resolve file:///C:/ProgramData/cocos/editors/Creator/3.8.7/resources/resources/3d/engine/editor/assets/default_renderpipeline/builtin-pipeline.ts from cce:/internal/x/prerequisite-imports as file:///C:/ProgramData/cocos/editors/Creator/3.8.7/resources/resources/3d/engine/editor/assets/default_renderpipeline/builtin-pipeline.ts.
23:51:13.111 debug: Resolve file:///C:/ProgramData/cocos/editors/Creator/3.8.7/resources/resources/3d/engine/editor/assets/tools/debug-view-runtime-control.ts from cce:/internal/x/prerequisite-imports as file:///C:/ProgramData/cocos/editors/Creator/3.8.7/resources/resources/3d/engine/editor/assets/tools/debug-view-runtime-control.ts.
23:51:13.111 debug: Resolve file:///C:/Users/Admin/Desktop/coco/PipeRescue/assets/scripts/GameController.ts from cce:/internal/x/prerequisite-imports as file:///C:/Users/Admin/Desktop/coco/PipeRescue/assets/scripts/GameController.ts.
23:51:13.112 debug: Resolve file:///C:/Users/Admin/Desktop/coco/PipeRescue/assets/scripts/PathSolver.ts from cce:/internal/x/prerequisite-imports as file:///C:/Users/Admin/Desktop/coco/PipeRescue/assets/scripts/PathSolver.ts.
23:51:13.113 debug: Resolve file:///C:/Users/Admin/Desktop/coco/PipeRescue/assets/scripts/PipeTypes.ts from cce:/internal/x/prerequisite-imports as file:///C:/Users/Admin/Desktop/coco/PipeRescue/assets/scripts/PipeTypes.ts.
23:51:13.114 debug: Detected change: file:///C:/Users/Admin/Desktop/coco/PipeRescue/assets/scripts/PipeTypes.ts. Last mtime: Sun Jun 07 2026 23:50:31 GMT+0530 (India Standard Time)@12e96a41-68e8-49c5-8846-fade2d80cb39, Current mtime: Sun Jun 07 2026 23:51:06 GMT+0530 (India Standard Time)@12e96a41-68e8-49c5-8846-fade2d80cb39
23:51:13.114 debug: Inspect file:///C:/Users/Admin/Desktop/coco/PipeRescue/assets/scripts/PipeTypes.ts
23:51:13.254 debug: transform url: 'file:///C:/Users/Admin/Desktop/coco/PipeRescue/assets/scripts/PipeTypes.ts' costs: 140.40 ms
23:51:13.258 debug: Resolve file:///C:/Users/Admin/Desktop/coco/PipeRescue/assets/scripts/TileNode.ts from cce:/internal/x/prerequisite-imports as file:///C:/Users/Admin/Desktop/coco/PipeRescue/assets/scripts/TileNode.ts.
23:51:13.259 debug: Resolve cc from file:///C:/Users/Admin/Desktop/coco/PipeRescue/assets/scripts/PipeTypes.ts as cce:/internal/x/cc.
23:51:13.294 debug: Target(editor) ends with cost 234.9122000001371ms.
23:51:13.295 debug: Target(preview) build started.
23:51:13.327 debug: Detected change: cce:/internal/x/prerequisite-imports. Last mtime: Thu Jan 01 1970 09:48:27 GMT+0530 (India Standard Time), Current mtime: Thu Jan 01 1970 09:49:07 GMT+0530 (India Standard Time)
23:51:13.327 debug: Inspect cce:/internal/x/prerequisite-imports
23:51:13.376 debug: transform url: 'cce:/internal/x/prerequisite-imports' costs: 49.00 ms
23:51:13.381 debug: Resolve file:///C:/ProgramData/cocos/editors/Creator/3.8.7/resources/resources/3d/engine/editor/assets/default_renderpipeline/builtin-dof-pass.ts from cce:/internal/x/prerequisite-imports as file:///C:/ProgramData/cocos/editors/Creator/3.8.7/resources/resources/3d/engine/editor/assets/default_renderpipeline/builtin-dof-pass.ts.
23:51:13.383 debug: Resolve file:///C:/ProgramData/cocos/editors/Creator/3.8.7/resources/resources/3d/engine/editor/assets/default_renderpipeline/builtin-pipeline-pass.ts from cce:/internal/x/prerequisite-imports as file:///C:/ProgramData/cocos/editors/Creator/3.8.7/resources/resources/3d/engine/editor/assets/default_renderpipeline/builtin-pipeline-pass.ts.
23:51:13.385 debug: Resolve file:///C:/ProgramData/cocos/editors/Creator/3.8.7/resources/resources/3d/engine/editor/assets/default_renderpipeline/builtin-pipeline-settings.ts from cce:/internal/x/prerequisite-imports as file:///C:/ProgramData/cocos/editors/Creator/3.8.7/resources/resources/3d/engine/editor/assets/default_renderpipeline/builtin-pipeline-settings.ts.
23:51:13.386 debug: Resolve file:///C:/ProgramData/cocos/editors/Creator/3.8.7/resources/resources/3d/engine/editor/assets/default_renderpipeline/builtin-pipeline-types.ts from cce:/internal/x/prerequisite-imports as file:///C:/ProgramData/cocos/editors/Creator/3.8.7/resources/resources/3d/engine/editor/assets/default_renderpipeline/builtin-pipeline-types.ts.
23:51:13.388 debug: Resolve file:///C:/ProgramData/cocos/editors/Creator/3.8.7/resources/resources/3d/engine/editor/assets/default_renderpipeline/builtin-pipeline.ts from cce:/internal/x/prerequisite-imports as file:///C:/ProgramData/cocos/editors/Creator/3.8.7/resources/resources/3d/engine/editor/assets/default_renderpipeline/builtin-pipeline.ts.
23:51:13.391 debug: Resolve file:///C:/ProgramData/cocos/editors/Creator/3.8.7/resources/resources/3d/engine/editor/assets/tools/debug-view-runtime-control.ts from cce:/internal/x/prerequisite-imports as file:///C:/ProgramData/cocos/editors/Creator/3.8.7/resources/resources/3d/engine/editor/assets/tools/debug-view-runtime-control.ts.
23:51:13.392 debug: Resolve file:///C:/Users/Admin/Desktop/coco/PipeRescue/assets/scripts/GameController.ts from cce:/internal/x/prerequisite-imports as file:///C:/Users/Admin/Desktop/coco/PipeRescue/assets/scripts/GameController.ts.
23:51:13.393 debug: Resolve file:///C:/Users/Admin/Desktop/coco/PipeRescue/assets/scripts/PathSolver.ts from cce:/internal/x/prerequisite-imports as file:///C:/Users/Admin/Desktop/coco/PipeRescue/assets/scripts/PathSolver.ts.
23:51:13.394 debug: Resolve file:///C:/Users/Admin/Desktop/coco/PipeRescue/assets/scripts/PipeTypes.ts from cce:/internal/x/prerequisite-imports as file:///C:/Users/Admin/Desktop/coco/PipeRescue/assets/scripts/PipeTypes.ts.
23:51:13.394 debug: Detected change: file:///C:/Users/Admin/Desktop/coco/PipeRescue/assets/scripts/PipeTypes.ts. Last mtime: Sun Jun 07 2026 23:50:31 GMT+0530 (India Standard Time)@12e96a41-68e8-49c5-8846-fade2d80cb39, Current mtime: Sun Jun 07 2026 23:51:06 GMT+0530 (India Standard Time)@12e96a41-68e8-49c5-8846-fade2d80cb39
23:51:13.394 debug: Inspect file:///C:/Users/Admin/Desktop/coco/PipeRescue/assets/scripts/PipeTypes.ts
23:51:13.553 debug: transform url: 'file:///C:/Users/Admin/Desktop/coco/PipeRescue/assets/scripts/PipeTypes.ts' costs: 158.40 ms
23:51:13.555 debug: Resolve file:///C:/Users/Admin/Desktop/coco/PipeRescue/assets/scripts/TileNode.ts from cce:/internal/x/prerequisite-imports as file:///C:/Users/Admin/Desktop/coco/PipeRescue/assets/scripts/TileNode.ts.
23:51:13.556 debug: Resolve cc from file:///C:/Users/Admin/Desktop/coco/PipeRescue/assets/scripts/PipeTypes.ts as cce:/internal/x/cc.
23:51:13.601 debug: Target(preview) ends with cost 306.5725999996066ms.
23:52:40.347 debug: Dispatch build request for time accumulated 1 asset changes.
23:52:40.363 debug: Build iteration starts.
Number of accumulated asset changes: 1
Feature changed: false
23:52:40.364 debug: Target(editor) build started.
23:52:40.367 debug: Detected change: cce:/internal/x/prerequisite-imports. Last mtime: Thu Jan 01 1970 09:49:06 GMT+0530 (India Standard Time), Current mtime: Thu Jan 01 1970 09:50:34 GMT+0530 (India Standard Time)
23:52:40.367 debug: Inspect cce:/internal/x/prerequisite-imports
23:52:40.387 debug: transform url: 'cce:/internal/x/prerequisite-imports' costs: 19.90 ms
23:52:40.392 debug: Resolve file:///C:/ProgramData/cocos/editors/Creator/3.8.7/resources/resources/3d/engine/editor/assets/default_renderpipeline/builtin-dof-pass.ts from cce:/internal/x/prerequisite-imports as file:///C:/ProgramData/cocos/editors/Creator/3.8.7/resources/resources/3d/engine/editor/assets/default_renderpipeline/builtin-dof-pass.ts.
23:52:40.394 debug: Resolve file:///C:/ProgramData/cocos/editors/Creator/3.8.7/resources/resources/3d/engine/editor/assets/default_renderpipeline/builtin-pipeline-pass.ts from cce:/internal/x/prerequisite-imports as file:///C:/ProgramData/cocos/editors/Creator/3.8.7/resources/resources/3d/engine/editor/assets/default_renderpipeline/builtin-pipeline-pass.ts.
23:52:40.395 debug: Resolve file:///C:/ProgramData/cocos/editors/Creator/3.8.7/resources/resources/3d/engine/editor/assets/default_renderpipeline/builtin-pipeline-settings.ts from cce:/internal/x/prerequisite-imports as file:///C:/ProgramData/cocos/editors/Creator/3.8.7/resources/resources/3d/engine/editor/assets/default_renderpipeline/builtin-pipeline-settings.ts.
23:52:40.396 debug: Resolve file:///C:/ProgramData/cocos/editors/Creator/3.8.7/resources/resources/3d/engine/editor/assets/default_renderpipeline/builtin-pipeline-types.ts from cce:/internal/x/prerequisite-imports as file:///C:/ProgramData/cocos/editors/Creator/3.8.7/resources/resources/3d/engine/editor/assets/default_renderpipeline/builtin-pipeline-types.ts.
23:52:40.398 debug: Resolve file:///C:/ProgramData/cocos/editors/Creator/3.8.7/resources/resources/3d/engine/editor/assets/default_renderpipeline/builtin-pipeline.ts from cce:/internal/x/prerequisite-imports as file:///C:/ProgramData/cocos/editors/Creator/3.8.7/resources/resources/3d/engine/editor/assets/default_renderpipeline/builtin-pipeline.ts.
23:52:40.399 debug: Resolve file:///C:/ProgramData/cocos/editors/Creator/3.8.7/resources/resources/3d/engine/editor/assets/tools/debug-view-runtime-control.ts from cce:/internal/x/prerequisite-imports as file:///C:/ProgramData/cocos/editors/Creator/3.8.7/resources/resources/3d/engine/editor/assets/tools/debug-view-runtime-control.ts.
23:52:40.399 debug: Resolve file:///C:/Users/Admin/Desktop/coco/PipeRescue/assets/scripts/GameController.ts from cce:/internal/x/prerequisite-imports as file:///C:/Users/Admin/Desktop/coco/PipeRescue/assets/scripts/GameController.ts.
23:52:40.400 debug: Resolve file:///C:/Users/Admin/Desktop/coco/PipeRescue/assets/scripts/PathSolver.ts from cce:/internal/x/prerequisite-imports as file:///C:/Users/Admin/Desktop/coco/PipeRescue/assets/scripts/PathSolver.ts.
23:52:40.400 debug: Resolve file:///C:/Users/Admin/Desktop/coco/PipeRescue/assets/scripts/PipeTypes.ts from cce:/internal/x/prerequisite-imports as file:///C:/Users/Admin/Desktop/coco/PipeRescue/assets/scripts/PipeTypes.ts.
23:52:40.401 debug: Detected change: file:///C:/Users/Admin/Desktop/coco/PipeRescue/assets/scripts/PipeTypes.ts. Last mtime: Sun Jun 07 2026 23:51:06 GMT+0530 (India Standard Time)@12e96a41-68e8-49c5-8846-fade2d80cb39, Current mtime: Sun Jun 07 2026 23:52:35 GMT+0530 (India Standard Time)@12e96a41-68e8-49c5-8846-fade2d80cb39
23:52:40.401 debug: Inspect file:///C:/Users/Admin/Desktop/coco/PipeRescue/assets/scripts/PipeTypes.ts
23:52:40.472 debug: transform url: 'file:///C:/Users/Admin/Desktop/coco/PipeRescue/assets/scripts/PipeTypes.ts' costs: 71.00 ms
23:52:40.478 debug: Resolve file:///C:/Users/Admin/Desktop/coco/PipeRescue/assets/scripts/TileNode.ts from cce:/internal/x/prerequisite-imports as file:///C:/Users/Admin/Desktop/coco/PipeRescue/assets/scripts/TileNode.ts.
23:52:40.479 debug: Resolve cc from file:///C:/Users/Admin/Desktop/coco/PipeRescue/assets/scripts/PipeTypes.ts as cce:/internal/x/cc.
23:52:40.512 debug: Target(editor) ends with cost 147.93539999984205ms.
23:52:40.512 debug: Target(preview) build started.
23:52:40.523 debug: Detected change: cce:/internal/x/prerequisite-imports. Last mtime: Thu Jan 01 1970 09:49:07 GMT+0530 (India Standard Time), Current mtime: Thu Jan 01 1970 09:50:34 GMT+0530 (India Standard Time)
23:52:40.523 debug: Inspect cce:/internal/x/prerequisite-imports
23:52:40.570 debug: transform url: 'cce:/internal/x/prerequisite-imports' costs: 46.90 ms
23:52:40.573 debug: Resolve file:///C:/ProgramData/cocos/editors/Creator/3.8.7/resources/resources/3d/engine/editor/assets/default_renderpipeline/builtin-dof-pass.ts from cce:/internal/x/prerequisite-imports as file:///C:/ProgramData/cocos/editors/Creator/3.8.7/resources/resources/3d/engine/editor/assets/default_renderpipeline/builtin-dof-pass.ts.
23:52:40.580 debug: Resolve file:///C:/ProgramData/cocos/editors/Creator/3.8.7/resources/resources/3d/engine/editor/assets/default_renderpipeline/builtin-pipeline-pass.ts from cce:/internal/x/prerequisite-imports as file:///C:/ProgramData/cocos/editors/Creator/3.8.7/resources/resources/3d/engine/editor/assets/default_renderpipeline/builtin-pipeline-pass.ts.
23:52:40.583 debug: Resolve file:///C:/ProgramData/cocos/editors/Creator/3.8.7/resources/resources/3d/engine/editor/assets/default_renderpipeline/builtin-pipeline-settings.ts from cce:/internal/x/prerequisite-imports as file:///C:/ProgramData/cocos/editors/Creator/3.8.7/resources/resources/3d/engine/editor/assets/default_renderpipeline/builtin-pipeline-settings.ts.
23:52:40.585 debug: Resolve file:///C:/ProgramData/cocos/editors/Creator/3.8.7/resources/resources/3d/engine/editor/assets/default_renderpipeline/builtin-pipeline-types.ts from cce:/internal/x/prerequisite-imports as file:///C:/ProgramData/cocos/editors/Creator/3.8.7/resources/resources/3d/engine/editor/assets/default_renderpipeline/builtin-pipeline-types.ts.
23:52:40.586 debug: Resolve file:///C:/ProgramData/cocos/editors/Creator/3.8.7/resources/resources/3d/engine/editor/assets/default_renderpipeline/builtin-pipeline.ts from cce:/internal/x/prerequisite-imports as file:///C:/ProgramData/cocos/editors/Creator/3.8.7/resources/resources/3d/engine/editor/assets/default_renderpipeline/builtin-pipeline.ts.
23:52:40.587 debug: Resolve file:///C:/ProgramData/cocos/editors/Creator/3.8.7/resources/resources/3d/engine/editor/assets/tools/debug-view-runtime-control.ts from cce:/internal/x/prerequisite-imports as file:///C:/ProgramData/cocos/editors/Creator/3.8.7/resources/resources/3d/engine/editor/assets/tools/debug-view-runtime-control.ts.
23:52:40.588 debug: Resolve file:///C:/Users/Admin/Desktop/coco/PipeRescue/assets/scripts/GameController.ts from cce:/internal/x/prerequisite-imports as file:///C:/Users/Admin/Desktop/coco/PipeRescue/assets/scripts/GameController.ts.
23:52:40.589 debug: Resolve file:///C:/Users/Admin/Desktop/coco/PipeRescue/assets/scripts/PathSolver.ts from cce:/internal/x/prerequisite-imports as file:///C:/Users/Admin/Desktop/coco/PipeRescue/assets/scripts/PathSolver.ts.
23:52:40.590 debug: Resolve file:///C:/Users/Admin/Desktop/coco/PipeRescue/assets/scripts/PipeTypes.ts from cce:/internal/x/prerequisite-imports as file:///C:/Users/Admin/Desktop/coco/PipeRescue/assets/scripts/PipeTypes.ts.
23:52:40.590 debug: Detected change: file:///C:/Users/Admin/Desktop/coco/PipeRescue/assets/scripts/PipeTypes.ts. Last mtime: Sun Jun 07 2026 23:51:06 GMT+0530 (India Standard Time)@12e96a41-68e8-49c5-8846-fade2d80cb39, Current mtime: Sun Jun 07 2026 23:52:35 GMT+0530 (India Standard Time)@12e96a41-68e8-49c5-8846-fade2d80cb39
23:52:40.590 debug: Inspect file:///C:/Users/Admin/Desktop/coco/PipeRescue/assets/scripts/PipeTypes.ts
23:52:40.699 debug: transform url: 'file:///C:/Users/Admin/Desktop/coco/PipeRescue/assets/scripts/PipeTypes.ts' costs: 109.20 ms
23:52:40.702 debug: Resolve file:///C:/Users/Admin/Desktop/coco/PipeRescue/assets/scripts/TileNode.ts from cce:/internal/x/prerequisite-imports as file:///C:/Users/Admin/Desktop/coco/PipeRescue/assets/scripts/TileNode.ts.
23:52:40.703 debug: Resolve cc from file:///C:/Users/Admin/Desktop/coco/PipeRescue/assets/scripts/PipeTypes.ts as cce:/internal/x/cc.
23:52:40.765 debug: Target(preview) ends with cost 252.35740000009537ms.
23:53:41.062 debug: Dispatch build request for time accumulated 1 asset changes.
23:53:41.065 debug: Build iteration starts.
Number of accumulated asset changes: 1
Feature changed: false
23:53:41.065 debug: Target(editor) build started.
23:53:41.069 debug: Detected change: cce:/internal/x/prerequisite-imports. Last mtime: Thu Jan 01 1970 09:50:34 GMT+0530 (India Standard Time), Current mtime: Thu Jan 01 1970 09:51:34 GMT+0530 (India Standard Time)
23:53:41.069 debug: Inspect cce:/internal/x/prerequisite-imports
23:53:41.084 debug: transform url: 'cce:/internal/x/prerequisite-imports' costs: 14.70 ms
23:53:41.086 debug: Resolve file:///C:/ProgramData/cocos/editors/Creator/3.8.7/resources/resources/3d/engine/editor/assets/default_renderpipeline/builtin-dof-pass.ts from cce:/internal/x/prerequisite-imports as file:///C:/ProgramData/cocos/editors/Creator/3.8.7/resources/resources/3d/engine/editor/assets/default_renderpipeline/builtin-dof-pass.ts.
23:53:41.088 debug: Resolve file:///C:/ProgramData/cocos/editors/Creator/3.8.7/resources/resources/3d/engine/editor/assets/default_renderpipeline/builtin-pipeline-pass.ts from cce:/internal/x/prerequisite-imports as file:///C:/ProgramData/cocos/editors/Creator/3.8.7/resources/resources/3d/engine/editor/assets/default_renderpipeline/builtin-pipeline-pass.ts.
23:53:41.089 debug: Resolve file:///C:/ProgramData/cocos/editors/Creator/3.8.7/resources/resources/3d/engine/editor/assets/default_renderpipeline/builtin-pipeline-settings.ts from cce:/internal/x/prerequisite-imports as file:///C:/ProgramData/cocos/editors/Creator/3.8.7/resources/resources/3d/engine/editor/assets/default_renderpipeline/builtin-pipeline-settings.ts.
23:53:41.090 debug: Resolve file:///C:/ProgramData/cocos/editors/Creator/3.8.7/resources/resources/3d/engine/editor/assets/default_renderpipeline/builtin-pipeline-types.ts from cce:/internal/x/prerequisite-imports as file:///C:/ProgramData/cocos/editors/Creator/3.8.7/resources/resources/3d/engine/editor/assets/default_renderpipeline/builtin-pipeline-types.ts.
23:53:41.091 debug: Resolve file:///C:/ProgramData/cocos/editors/Creator/3.8.7/resources/resources/3d/engine/editor/assets/default_renderpipeline/builtin-pipeline.ts from cce:/internal/x/prerequisite-imports as file:///C:/ProgramData/cocos/editors/Creator/3.8.7/resources/resources/3d/engine/editor/assets/default_renderpipeline/builtin-pipeline.ts.
23:53:41.092 debug: Resolve file:///C:/ProgramData/cocos/editors/Creator/3.8.7/resources/resources/3d/engine/editor/assets/tools/debug-view-runtime-control.ts from cce:/internal/x/prerequisite-imports as file:///C:/ProgramData/cocos/editors/Creator/3.8.7/resources/resources/3d/engine/editor/assets/tools/debug-view-runtime-control.ts.
23:53:41.093 debug: Resolve file:///C:/Users/Admin/Desktop/coco/PipeRescue/assets/scripts/GameController.ts from cce:/internal/x/prerequisite-imports as file:///C:/Users/Admin/Desktop/coco/PipeRescue/assets/scripts/GameController.ts.
23:53:41.094 debug: Resolve file:///C:/Users/Admin/Desktop/coco/PipeRescue/assets/scripts/PathSolver.ts from cce:/internal/x/prerequisite-imports as file:///C:/Users/Admin/Desktop/coco/PipeRescue/assets/scripts/PathSolver.ts.
23:53:41.095 debug: Resolve file:///C:/Users/Admin/Desktop/coco/PipeRescue/assets/scripts/PipeTypes.ts from cce:/internal/x/prerequisite-imports as file:///C:/Users/Admin/Desktop/coco/PipeRescue/assets/scripts/PipeTypes.ts.
23:53:41.096 debug: Detected change: file:///C:/Users/Admin/Desktop/coco/PipeRescue/assets/scripts/PipeTypes.ts. Last mtime: Sun Jun 07 2026 23:52:35 GMT+0530 (India Standard Time)@12e96a41-68e8-49c5-8846-fade2d80cb39, Current mtime: Sun Jun 07 2026 23:53:37 GMT+0530 (India Standard Time)@12e96a41-68e8-49c5-8846-fade2d80cb39
23:53:41.096 debug: Inspect file:///C:/Users/Admin/Desktop/coco/PipeRescue/assets/scripts/PipeTypes.ts
23:53:41.163 debug: transform url: 'file:///C:/Users/Admin/Desktop/coco/PipeRescue/assets/scripts/PipeTypes.ts' costs: 67.60 ms
23:53:41.166 debug: Resolve file:///C:/Users/Admin/Desktop/coco/PipeRescue/assets/scripts/TileNode.ts from cce:/internal/x/prerequisite-imports as file:///C:/Users/Admin/Desktop/coco/PipeRescue/assets/scripts/TileNode.ts.
23:53:41.167 debug: Resolve cc from file:///C:/Users/Admin/Desktop/coco/PipeRescue/assets/scripts/PipeTypes.ts as cce:/internal/x/cc.
23:53:41.196 debug: Target(editor) ends with cost 130.7036000005901ms.
23:53:41.196 debug: Target(preview) build started.
23:53:41.201 debug: Detected change: cce:/internal/x/prerequisite-imports. Last mtime: Thu Jan 01 1970 09:50:34 GMT+0530 (India Standard Time), Current mtime: Thu Jan 01 1970 09:51:35 GMT+0530 (India Standard Time)
23:53:41.201 debug: Inspect cce:/internal/x/prerequisite-imports
23:53:41.219 debug: transform url: 'cce:/internal/x/prerequisite-imports' costs: 17.40 ms
23:53:41.222 debug: Resolve file:///C:/ProgramData/cocos/editors/Creator/3.8.7/resources/resources/3d/engine/editor/assets/default_renderpipeline/builtin-dof-pass.ts from cce:/internal/x/prerequisite-imports as file:///C:/ProgramData/cocos/editors/Creator/3.8.7/resources/resources/3d/engine/editor/assets/default_renderpipeline/builtin-dof-pass.ts.
23:53:41.224 debug: Resolve file:///C:/ProgramData/cocos/editors/Creator/3.8.7/resources/resources/3d/engine/editor/assets/default_renderpipeline/builtin-pipeline-pass.ts from cce:/internal/x/prerequisite-imports as file:///C:/ProgramData/cocos/editors/Creator/3.8.7/resources/resources/3d/engine/editor/assets/default_renderpipeline/builtin-pipeline-pass.ts.
23:53:41.226 debug: Resolve file:///C:/ProgramData/cocos/editors/Creator/3.8.7/resources/resources/3d/engine/editor/assets/default_renderpipeline/builtin-pipeline-settings.ts from cce:/internal/x/prerequisite-imports as file:///C:/ProgramData/cocos/editors/Creator/3.8.7/resources/resources/3d/engine/editor/assets/default_renderpipeline/builtin-pipeline-settings.ts.
23:53:41.227 debug: Resolve file:///C:/ProgramData/cocos/editors/Creator/3.8.7/resources/resources/3d/engine/editor/assets/default_renderpipeline/builtin-pipeline-types.ts from cce:/internal/x/prerequisite-imports as file:///C:/ProgramData/cocos/editors/Creator/3.8.7/resources/resources/3d/engine/editor/assets/default_renderpipeline/builtin-pipeline-types.ts.
23:53:41.229 debug: Resolve file:///C:/ProgramData/cocos/editors/Creator/3.8.7/resources/resources/3d/engine/editor/assets/default_renderpipeline/builtin-pipeline.ts from cce:/internal/x/prerequisite-imports as file:///C:/ProgramData/cocos/editors/Creator/3.8.7/resources/resources/3d/engine/editor/assets/default_renderpipeline/builtin-pipeline.ts.
23:53:41.230 debug: Resolve file:///C:/ProgramData/cocos/editors/Creator/3.8.7/resources/resources/3d/engine/editor/assets/tools/debug-view-runtime-control.ts from cce:/internal/x/prerequisite-imports as file:///C:/ProgramData/cocos/editors/Creator/3.8.7/resources/resources/3d/engine/editor/assets/tools/debug-view-runtime-control.ts.
23:53:41.231 debug: Resolve file:///C:/Users/Admin/Desktop/coco/PipeRescue/assets/scripts/GameController.ts from cce:/internal/x/prerequisite-imports as file:///C:/Users/Admin/Desktop/coco/PipeRescue/assets/scripts/GameController.ts.
23:53:41.231 debug: Resolve file:///C:/Users/Admin/Desktop/coco/PipeRescue/assets/scripts/PathSolver.ts from cce:/internal/x/prerequisite-imports as file:///C:/Users/Admin/Desktop/coco/PipeRescue/assets/scripts/PathSolver.ts.
23:53:41.232 debug: Resolve file:///C:/Users/Admin/Desktop/coco/PipeRescue/assets/scripts/PipeTypes.ts from cce:/internal/x/prerequisite-imports as file:///C:/Users/Admin/Desktop/coco/PipeRescue/assets/scripts/PipeTypes.ts.
23:53:41.232 debug: Detected change: file:///C:/Users/Admin/Desktop/coco/PipeRescue/assets/scripts/PipeTypes.ts. Last mtime: Sun Jun 07 2026 23:52:35 GMT+0530 (India Standard Time)@12e96a41-68e8-49c5-8846-fade2d80cb39, Current mtime: Sun Jun 07 2026 23:53:37 GMT+0530 (India Standard Time)@12e96a41-68e8-49c5-8846-fade2d80cb39
23:53:41.232 debug: Inspect file:///C:/Users/Admin/Desktop/coco/PipeRescue/assets/scripts/PipeTypes.ts
23:53:41.289 debug: transform url: 'file:///C:/Users/Admin/Desktop/coco/PipeRescue/assets/scripts/PipeTypes.ts' costs: 56.70 ms
23:53:41.292 debug: Resolve file:///C:/Users/Admin/Desktop/coco/PipeRescue/assets/scripts/TileNode.ts from cce:/internal/x/prerequisite-imports as file:///C:/Users/Admin/Desktop/coco/PipeRescue/assets/scripts/TileNode.ts.
23:53:41.293 debug: Resolve cc from file:///C:/Users/Admin/Desktop/coco/PipeRescue/assets/scripts/PipeTypes.ts as cce:/internal/x/cc.
23:53:41.330 debug: Target(preview) ends with cost 133.95260000042617ms.
23:55:05.678 debug: Dispatch build request for time accumulated 1 asset changes.
23:55:05.680 debug: Build iteration starts.
Number of accumulated asset changes: 1
Feature changed: false
23:55:05.680 debug: Target(editor) build started.
23:55:05.683 debug: Detected change: cce:/internal/x/prerequisite-imports. Last mtime: Thu Jan 01 1970 09:51:34 GMT+0530 (India Standard Time), Current mtime: Thu Jan 01 1970 09:52:59 GMT+0530 (India Standard Time)
23:55:05.683 debug: Inspect cce:/internal/x/prerequisite-imports
23:55:05.696 debug: transform url: 'cce:/internal/x/prerequisite-imports' costs: 12.70 ms
23:55:05.699 debug: Resolve file:///C:/ProgramData/cocos/editors/Creator/3.8.7/resources/resources/3d/engine/editor/assets/default_renderpipeline/builtin-dof-pass.ts from cce:/internal/x/prerequisite-imports as file:///C:/ProgramData/cocos/editors/Creator/3.8.7/resources/resources/3d/engine/editor/assets/default_renderpipeline/builtin-dof-pass.ts.
23:55:05.700 debug: Resolve file:///C:/ProgramData/cocos/editors/Creator/3.8.7/resources/resources/3d/engine/editor/assets/default_renderpipeline/builtin-pipeline-pass.ts from cce:/internal/x/prerequisite-imports as file:///C:/ProgramData/cocos/editors/Creator/3.8.7/resources/resources/3d/engine/editor/assets/default_renderpipeline/builtin-pipeline-pass.ts.
23:55:05.700 debug: Resolve file:///C:/ProgramData/cocos/editors/Creator/3.8.7/resources/resources/3d/engine/editor/assets/default_renderpipeline/builtin-pipeline-settings.ts from cce:/internal/x/prerequisite-imports as file:///C:/ProgramData/cocos/editors/Creator/3.8.7/resources/resources/3d/engine/editor/assets/default_renderpipeline/builtin-pipeline-settings.ts.
23:55:05.701 debug: Resolve file:///C:/ProgramData/cocos/editors/Creator/3.8.7/resources/resources/3d/engine/editor/assets/default_renderpipeline/builtin-pipeline-types.ts from cce:/internal/x/prerequisite-imports as file:///C:/ProgramData/cocos/editors/Creator/3.8.7/resources/resources/3d/engine/editor/assets/default_renderpipeline/builtin-pipeline-types.ts.
23:55:05.702 debug: Resolve file:///C:/ProgramData/cocos/editors/Creator/3.8.7/resources/resources/3d/engine/editor/assets/default_renderpipeline/builtin-pipeline.ts from cce:/internal/x/prerequisite-imports as file:///C:/ProgramData/cocos/editors/Creator/3.8.7/resources/resources/3d/engine/editor/assets/default_renderpipeline/builtin-pipeline.ts.
23:55:05.703 debug: Resolve file:///C:/ProgramData/cocos/editors/Creator/3.8.7/resources/resources/3d/engine/editor/assets/tools/debug-view-runtime-control.ts from cce:/internal/x/prerequisite-imports as file:///C:/ProgramData/cocos/editors/Creator/3.8.7/resources/resources/3d/engine/editor/assets/tools/debug-view-runtime-control.ts.
23:55:05.704 debug: Resolve file:///C:/Users/Admin/Desktop/coco/PipeRescue/assets/scripts/GameController.ts from cce:/internal/x/prerequisite-imports as file:///C:/Users/Admin/Desktop/coco/PipeRescue/assets/scripts/GameController.ts.
23:55:05.705 debug: Resolve file:///C:/Users/Admin/Desktop/coco/PipeRescue/assets/scripts/PathSolver.ts from cce:/internal/x/prerequisite-imports as file:///C:/Users/Admin/Desktop/coco/PipeRescue/assets/scripts/PathSolver.ts.
23:55:05.707 debug: Resolve file:///C:/Users/Admin/Desktop/coco/PipeRescue/assets/scripts/PipeTypes.ts from cce:/internal/x/prerequisite-imports as file:///C:/Users/Admin/Desktop/coco/PipeRescue/assets/scripts/PipeTypes.ts.
23:55:05.707 debug: Detected change: file:///C:/Users/Admin/Desktop/coco/PipeRescue/assets/scripts/PipeTypes.ts. Last mtime: Sun Jun 07 2026 23:53:37 GMT+0530 (India Standard Time)@12e96a41-68e8-49c5-8846-fade2d80cb39, Current mtime: Sun Jun 07 2026 23:55:03 GMT+0530 (India Standard Time)@12e96a41-68e8-49c5-8846-fade2d80cb39
23:55:05.707 debug: Inspect file:///C:/Users/Admin/Desktop/coco/PipeRescue/assets/scripts/PipeTypes.ts
23:55:05.776 debug: transform url: 'file:///C:/Users/Admin/Desktop/coco/PipeRescue/assets/scripts/PipeTypes.ts' costs: 68.70 ms
23:55:05.780 debug: Resolve file:///C:/Users/Admin/Desktop/coco/PipeRescue/assets/scripts/TileNode.ts from cce:/internal/x/prerequisite-imports as file:///C:/Users/Admin/Desktop/coco/PipeRescue/assets/scripts/TileNode.ts.
23:55:05.781 debug: Resolve cc from file:///C:/Users/Admin/Desktop/coco/PipeRescue/assets/scripts/PipeTypes.ts as cce:/internal/x/cc.
23:55:05.822 debug: Target(editor) ends with cost 142.14030000008643ms.
23:55:05.823 debug: Target(preview) build started.
23:55:05.831 debug: Detected change: cce:/internal/x/prerequisite-imports. Last mtime: Thu Jan 01 1970 09:51:35 GMT+0530 (India Standard Time), Current mtime: Thu Jan 01 1970 09:52:59 GMT+0530 (India Standard Time)
23:55:05.831 debug: Inspect cce:/internal/x/prerequisite-imports
23:55:05.851 debug: transform url: 'cce:/internal/x/prerequisite-imports' costs: 19.80 ms
23:55:05.856 debug: Resolve file:///C:/ProgramData/cocos/editors/Creator/3.8.7/resources/resources/3d/engine/editor/assets/default_renderpipeline/builtin-dof-pass.ts from cce:/internal/x/prerequisite-imports as file:///C:/ProgramData/cocos/editors/Creator/3.8.7/resources/resources/3d/engine/editor/assets/default_renderpipeline/builtin-dof-pass.ts.
23:55:05.858 debug: Resolve file:///C:/ProgramData/cocos/editors/Creator/3.8.7/resources/resources/3d/engine/editor/assets/default_renderpipeline/builtin-pipeline-pass.ts from cce:/internal/x/prerequisite-imports as file:///C:/ProgramData/cocos/editors/Creator/3.8.7/resources/resources/3d/engine/editor/assets/default_renderpipeline/builtin-pipeline-pass.ts.
23:55:05.859 debug: Resolve file:///C:/ProgramData/cocos/editors/Creator/3.8.7/resources/resources/3d/engine/editor/assets/default_renderpipeline/builtin-pipeline-settings.ts from cce:/internal/x/prerequisite-imports as file:///C:/ProgramData/cocos/editors/Creator/3.8.7/resources/resources/3d/engine/editor/assets/default_renderpipeline/builtin-pipeline-settings.ts.
23:55:05.860 debug: Resolve file:///C:/ProgramData/cocos/editors/Creator/3.8.7/resources/resources/3d/engine/editor/assets/default_renderpipeline/builtin-pipeline-types.ts from cce:/internal/x/prerequisite-imports as file:///C:/ProgramData/cocos/editors/Creator/3.8.7/resources/resources/3d/engine/editor/assets/default_renderpipeline/builtin-pipeline-types.ts.
23:55:05.861 debug: Resolve file:///C:/ProgramData/cocos/editors/Creator/3.8.7/resources/resources/3d/engine/editor/assets/default_renderpipeline/builtin-pipeline.ts from cce:/internal/x/prerequisite-imports as file:///C:/ProgramData/cocos/editors/Creator/3.8.7/resources/resources/3d/engine/editor/assets/default_renderpipeline/builtin-pipeline.ts.
23:55:05.863 debug: Resolve file:///C:/ProgramData/cocos/editors/Creator/3.8.7/resources/resources/3d/engine/editor/assets/tools/debug-view-runtime-control.ts from cce:/internal/x/prerequisite-imports as file:///C:/ProgramData/cocos/editors/Creator/3.8.7/resources/resources/3d/engine/editor/assets/tools/debug-view-runtime-control.ts.
23:55:05.864 debug: Resolve file:///C:/Users/Admin/Desktop/coco/PipeRescue/assets/scripts/GameController.ts from cce:/internal/x/prerequisite-imports as file:///C:/Users/Admin/Desktop/coco/PipeRescue/assets/scripts/GameController.ts.
23:55:05.864 debug: Resolve file:///C:/Users/Admin/Desktop/coco/PipeRescue/assets/scripts/PathSolver.ts from cce:/internal/x/prerequisite-imports as file:///C:/Users/Admin/Desktop/coco/PipeRescue/assets/scripts/PathSolver.ts.
23:55:05.865 debug: Resolve file:///C:/Users/Admin/Desktop/coco/PipeRescue/assets/scripts/PipeTypes.ts from cce:/internal/x/prerequisite-imports as file:///C:/Users/Admin/Desktop/coco/PipeRescue/assets/scripts/PipeTypes.ts.
23:55:05.866 debug: Detected change: file:///C:/Users/Admin/Desktop/coco/PipeRescue/assets/scripts/PipeTypes.ts. Last mtime: Sun Jun 07 2026 23:53:37 GMT+0530 (India Standard Time)@12e96a41-68e8-49c5-8846-fade2d80cb39, Current mtime: Sun Jun 07 2026 23:55:03 GMT+0530 (India Standard Time)@12e96a41-68e8-49c5-8846-fade2d80cb39
23:55:05.866 debug: Inspect file:///C:/Users/Admin/Desktop/coco/PipeRescue/assets/scripts/PipeTypes.ts
23:55:05.915 debug: transform url: 'file:///C:/Users/Admin/Desktop/coco/PipeRescue/assets/scripts/PipeTypes.ts' costs: 49.10 ms
23:55:05.922 debug: Resolve file:///C:/Users/Admin/Desktop/coco/PipeRescue/assets/scripts/TileNode.ts from cce:/internal/x/prerequisite-imports as file:///C:/Users/Admin/Desktop/coco/PipeRescue/assets/scripts/TileNode.ts.
23:55:05.923 debug: Resolve cc from file:///C:/Users/Admin/Desktop/coco/PipeRescue/assets/scripts/PipeTypes.ts as cce:/internal/x/cc.
23:55:05.955 debug: Target(preview) ends with cost 131.67870000004768ms.
23:55:39.625 debug: Dispatch build request for time accumulated 1 asset changes.
23:55:39.627 debug: Build iteration starts.
Number of accumulated asset changes: 1
Feature changed: false
23:55:39.628 debug: Target(editor) build started.
23:55:39.635 debug: Detected change: cce:/internal/x/prerequisite-imports. Last mtime: Thu Jan 01 1970 09:52:59 GMT+0530 (India Standard Time), Current mtime: Thu Jan 01 1970 09:53:33 GMT+0530 (India Standard Time)
23:55:39.635 debug: Inspect cce:/internal/x/prerequisite-imports
23:55:39.706 debug: transform url: 'cce:/internal/x/prerequisite-imports' costs: 70.60 ms
23:55:39.713 debug: Resolve file:///C:/ProgramData/cocos/editors/Creator/3.8.7/resources/resources/3d/engine/editor/assets/default_renderpipeline/builtin-dof-pass.ts from cce:/internal/x/prerequisite-imports as file:///C:/ProgramData/cocos/editors/Creator/3.8.7/resources/resources/3d/engine/editor/assets/default_renderpipeline/builtin-dof-pass.ts.
23:55:39.715 debug: Resolve file:///C:/ProgramData/cocos/editors/Creator/3.8.7/resources/resources/3d/engine/editor/assets/default_renderpipeline/builtin-pipeline-pass.ts from cce:/internal/x/prerequisite-imports as file:///C:/ProgramData/cocos/editors/Creator/3.8.7/resources/resources/3d/engine/editor/assets/default_renderpipeline/builtin-pipeline-pass.ts.
23:55:39.716 debug: Resolve file:///C:/ProgramData/cocos/editors/Creator/3.8.7/resources/resources/3d/engine/editor/assets/default_renderpipeline/builtin-pipeline-settings.ts from cce:/internal/x/prerequisite-imports as file:///C:/ProgramData/cocos/editors/Creator/3.8.7/resources/resources/3d/engine/editor/assets/default_renderpipeline/builtin-pipeline-settings.ts.
23:55:39.736 debug: Resolve file:///C:/ProgramData/cocos/editors/Creator/3.8.7/resources/resources/3d/engine/editor/assets/default_renderpipeline/builtin-pipeline-types.ts from cce:/internal/x/prerequisite-imports as file:///C:/ProgramData/cocos/editors/Creator/3.8.7/resources/resources/3d/engine/editor/assets/default_renderpipeline/builtin-pipeline-types.ts.
23:55:39.740 debug: Resolve file:///C:/ProgramData/cocos/editors/Creator/3.8.7/resources/resources/3d/engine/editor/assets/default_renderpipeline/builtin-pipeline.ts from cce:/internal/x/prerequisite-imports as file:///C:/ProgramData/cocos/editors/Creator/3.8.7/resources/resources/3d/engine/editor/assets/default_renderpipeline/builtin-pipeline.ts.
23:55:39.741 debug: Resolve file:///C:/ProgramData/cocos/editors/Creator/3.8.7/resources/resources/3d/engine/editor/assets/tools/debug-view-runtime-control.ts from cce:/internal/x/prerequisite-imports as file:///C:/ProgramData/cocos/editors/Creator/3.8.7/resources/resources/3d/engine/editor/assets/tools/debug-view-runtime-control.ts.
23:55:39.742 debug: Resolve file:///C:/Users/Admin/Desktop/coco/PipeRescue/assets/scripts/GameController.ts from cce:/internal/x/prerequisite-imports as file:///C:/Users/Admin/Desktop/coco/PipeRescue/assets/scripts/GameController.ts.
23:55:39.743 debug: Resolve file:///C:/Users/Admin/Desktop/coco/PipeRescue/assets/scripts/PathSolver.ts from cce:/internal/x/prerequisite-imports as file:///C:/Users/Admin/Desktop/coco/PipeRescue/assets/scripts/PathSolver.ts.
23:55:39.745 debug: Resolve file:///C:/Users/Admin/Desktop/coco/PipeRescue/assets/scripts/PipeTypes.ts from cce:/internal/x/prerequisite-imports as file:///C:/Users/Admin/Desktop/coco/PipeRescue/assets/scripts/PipeTypes.ts.
23:55:39.745 debug: Detected change: file:///C:/Users/Admin/Desktop/coco/PipeRescue/assets/scripts/PipeTypes.ts. Last mtime: Sun Jun 07 2026 23:55:03 GMT+0530 (India Standard Time)@12e96a41-68e8-49c5-8846-fade2d80cb39, Current mtime: Sun Jun 07 2026 23:55:36 GMT+0530 (India Standard Time)@12e96a41-68e8-49c5-8846-fade2d80cb39
23:55:39.745 debug: Inspect file:///C:/Users/Admin/Desktop/coco/PipeRescue/assets/scripts/PipeTypes.ts
23:55:39.836 debug: transform url: 'file:///C:/Users/Admin/Desktop/coco/PipeRescue/assets/scripts/PipeTypes.ts' costs: 90.50 ms
23:55:39.838 debug: Resolve file:///C:/Users/Admin/Desktop/coco/PipeRescue/assets/scripts/TileNode.ts from cce:/internal/x/prerequisite-imports as file:///C:/Users/Admin/Desktop/coco/PipeRescue/assets/scripts/TileNode.ts.
23:55:39.839 debug: Resolve cc from file:///C:/Users/Admin/Desktop/coco/PipeRescue/assets/scripts/PipeTypes.ts as cce:/internal/x/cc.
23:55:39.872 debug: Target(editor) ends with cost 243.31560000032187ms.
23:55:39.872 debug: Target(preview) build started.
23:55:39.880 debug: Detected change: cce:/internal/x/prerequisite-imports. Last mtime: Thu Jan 01 1970 09:52:59 GMT+0530 (India Standard Time), Current mtime: Thu Jan 01 1970 09:53:33 GMT+0530 (India Standard Time)
23:55:39.880 debug: Inspect cce:/internal/x/prerequisite-imports
23:55:39.924 debug: transform url: 'cce:/internal/x/prerequisite-imports' costs: 44.30 ms
23:55:39.927 debug: Resolve file:///C:/ProgramData/cocos/editors/Creator/3.8.7/resources/resources/3d/engine/editor/assets/default_renderpipeline/builtin-dof-pass.ts from cce:/internal/x/prerequisite-imports as file:///C:/ProgramData/cocos/editors/Creator/3.8.7/resources/resources/3d/engine/editor/assets/default_renderpipeline/builtin-dof-pass.ts.
23:55:39.929 debug: Resolve file:///C:/ProgramData/cocos/editors/Creator/3.8.7/resources/resources/3d/engine/editor/assets/default_renderpipeline/builtin-pipeline-pass.ts from cce:/internal/x/prerequisite-imports as file:///C:/ProgramData/cocos/editors/Creator/3.8.7/resources/resources/3d/engine/editor/assets/default_renderpipeline/builtin-pipeline-pass.ts.
23:55:39.930 debug: Resolve file:///C:/ProgramData/cocos/editors/Creator/3.8.7/resources/resources/3d/engine/editor/assets/default_renderpipeline/builtin-pipeline-settings.ts from cce:/internal/x/prerequisite-imports as file:///C:/ProgramData/cocos/editors/Creator/3.8.7/resources/resources/3d/engine/editor/assets/default_renderpipeline/builtin-pipeline-settings.ts.
23:55:39.931 debug: Resolve file:///C:/ProgramData/cocos/editors/Creator/3.8.7/resources/resources/3d/engine/editor/assets/default_renderpipeline/builtin-pipeline-types.ts from cce:/internal/x/prerequisite-imports as file:///C:/ProgramData/cocos/editors/Creator/3.8.7/resources/resources/3d/engine/editor/assets/default_renderpipeline/builtin-pipeline-types.ts.
23:55:39.933 debug: Resolve file:///C:/ProgramData/cocos/editors/Creator/3.8.7/resources/resources/3d/engine/editor/assets/default_renderpipeline/builtin-pipeline.ts from cce:/internal/x/prerequisite-imports as file:///C:/ProgramData/cocos/editors/Creator/3.8.7/resources/resources/3d/engine/editor/assets/default_renderpipeline/builtin-pipeline.ts.
23:55:39.935 debug: Resolve file:///C:/ProgramData/cocos/editors/Creator/3.8.7/resources/resources/3d/engine/editor/assets/tools/debug-view-runtime-control.ts from cce:/internal/x/prerequisite-imports as file:///C:/ProgramData/cocos/editors/Creator/3.8.7/resources/resources/3d/engine/editor/assets/tools/debug-view-runtime-control.ts.
23:55:39.936 debug: Resolve file:///C:/Users/Admin/Desktop/coco/PipeRescue/assets/scripts/GameController.ts from cce:/internal/x/prerequisite-imports as file:///C:/Users/Admin/Desktop/coco/PipeRescue/assets/scripts/GameController.ts.
23:55:39.937 debug: Resolve file:///C:/Users/Admin/Desktop/coco/PipeRescue/assets/scripts/PathSolver.ts from cce:/internal/x/prerequisite-imports as file:///C:/Users/Admin/Desktop/coco/PipeRescue/assets/scripts/PathSolver.ts.
23:55:39.939 debug: Resolve file:///C:/Users/Admin/Desktop/coco/PipeRescue/assets/scripts/PipeTypes.ts from cce:/internal/x/prerequisite-imports as file:///C:/Users/Admin/Desktop/coco/PipeRescue/assets/scripts/PipeTypes.ts.
23:55:39.939 debug: Detected change: file:///C:/Users/Admin/Desktop/coco/PipeRescue/assets/scripts/PipeTypes.ts. Last mtime: Sun Jun 07 2026 23:55:03 GMT+0530 (India Standard Time)@12e96a41-68e8-49c5-8846-fade2d80cb39, Current mtime: Sun Jun 07 2026 23:55:36 GMT+0530 (India Standard Time)@12e96a41-68e8-49c5-8846-fade2d80cb39
23:55:39.940 debug: Inspect file:///C:/Users/Admin/Desktop/coco/PipeRescue/assets/scripts/PipeTypes.ts
23:55:40.079 debug: transform url: 'file:///C:/Users/Admin/Desktop/coco/PipeRescue/assets/scripts/PipeTypes.ts' costs: 139.10 ms
23:55:40.082 debug: Resolve file:///C:/Users/Admin/Desktop/coco/PipeRescue/assets/scripts/TileNode.ts from cce:/internal/x/prerequisite-imports as file:///C:/Users/Admin/Desktop/coco/PipeRescue/assets/scripts/TileNode.ts.
23:55:40.082 debug: Resolve cc from file:///C:/Users/Admin/Desktop/coco/PipeRescue/assets/scripts/PipeTypes.ts as cce:/internal/x/cc.
23:55:40.113 debug: Target(preview) ends with cost 240.6434000004083ms.
00:00:53.904 debug: Dispatch build request for time accumulated 1 asset changes.
00:00:53.916 debug: Build iteration starts.
Number of accumulated asset changes: 1
Feature changed: false
00:00:53.920 debug: Target(editor) build started.
00:00:53.930 debug: Detected change: cce:/internal/x/prerequisite-imports. Last mtime: Thu Jan 01 1970 09:53:33 GMT+0530 (India Standard Time), Current mtime: Thu Jan 01 1970 09:58:47 GMT+0530 (India Standard Time)
00:00:53.930 debug: Inspect cce:/internal/x/prerequisite-imports
00:00:53.979 debug: transform url: 'cce:/internal/x/prerequisite-imports' costs: 48.70 ms
00:00:53.983 debug: Resolve file:///C:/ProgramData/cocos/editors/Creator/3.8.7/resources/resources/3d/engine/editor/assets/default_renderpipeline/builtin-dof-pass.ts from cce:/internal/x/prerequisite-imports as file:///C:/ProgramData/cocos/editors/Creator/3.8.7/resources/resources/3d/engine/editor/assets/default_renderpipeline/builtin-dof-pass.ts.
00:00:53.986 debug: Resolve file:///C:/ProgramData/cocos/editors/Creator/3.8.7/resources/resources/3d/engine/editor/assets/default_renderpipeline/builtin-pipeline-pass.ts from cce:/internal/x/prerequisite-imports as file:///C:/ProgramData/cocos/editors/Creator/3.8.7/resources/resources/3d/engine/editor/assets/default_renderpipeline/builtin-pipeline-pass.ts.
00:00:53.988 debug: Resolve file:///C:/ProgramData/cocos/editors/Creator/3.8.7/resources/resources/3d/engine/editor/assets/default_renderpipeline/builtin-pipeline-settings.ts from cce:/internal/x/prerequisite-imports as file:///C:/ProgramData/cocos/editors/Creator/3.8.7/resources/resources/3d/engine/editor/assets/default_renderpipeline/builtin-pipeline-settings.ts.
00:00:53.989 debug: Resolve file:///C:/ProgramData/cocos/editors/Creator/3.8.7/resources/resources/3d/engine/editor/assets/default_renderpipeline/builtin-pipeline-types.ts from cce:/internal/x/prerequisite-imports as file:///C:/ProgramData/cocos/editors/Creator/3.8.7/resources/resources/3d/engine/editor/assets/default_renderpipeline/builtin-pipeline-types.ts.
00:00:53.990 debug: Resolve file:///C:/ProgramData/cocos/editors/Creator/3.8.7/resources/resources/3d/engine/editor/assets/default_renderpipeline/builtin-pipeline.ts from cce:/internal/x/prerequisite-imports as file:///C:/ProgramData/cocos/editors/Creator/3.8.7/resources/resources/3d/engine/editor/assets/default_renderpipeline/builtin-pipeline.ts.
00:00:53.991 debug: Resolve file:///C:/ProgramData/cocos/editors/Creator/3.8.7/resources/resources/3d/engine/editor/assets/tools/debug-view-runtime-control.ts from cce:/internal/x/prerequisite-imports as file:///C:/ProgramData/cocos/editors/Creator/3.8.7/resources/resources/3d/engine/editor/assets/tools/debug-view-runtime-control.ts.
00:00:53.991 debug: Resolve file:///C:/Users/Admin/Desktop/coco/PipeRescue/assets/scripts/GameController.ts from cce:/internal/x/prerequisite-imports as file:///C:/Users/Admin/Desktop/coco/PipeRescue/assets/scripts/GameController.ts.
00:00:53.992 debug: Detected change: file:///C:/Users/Admin/Desktop/coco/PipeRescue/assets/scripts/GameController.ts. Last mtime: Sun Jun 07 2026 23:38:39 GMT+0530 (India Standard Time)@9a9c60fd-dcf6-41cd-836f-c29f0ad0170c, Current mtime: Sun Jun 07 2026 23:59:55 GMT+0530 (India Standard Time)@9a9c60fd-dcf6-41cd-836f-c29f0ad0170c
00:00:53.992 debug: Inspect file:///C:/Users/Admin/Desktop/coco/PipeRescue/assets/scripts/GameController.ts
00:00:54.195 debug: transform url: 'file:///C:/Users/Admin/Desktop/coco/PipeRescue/assets/scripts/GameController.ts' costs: 203.00 ms
00:00:54.200 debug: Resolve file:///C:/Users/Admin/Desktop/coco/PipeRescue/assets/scripts/PathSolver.ts from cce:/internal/x/prerequisite-imports as file:///C:/Users/Admin/Desktop/coco/PipeRescue/assets/scripts/PathSolver.ts.
00:00:54.204 debug: Resolve file:///C:/Users/Admin/Desktop/coco/PipeRescue/assets/scripts/PipeTypes.ts from cce:/internal/x/prerequisite-imports as file:///C:/Users/Admin/Desktop/coco/PipeRescue/assets/scripts/PipeTypes.ts.
00:00:54.205 debug: Resolve file:///C:/Users/Admin/Desktop/coco/PipeRescue/assets/scripts/TileNode.ts from cce:/internal/x/prerequisite-imports as file:///C:/Users/Admin/Desktop/coco/PipeRescue/assets/scripts/TileNode.ts.
00:00:54.206 debug: Resolve cce:/internal/code-quality/cr.mjs from file:///C:/Users/Admin/Desktop/coco/PipeRescue/assets/scripts/GameController.ts as cce:/internal/code-quality/cr.mjs.
00:00:54.207 debug: Resolve cc from file:///C:/Users/Admin/Desktop/coco/PipeRescue/assets/scripts/GameController.ts as cce:/internal/x/cc.
00:00:54.207 debug: Resolve cc from file:///C:/Users/Admin/Desktop/coco/PipeRescue/assets/scripts/GameController.ts as cce:/internal/x/cc.
00:00:54.208 debug: Resolve cc from file:///C:/Users/Admin/Desktop/coco/PipeRescue/assets/scripts/GameController.ts as cce:/internal/x/cc.
00:00:54.209 debug: Resolve ./PipeTypes from file:///C:/Users/Admin/Desktop/coco/PipeRescue/assets/scripts/GameController.ts as file:///C:/Users/Admin/Desktop/coco/PipeRescue/assets/scripts/PipeTypes.ts.
00:00:54.210 debug: Resolve ./TileNode from file:///C:/Users/Admin/Desktop/coco/PipeRescue/assets/scripts/GameController.ts as file:///C:/Users/Admin/Desktop/coco/PipeRescue/assets/scripts/TileNode.ts.
00:00:54.211 debug: Resolve ./PathSolver from file:///C:/Users/Admin/Desktop/coco/PipeRescue/assets/scripts/GameController.ts as file:///C:/Users/Admin/Desktop/coco/PipeRescue/assets/scripts/PathSolver.ts.
00:00:54.239 debug: Target(editor) ends with cost 318.1854999996722ms.
00:00:54.239 debug: Target(preview) build started.
00:00:54.247 debug: Detected change: cce:/internal/x/prerequisite-imports. Last mtime: Thu Jan 01 1970 09:53:33 GMT+0530 (India Standard Time), Current mtime: Thu Jan 01 1970 09:58:48 GMT+0530 (India Standard Time)
00:00:54.247 debug: Inspect cce:/internal/x/prerequisite-imports
00:00:54.270 debug: transform url: 'cce:/internal/x/prerequisite-imports' costs: 22.30 ms
00:00:54.275 debug: Resolve file:///C:/ProgramData/cocos/editors/Creator/3.8.7/resources/resources/3d/engine/editor/assets/default_renderpipeline/builtin-dof-pass.ts from cce:/internal/x/prerequisite-imports as file:///C:/ProgramData/cocos/editors/Creator/3.8.7/resources/resources/3d/engine/editor/assets/default_renderpipeline/builtin-dof-pass.ts.
00:00:54.277 debug: Resolve file:///C:/ProgramData/cocos/editors/Creator/3.8.7/resources/resources/3d/engine/editor/assets/default_renderpipeline/builtin-pipeline-pass.ts from cce:/internal/x/prerequisite-imports as file:///C:/ProgramData/cocos/editors/Creator/3.8.7/resources/resources/3d/engine/editor/assets/default_renderpipeline/builtin-pipeline-pass.ts.
00:00:54.279 debug: Resolve file:///C:/ProgramData/cocos/editors/Creator/3.8.7/resources/resources/3d/engine/editor/assets/default_renderpipeline/builtin-pipeline-settings.ts from cce:/internal/x/prerequisite-imports as file:///C:/ProgramData/cocos/editors/Creator/3.8.7/resources/resources/3d/engine/editor/assets/default_renderpipeline/builtin-pipeline-settings.ts.
00:00:54.282 debug: Resolve file:///C:/ProgramData/cocos/editors/Creator/3.8.7/resources/resources/3d/engine/editor/assets/default_renderpipeline/builtin-pipeline-types.ts from cce:/internal/x/prerequisite-imports as file:///C:/ProgramData/cocos/editors/Creator/3.8.7/resources/resources/3d/engine/editor/assets/default_renderpipeline/builtin-pipeline-types.ts.
00:00:54.283 debug: Resolve file:///C:/ProgramData/cocos/editors/Creator/3.8.7/resources/resources/3d/engine/editor/assets/default_renderpipeline/builtin-pipeline.ts from cce:/internal/x/prerequisite-imports as file:///C:/ProgramData/cocos/editors/Creator/3.8.7/resources/resources/3d/engine/editor/assets/default_renderpipeline/builtin-pipeline.ts.
00:00:54.286 debug: Resolve file:///C:/ProgramData/cocos/editors/Creator/3.8.7/resources/resources/3d/engine/editor/assets/tools/debug-view-runtime-control.ts from cce:/internal/x/prerequisite-imports as file:///C:/ProgramData/cocos/editors/Creator/3.8.7/resources/resources/3d/engine/editor/assets/tools/debug-view-runtime-control.ts.
00:00:54.291 debug: Resolve file:///C:/Users/Admin/Desktop/coco/PipeRescue/assets/scripts/GameController.ts from cce:/internal/x/prerequisite-imports as file:///C:/Users/Admin/Desktop/coco/PipeRescue/assets/scripts/GameController.ts.
00:00:54.291 debug: Detected change: file:///C:/Users/Admin/Desktop/coco/PipeRescue/assets/scripts/GameController.ts. Last mtime: Sun Jun 07 2026 23:38:39 GMT+0530 (India Standard Time)@9a9c60fd-dcf6-41cd-836f-c29f0ad0170c, Current mtime: Sun Jun 07 2026 23:59:55 GMT+0530 (India Standard Time)@9a9c60fd-dcf6-41cd-836f-c29f0ad0170c
00:00:54.291 debug: Inspect file:///C:/Users/Admin/Desktop/coco/PipeRescue/assets/scripts/GameController.ts
00:00:54.466 debug: transform url: 'file:///C:/Users/Admin/Desktop/coco/PipeRescue/assets/scripts/GameController.ts' costs: 175.10 ms
00:00:54.472 debug: Resolve file:///C:/Users/Admin/Desktop/coco/PipeRescue/assets/scripts/PathSolver.ts from cce:/internal/x/prerequisite-imports as file:///C:/Users/Admin/Desktop/coco/PipeRescue/assets/scripts/PathSolver.ts.
00:00:54.473 debug: Resolve file:///C:/Users/Admin/Desktop/coco/PipeRescue/assets/scripts/PipeTypes.ts from cce:/internal/x/prerequisite-imports as file:///C:/Users/Admin/Desktop/coco/PipeRescue/assets/scripts/PipeTypes.ts.
00:00:54.473 debug: Resolve file:///C:/Users/Admin/Desktop/coco/PipeRescue/assets/scripts/TileNode.ts from cce:/internal/x/prerequisite-imports as file:///C:/Users/Admin/Desktop/coco/PipeRescue/assets/scripts/TileNode.ts.
00:00:54.476 debug: Resolve cce:/internal/code-quality/cr.mjs from file:///C:/Users/Admin/Desktop/coco/PipeRescue/assets/scripts/GameController.ts as cce:/internal/code-quality/cr.mjs.
00:00:54.476 debug: Resolve cc from file:///C:/Users/Admin/Desktop/coco/PipeRescue/assets/scripts/GameController.ts as cce:/internal/x/cc.
00:00:54.476 debug: Resolve cc from file:///C:/Users/Admin/Desktop/coco/PipeRescue/assets/scripts/GameController.ts as cce:/internal/x/cc.
00:00:54.476 debug: Resolve cc from file:///C:/Users/Admin/Desktop/coco/PipeRescue/assets/scripts/GameController.ts as cce:/internal/x/cc.
00:00:54.477 debug: Resolve ./PipeTypes from file:///C:/Users/Admin/Desktop/coco/PipeRescue/assets/scripts/GameController.ts as file:///C:/Users/Admin/Desktop/coco/PipeRescue/assets/scripts/PipeTypes.ts.
00:00:54.479 debug: Resolve ./TileNode from file:///C:/Users/Admin/Desktop/coco/PipeRescue/assets/scripts/GameController.ts as file:///C:/Users/Admin/Desktop/coco/PipeRescue/assets/scripts/TileNode.ts.
00:00:54.480 debug: Resolve ./PathSolver from file:///C:/Users/Admin/Desktop/coco/PipeRescue/assets/scripts/GameController.ts as file:///C:/Users/Admin/Desktop/coco/PipeRescue/assets/scripts/PathSolver.ts.
00:00:54.565 debug: Target(preview) ends with cost 326.2182999998331ms.
00:01:33.156 debug: Dispatch build request for time accumulated 1 asset changes.
00:01:33.159 debug: Build iteration starts.
Number of accumulated asset changes: 1
Feature changed: false
00:01:33.159 debug: Target(editor) build started.
00:01:33.162 debug: Detected change: cce:/internal/x/prerequisite-imports. Last mtime: Thu Jan 01 1970 09:58:47 GMT+0530 (India Standard Time), Current mtime: Thu Jan 01 1970 09:59:26 GMT+0530 (India Standard Time)
00:01:33.162 debug: Inspect cce:/internal/x/prerequisite-imports
00:01:33.175 debug: transform url: 'cce:/internal/x/prerequisite-imports' costs: 12.90 ms
00:01:33.177 debug: Resolve file:///C:/ProgramData/cocos/editors/Creator/3.8.7/resources/resources/3d/engine/editor/assets/default_renderpipeline/builtin-dof-pass.ts from cce:/internal/x/prerequisite-imports as file:///C:/ProgramData/cocos/editors/Creator/3.8.7/resources/resources/3d/engine/editor/assets/default_renderpipeline/builtin-dof-pass.ts.
00:01:33.179 debug: Resolve file:///C:/ProgramData/cocos/editors/Creator/3.8.7/resources/resources/3d/engine/editor/assets/default_renderpipeline/builtin-pipeline-pass.ts from cce:/internal/x/prerequisite-imports as file:///C:/ProgramData/cocos/editors/Creator/3.8.7/resources/resources/3d/engine/editor/assets/default_renderpipeline/builtin-pipeline-pass.ts.
00:01:33.179 debug: Resolve file:///C:/ProgramData/cocos/editors/Creator/3.8.7/resources/resources/3d/engine/editor/assets/default_renderpipeline/builtin-pipeline-settings.ts from cce:/internal/x/prerequisite-imports as file:///C:/ProgramData/cocos/editors/Creator/3.8.7/resources/resources/3d/engine/editor/assets/default_renderpipeline/builtin-pipeline-settings.ts.
00:01:33.180 debug: Resolve file:///C:/ProgramData/cocos/editors/Creator/3.8.7/resources/resources/3d/engine/editor/assets/default_renderpipeline/builtin-pipeline-types.ts from cce:/internal/x/prerequisite-imports as file:///C:/ProgramData/cocos/editors/Creator/3.8.7/resources/resources/3d/engine/editor/assets/default_renderpipeline/builtin-pipeline-types.ts.
00:01:33.181 debug: Resolve file:///C:/ProgramData/cocos/editors/Creator/3.8.7/resources/resources/3d/engine/editor/assets/default_renderpipeline/builtin-pipeline.ts from cce:/internal/x/prerequisite-imports as file:///C:/ProgramData/cocos/editors/Creator/3.8.7/resources/resources/3d/engine/editor/assets/default_renderpipeline/builtin-pipeline.ts.
00:01:33.182 debug: Resolve file:///C:/ProgramData/cocos/editors/Creator/3.8.7/resources/resources/3d/engine/editor/assets/tools/debug-view-runtime-control.ts from cce:/internal/x/prerequisite-imports as file:///C:/ProgramData/cocos/editors/Creator/3.8.7/resources/resources/3d/engine/editor/assets/tools/debug-view-runtime-control.ts.
00:01:33.184 debug: Resolve file:///C:/Users/Admin/Desktop/coco/PipeRescue/assets/scripts/GameController.ts from cce:/internal/x/prerequisite-imports as file:///C:/Users/Admin/Desktop/coco/PipeRescue/assets/scripts/GameController.ts.
00:01:33.184 debug: Detected change: file:///C:/Users/Admin/Desktop/coco/PipeRescue/assets/scripts/GameController.ts. Last mtime: Sun Jun 07 2026 23:59:55 GMT+0530 (India Standard Time)@9a9c60fd-dcf6-41cd-836f-c29f0ad0170c, Current mtime: Mon Jun 08 2026 00:01:27 GMT+0530 (India Standard Time)@9a9c60fd-dcf6-41cd-836f-c29f0ad0170c
00:01:33.184 debug: Inspect file:///C:/Users/Admin/Desktop/coco/PipeRescue/assets/scripts/GameController.ts
00:01:33.341 debug: transform url: 'file:///C:/Users/Admin/Desktop/coco/PipeRescue/assets/scripts/GameController.ts' costs: 156.40 ms
00:01:33.344 debug: Resolve file:///C:/Users/Admin/Desktop/coco/PipeRescue/assets/scripts/PathSolver.ts from cce:/internal/x/prerequisite-imports as file:///C:/Users/Admin/Desktop/coco/PipeRescue/assets/scripts/PathSolver.ts.
00:01:33.345 debug: Resolve file:///C:/Users/Admin/Desktop/coco/PipeRescue/assets/scripts/PipeTypes.ts from cce:/internal/x/prerequisite-imports as file:///C:/Users/Admin/Desktop/coco/PipeRescue/assets/scripts/PipeTypes.ts.
00:01:33.346 debug: Resolve file:///C:/Users/Admin/Desktop/coco/PipeRescue/assets/scripts/TileNode.ts from cce:/internal/x/prerequisite-imports as file:///C:/Users/Admin/Desktop/coco/PipeRescue/assets/scripts/TileNode.ts.
00:01:33.347 debug: Resolve cce:/internal/code-quality/cr.mjs from file:///C:/Users/Admin/Desktop/coco/PipeRescue/assets/scripts/GameController.ts as cce:/internal/code-quality/cr.mjs.
00:01:33.347 debug: Resolve cc from file:///C:/Users/Admin/Desktop/coco/PipeRescue/assets/scripts/GameController.ts as cce:/internal/x/cc.
00:01:33.347 debug: Resolve cc from file:///C:/Users/Admin/Desktop/coco/PipeRescue/assets/scripts/GameController.ts as cce:/internal/x/cc.
00:01:33.347 debug: Resolve cc from file:///C:/Users/Admin/Desktop/coco/PipeRescue/assets/scripts/GameController.ts as cce:/internal/x/cc.
00:01:33.347 debug: Resolve ./PipeTypes from file:///C:/Users/Admin/Desktop/coco/PipeRescue/assets/scripts/GameController.ts as file:///C:/Users/Admin/Desktop/coco/PipeRescue/assets/scripts/PipeTypes.ts.
00:01:33.349 debug: Resolve ./TileNode from file:///C:/Users/Admin/Desktop/coco/PipeRescue/assets/scripts/GameController.ts as file:///C:/Users/Admin/Desktop/coco/PipeRescue/assets/scripts/TileNode.ts.
00:01:33.350 debug: Resolve ./PathSolver from file:///C:/Users/Admin/Desktop/coco/PipeRescue/assets/scripts/GameController.ts as file:///C:/Users/Admin/Desktop/coco/PipeRescue/assets/scripts/PathSolver.ts.
00:01:33.394 debug: Target(editor) ends with cost 234.95260000042617ms.
00:01:33.395 debug: Target(preview) build started.
00:01:33.422 debug: Detected change: cce:/internal/x/prerequisite-imports. Last mtime: Thu Jan 01 1970 09:58:48 GMT+0530 (India Standard Time), Current mtime: Thu Jan 01 1970 09:59:27 GMT+0530 (India Standard Time)
00:01:33.423 debug: Inspect cce:/internal/x/prerequisite-imports
00:01:33.460 debug: transform url: 'cce:/internal/x/prerequisite-imports' costs: 37.80 ms
00:01:33.464 debug: Resolve file:///C:/ProgramData/cocos/editors/Creator/3.8.7/resources/resources/3d/engine/editor/assets/default_renderpipeline/builtin-dof-pass.ts from cce:/internal/x/prerequisite-imports as file:///C:/ProgramData/cocos/editors/Creator/3.8.7/resources/resources/3d/engine/editor/assets/default_renderpipeline/builtin-dof-pass.ts.
00:01:33.511 debug: Resolve file:///C:/ProgramData/cocos/editors/Creator/3.8.7/resources/resources/3d/engine/editor/assets/default_renderpipeline/builtin-pipeline-pass.ts from cce:/internal/x/prerequisite-imports as file:///C:/ProgramData/cocos/editors/Creator/3.8.7/resources/resources/3d/engine/editor/assets/default_renderpipeline/builtin-pipeline-pass.ts.
00:01:33.512 debug: Resolve file:///C:/ProgramData/cocos/editors/Creator/3.8.7/resources/resources/3d/engine/editor/assets/default_renderpipeline/builtin-pipeline-settings.ts from cce:/internal/x/prerequisite-imports as file:///C:/ProgramData/cocos/editors/Creator/3.8.7/resources/resources/3d/engine/editor/assets/default_renderpipeline/builtin-pipeline-settings.ts.
00:01:33.513 debug: Resolve file:///C:/ProgramData/cocos/editors/Creator/3.8.7/resources/resources/3d/engine/editor/assets/default_renderpipeline/builtin-pipeline-types.ts from cce:/internal/x/prerequisite-imports as file:///C:/ProgramData/cocos/editors/Creator/3.8.7/resources/resources/3d/engine/editor/assets/default_renderpipeline/builtin-pipeline-types.ts.
00:01:33.520 debug: Resolve file:///C:/ProgramData/cocos/editors/Creator/3.8.7/resources/resources/3d/engine/editor/assets/default_renderpipeline/builtin-pipeline.ts from cce:/internal/x/prerequisite-imports as file:///C:/ProgramData/cocos/editors/Creator/3.8.7/resources/resources/3d/engine/editor/assets/default_renderpipeline/builtin-pipeline.ts.
00:01:33.523 debug: Resolve file:///C:/ProgramData/cocos/editors/Creator/3.8.7/resources/resources/3d/engine/editor/assets/tools/debug-view-runtime-control.ts from cce:/internal/x/prerequisite-imports as file:///C:/ProgramData/cocos/editors/Creator/3.8.7/resources/resources/3d/engine/editor/assets/tools/debug-view-runtime-control.ts.
00:01:33.524 debug: Resolve file:///C:/Users/Admin/Desktop/coco/PipeRescue/assets/scripts/GameController.ts from cce:/internal/x/prerequisite-imports as file:///C:/Users/Admin/Desktop/coco/PipeRescue/assets/scripts/GameController.ts.
00:01:33.525 debug: Detected change: file:///C:/Users/Admin/Desktop/coco/PipeRescue/assets/scripts/GameController.ts. Last mtime: Sun Jun 07 2026 23:59:55 GMT+0530 (India Standard Time)@9a9c60fd-dcf6-41cd-836f-c29f0ad0170c, Current mtime: Mon Jun 08 2026 00:01:27 GMT+0530 (India Standard Time)@9a9c60fd-dcf6-41cd-836f-c29f0ad0170c
00:01:33.525 debug: Inspect file:///C:/Users/Admin/Desktop/coco/PipeRescue/assets/scripts/GameController.ts
00:01:33.741 debug: transform url: 'file:///C:/Users/Admin/Desktop/coco/PipeRescue/assets/scripts/GameController.ts' costs: 216.10 ms
00:01:33.744 debug: Resolve file:///C:/Users/Admin/Desktop/coco/PipeRescue/assets/scripts/PathSolver.ts from cce:/internal/x/prerequisite-imports as file:///C:/Users/Admin/Desktop/coco/PipeRescue/assets/scripts/PathSolver.ts.
00:01:33.744 debug: Resolve file:///C:/Users/Admin/Desktop/coco/PipeRescue/assets/scripts/PipeTypes.ts from cce:/internal/x/prerequisite-imports as file:///C:/Users/Admin/Desktop/coco/PipeRescue/assets/scripts/PipeTypes.ts.
00:01:33.745 debug: Resolve file:///C:/Users/Admin/Desktop/coco/PipeRescue/assets/scripts/TileNode.ts from cce:/internal/x/prerequisite-imports as file:///C:/Users/Admin/Desktop/coco/PipeRescue/assets/scripts/TileNode.ts.
00:01:33.746 debug: Resolve cce:/internal/code-quality/cr.mjs from file:///C:/Users/Admin/Desktop/coco/PipeRescue/assets/scripts/GameController.ts as cce:/internal/code-quality/cr.mjs.
00:01:33.747 debug: Resolve cc from file:///C:/Users/Admin/Desktop/coco/PipeRescue/assets/scripts/GameController.ts as cce:/internal/x/cc.
00:01:33.747 debug: Resolve cc from file:///C:/Users/Admin/Desktop/coco/PipeRescue/assets/scripts/GameController.ts as cce:/internal/x/cc.
00:01:33.747 debug: Resolve cc from file:///C:/Users/Admin/Desktop/coco/PipeRescue/assets/scripts/GameController.ts as cce:/internal/x/cc.
00:01:33.749 debug: Resolve ./PipeTypes from file:///C:/Users/Admin/Desktop/coco/PipeRescue/assets/scripts/GameController.ts as file:///C:/Users/Admin/Desktop/coco/PipeRescue/assets/scripts/PipeTypes.ts.
00:01:33.751 debug: Resolve ./TileNode from file:///C:/Users/Admin/Desktop/coco/PipeRescue/assets/scripts/GameController.ts as file:///C:/Users/Admin/Desktop/coco/PipeRescue/assets/scripts/TileNode.ts.
00:01:33.753 debug: Resolve ./PathSolver from file:///C:/Users/Admin/Desktop/coco/PipeRescue/assets/scripts/GameController.ts as file:///C:/Users/Admin/Desktop/coco/PipeRescue/assets/scripts/PathSolver.ts.
00:01:33.776 debug: Target(preview) ends with cost 381.03129999898374ms.
00:03:40.757 debug: Dispatch build request for time accumulated 1 asset changes.
00:03:40.764 debug: Build iteration starts.
Number of accumulated asset changes: 1
Feature changed: false
00:03:40.765 debug: Target(editor) build started.
00:03:40.774 debug: Detected change: cce:/internal/x/prerequisite-imports. Last mtime: Thu Jan 01 1970 09:59:26 GMT+0530 (India Standard Time), Current mtime: Thu Jan 01 1970 10:01:34 GMT+0530 (India Standard Time)
00:03:40.774 debug: Inspect cce:/internal/x/prerequisite-imports
00:03:40.850 debug: transform url: 'cce:/internal/x/prerequisite-imports' costs: 75.40 ms
00:03:40.853 debug: Resolve file:///C:/ProgramData/cocos/editors/Creator/3.8.7/resources/resources/3d/engine/editor/assets/default_renderpipeline/builtin-dof-pass.ts from cce:/internal/x/prerequisite-imports as file:///C:/ProgramData/cocos/editors/Creator/3.8.7/resources/resources/3d/engine/editor/assets/default_renderpipeline/builtin-dof-pass.ts.
00:03:40.855 debug: Resolve file:///C:/ProgramData/cocos/editors/Creator/3.8.7/resources/resources/3d/engine/editor/assets/default_renderpipeline/builtin-pipeline-pass.ts from cce:/internal/x/prerequisite-imports as file:///C:/ProgramData/cocos/editors/Creator/3.8.7/resources/resources/3d/engine/editor/assets/default_renderpipeline/builtin-pipeline-pass.ts.
00:03:40.856 debug: Resolve file:///C:/ProgramData/cocos/editors/Creator/3.8.7/resources/resources/3d/engine/editor/assets/default_renderpipeline/builtin-pipeline-settings.ts from cce:/internal/x/prerequisite-imports as file:///C:/ProgramData/cocos/editors/Creator/3.8.7/resources/resources/3d/engine/editor/assets/default_renderpipeline/builtin-pipeline-settings.ts.
00:03:40.858 debug: Resolve file:///C:/ProgramData/cocos/editors/Creator/3.8.7/resources/resources/3d/engine/editor/assets/default_renderpipeline/builtin-pipeline-types.ts from cce:/internal/x/prerequisite-imports as file:///C:/ProgramData/cocos/editors/Creator/3.8.7/resources/resources/3d/engine/editor/assets/default_renderpipeline/builtin-pipeline-types.ts.
00:03:40.862 debug: Resolve file:///C:/ProgramData/cocos/editors/Creator/3.8.7/resources/resources/3d/engine/editor/assets/default_renderpipeline/builtin-pipeline.ts from cce:/internal/x/prerequisite-imports as file:///C:/ProgramData/cocos/editors/Creator/3.8.7/resources/resources/3d/engine/editor/assets/default_renderpipeline/builtin-pipeline.ts.
00:03:40.863 debug: Resolve file:///C:/ProgramData/cocos/editors/Creator/3.8.7/resources/resources/3d/engine/editor/assets/tools/debug-view-runtime-control.ts from cce:/internal/x/prerequisite-imports as file:///C:/ProgramData/cocos/editors/Creator/3.8.7/resources/resources/3d/engine/editor/assets/tools/debug-view-runtime-control.ts.
00:03:40.863 debug: Resolve file:///C:/Users/Admin/Desktop/coco/PipeRescue/assets/scripts/GameController.ts from cce:/internal/x/prerequisite-imports as file:///C:/Users/Admin/Desktop/coco/PipeRescue/assets/scripts/GameController.ts.
00:03:40.863 debug: Detected change: file:///C:/Users/Admin/Desktop/coco/PipeRescue/assets/scripts/GameController.ts. Last mtime: Mon Jun 08 2026 00:01:27 GMT+0530 (India Standard Time)@9a9c60fd-dcf6-41cd-836f-c29f0ad0170c, Current mtime: Mon Jun 08 2026 00:03:34 GMT+0530 (India Standard Time)@9a9c60fd-dcf6-41cd-836f-c29f0ad0170c
00:03:40.863 debug: Inspect file:///C:/Users/Admin/Desktop/coco/PipeRescue/assets/scripts/GameController.ts
00:03:41.120 debug: transform url: 'file:///C:/Users/Admin/Desktop/coco/PipeRescue/assets/scripts/GameController.ts' costs: 256.80 ms
00:03:41.123 debug: Resolve file:///C:/Users/Admin/Desktop/coco/PipeRescue/assets/scripts/PathSolver.ts from cce:/internal/x/prerequisite-imports as file:///C:/Users/Admin/Desktop/coco/PipeRescue/assets/scripts/PathSolver.ts.
00:03:41.124 debug: Resolve file:///C:/Users/Admin/Desktop/coco/PipeRescue/assets/scripts/PipeTypes.ts from cce:/internal/x/prerequisite-imports as file:///C:/Users/Admin/Desktop/coco/PipeRescue/assets/scripts/PipeTypes.ts.
00:03:41.126 debug: Resolve file:///C:/Users/Admin/Desktop/coco/PipeRescue/assets/scripts/TileNode.ts from cce:/internal/x/prerequisite-imports as file:///C:/Users/Admin/Desktop/coco/PipeRescue/assets/scripts/TileNode.ts.
00:03:41.128 debug: Resolve cce:/internal/code-quality/cr.mjs from file:///C:/Users/Admin/Desktop/coco/PipeRescue/assets/scripts/GameController.ts as cce:/internal/code-quality/cr.mjs.
00:03:41.128 debug: Resolve cc from file:///C:/Users/Admin/Desktop/coco/PipeRescue/assets/scripts/GameController.ts as cce:/internal/x/cc.
00:03:41.128 debug: Resolve cc from file:///C:/Users/Admin/Desktop/coco/PipeRescue/assets/scripts/GameController.ts as cce:/internal/x/cc.
00:03:41.128 debug: Resolve cc from file:///C:/Users/Admin/Desktop/coco/PipeRescue/assets/scripts/GameController.ts as cce:/internal/x/cc.
00:03:41.129 debug: Resolve ./PipeTypes from file:///C:/Users/Admin/Desktop/coco/PipeRescue/assets/scripts/GameController.ts as file:///C:/Users/Admin/Desktop/coco/PipeRescue/assets/scripts/PipeTypes.ts.
00:03:41.130 debug: Resolve ./TileNode from file:///C:/Users/Admin/Desktop/coco/PipeRescue/assets/scripts/GameController.ts as file:///C:/Users/Admin/Desktop/coco/PipeRescue/assets/scripts/TileNode.ts.
00:03:41.131 debug: Resolve ./PathSolver from file:///C:/Users/Admin/Desktop/coco/PipeRescue/assets/scripts/GameController.ts as file:///C:/Users/Admin/Desktop/coco/PipeRescue/assets/scripts/PathSolver.ts.
00:03:41.151 debug: Target(editor) ends with cost 386.077199999243ms.
00:03:41.151 debug: Target(preview) build started.
00:03:41.157 debug: Detected change: cce:/internal/x/prerequisite-imports. Last mtime: Thu Jan 01 1970 09:59:27 GMT+0530 (India Standard Time), Current mtime: Thu Jan 01 1970 10:01:34 GMT+0530 (India Standard Time)
00:03:41.157 debug: Inspect cce:/internal/x/prerequisite-imports
00:03:41.180 debug: transform url: 'cce:/internal/x/prerequisite-imports' costs: 23.00 ms
00:03:41.183 debug: Resolve file:///C:/ProgramData/cocos/editors/Creator/3.8.7/resources/resources/3d/engine/editor/assets/default_renderpipeline/builtin-dof-pass.ts from cce:/internal/x/prerequisite-imports as file:///C:/ProgramData/cocos/editors/Creator/3.8.7/resources/resources/3d/engine/editor/assets/default_renderpipeline/builtin-dof-pass.ts.
00:03:41.185 debug: Resolve file:///C:/ProgramData/cocos/editors/Creator/3.8.7/resources/resources/3d/engine/editor/assets/default_renderpipeline/builtin-pipeline-pass.ts from cce:/internal/x/prerequisite-imports as file:///C:/ProgramData/cocos/editors/Creator/3.8.7/resources/resources/3d/engine/editor/assets/default_renderpipeline/builtin-pipeline-pass.ts.
00:03:41.186 debug: Resolve file:///C:/ProgramData/cocos/editors/Creator/3.8.7/resources/resources/3d/engine/editor/assets/default_renderpipeline/builtin-pipeline-settings.ts from cce:/internal/x/prerequisite-imports as file:///C:/ProgramData/cocos/editors/Creator/3.8.7/resources/resources/3d/engine/editor/assets/default_renderpipeline/builtin-pipeline-settings.ts.
00:03:41.188 debug: Resolve file:///C:/ProgramData/cocos/editors/Creator/3.8.7/resources/resources/3d/engine/editor/assets/default_renderpipeline/builtin-pipeline-types.ts from cce:/internal/x/prerequisite-imports as file:///C:/ProgramData/cocos/editors/Creator/3.8.7/resources/resources/3d/engine/editor/assets/default_renderpipeline/builtin-pipeline-types.ts.
00:03:41.189 debug: Resolve file:///C:/ProgramData/cocos/editors/Creator/3.8.7/resources/resources/3d/engine/editor/assets/default_renderpipeline/builtin-pipeline.ts from cce:/internal/x/prerequisite-imports as file:///C:/ProgramData/cocos/editors/Creator/3.8.7/resources/resources/3d/engine/editor/assets/default_renderpipeline/builtin-pipeline.ts.
00:03:41.190 debug: Resolve file:///C:/ProgramData/cocos/editors/Creator/3.8.7/resources/resources/3d/engine/editor/assets/tools/debug-view-runtime-control.ts from cce:/internal/x/prerequisite-imports as file:///C:/ProgramData/cocos/editors/Creator/3.8.7/resources/resources/3d/engine/editor/assets/tools/debug-view-runtime-control.ts.
00:03:41.191 debug: Resolve file:///C:/Users/Admin/Desktop/coco/PipeRescue/assets/scripts/GameController.ts from cce:/internal/x/prerequisite-imports as file:///C:/Users/Admin/Desktop/coco/PipeRescue/assets/scripts/GameController.ts.
00:03:41.191 debug: Detected change: file:///C:/Users/Admin/Desktop/coco/PipeRescue/assets/scripts/GameController.ts. Last mtime: Mon Jun 08 2026 00:01:27 GMT+0530 (India Standard Time)@9a9c60fd-dcf6-41cd-836f-c29f0ad0170c, Current mtime: Mon Jun 08 2026 00:03:34 GMT+0530 (India Standard Time)@9a9c60fd-dcf6-41cd-836f-c29f0ad0170c
00:03:41.191 debug: Inspect file:///C:/Users/Admin/Desktop/coco/PipeRescue/assets/scripts/GameController.ts
00:03:41.430 debug: transform url: 'file:///C:/Users/Admin/Desktop/coco/PipeRescue/assets/scripts/GameController.ts' costs: 238.90 ms
00:03:41.432 debug: Resolve file:///C:/Users/Admin/Desktop/coco/PipeRescue/assets/scripts/PathSolver.ts from cce:/internal/x/prerequisite-imports as file:///C:/Users/Admin/Desktop/coco/PipeRescue/assets/scripts/PathSolver.ts.
00:03:41.433 debug: Resolve file:///C:/Users/Admin/Desktop/coco/PipeRescue/assets/scripts/PipeTypes.ts from cce:/internal/x/prerequisite-imports as file:///C:/Users/Admin/Desktop/coco/PipeRescue/assets/scripts/PipeTypes.ts.
00:03:41.434 debug: Resolve file:///C:/Users/Admin/Desktop/coco/PipeRescue/assets/scripts/TileNode.ts from cce:/internal/x/prerequisite-imports as file:///C:/Users/Admin/Desktop/coco/PipeRescue/assets/scripts/TileNode.ts.
00:03:41.435 debug: Resolve cce:/internal/code-quality/cr.mjs from file:///C:/Users/Admin/Desktop/coco/PipeRescue/assets/scripts/GameController.ts as cce:/internal/code-quality/cr.mjs.
00:03:41.435 debug: Resolve cc from file:///C:/Users/Admin/Desktop/coco/PipeRescue/assets/scripts/GameController.ts as cce:/internal/x/cc.
00:03:41.435 debug: Resolve cc from file:///C:/Users/Admin/Desktop/coco/PipeRescue/assets/scripts/GameController.ts as cce:/internal/x/cc.
00:03:41.435 debug: Resolve cc from file:///C:/Users/Admin/Desktop/coco/PipeRescue/assets/scripts/GameController.ts as cce:/internal/x/cc.
00:03:41.436 debug: Resolve ./PipeTypes from file:///C:/Users/Admin/Desktop/coco/PipeRescue/assets/scripts/GameController.ts as file:///C:/Users/Admin/Desktop/coco/PipeRescue/assets/scripts/PipeTypes.ts.
00:03:41.437 debug: Resolve ./TileNode from file:///C:/Users/Admin/Desktop/coco/PipeRescue/assets/scripts/GameController.ts as file:///C:/Users/Admin/Desktop/coco/PipeRescue/assets/scripts/TileNode.ts.
00:03:41.438 debug: Resolve ./PathSolver from file:///C:/Users/Admin/Desktop/coco/PipeRescue/assets/scripts/GameController.ts as file:///C:/Users/Admin/Desktop/coco/PipeRescue/assets/scripts/PathSolver.ts.
00:03:41.467 debug: Target(preview) ends with cost 315.38090000115335ms.
00:06:19.500 debug: Dispatch build request for time accumulated 1 asset changes.
00:06:19.504 debug: Build iteration starts.
Number of accumulated asset changes: 1
Feature changed: false
00:06:19.505 debug: Target(editor) build started.
00:06:19.512 debug: Detected change: cce:/internal/x/prerequisite-imports. Last mtime: Thu Jan 01 1970 10:01:34 GMT+0530 (India Standard Time), Current mtime: Thu Jan 01 1970 10:04:13 GMT+0530 (India Standard Time)
00:06:19.512 debug: Inspect cce:/internal/x/prerequisite-imports
00:06:19.535 debug: transform url: 'cce:/internal/x/prerequisite-imports' costs: 22.80 ms
00:06:19.539 debug: Resolve file:///C:/ProgramData/cocos/editors/Creator/3.8.7/resources/resources/3d/engine/editor/assets/default_renderpipeline/builtin-dof-pass.ts from cce:/internal/x/prerequisite-imports as file:///C:/ProgramData/cocos/editors/Creator/3.8.7/resources/resources/3d/engine/editor/assets/default_renderpipeline/builtin-dof-pass.ts.
00:06:19.540 debug: Resolve file:///C:/ProgramData/cocos/editors/Creator/3.8.7/resources/resources/3d/engine/editor/assets/default_renderpipeline/builtin-pipeline-pass.ts from cce:/internal/x/prerequisite-imports as file:///C:/ProgramData/cocos/editors/Creator/3.8.7/resources/resources/3d/engine/editor/assets/default_renderpipeline/builtin-pipeline-pass.ts.
00:06:19.541 debug: Resolve file:///C:/ProgramData/cocos/editors/Creator/3.8.7/resources/resources/3d/engine/editor/assets/default_renderpipeline/builtin-pipeline-settings.ts from cce:/internal/x/prerequisite-imports as file:///C:/ProgramData/cocos/editors/Creator/3.8.7/resources/resources/3d/engine/editor/assets/default_renderpipeline/builtin-pipeline-settings.ts.
00:06:19.542 debug: Resolve file:///C:/ProgramData/cocos/editors/Creator/3.8.7/resources/resources/3d/engine/editor/assets/default_renderpipeline/builtin-pipeline-types.ts from cce:/internal/x/prerequisite-imports as file:///C:/ProgramData/cocos/editors/Creator/3.8.7/resources/resources/3d/engine/editor/assets/default_renderpipeline/builtin-pipeline-types.ts.
00:06:19.544 debug: Resolve file:///C:/ProgramData/cocos/editors/Creator/3.8.7/resources/resources/3d/engine/editor/assets/default_renderpipeline/builtin-pipeline.ts from cce:/internal/x/prerequisite-imports as file:///C:/ProgramData/cocos/editors/Creator/3.8.7/resources/resources/3d/engine/editor/assets/default_renderpipeline/builtin-pipeline.ts.
00:06:19.545 debug: Resolve file:///C:/ProgramData/cocos/editors/Creator/3.8.7/resources/resources/3d/engine/editor/assets/tools/debug-view-runtime-control.ts from cce:/internal/x/prerequisite-imports as file:///C:/ProgramData/cocos/editors/Creator/3.8.7/resources/resources/3d/engine/editor/assets/tools/debug-view-runtime-control.ts.
00:06:19.546 debug: Resolve file:///C:/Users/Admin/Desktop/coco/PipeRescue/assets/scripts/GameController.ts from cce:/internal/x/prerequisite-imports as file:///C:/Users/Admin/Desktop/coco/PipeRescue/assets/scripts/GameController.ts.
00:06:19.546 debug: Detected change: file:///C:/Users/Admin/Desktop/coco/PipeRescue/assets/scripts/GameController.ts. Last mtime: Mon Jun 08 2026 00:03:34 GMT+0530 (India Standard Time)@9a9c60fd-dcf6-41cd-836f-c29f0ad0170c, Current mtime: Mon Jun 08 2026 00:06:16 GMT+0530 (India Standard Time)@9a9c60fd-dcf6-41cd-836f-c29f0ad0170c
00:06:19.546 debug: Inspect file:///C:/Users/Admin/Desktop/coco/PipeRescue/assets/scripts/GameController.ts
00:06:19.752 debug: transform url: 'file:///C:/Users/Admin/Desktop/coco/PipeRescue/assets/scripts/GameController.ts' costs: 205.80 ms
00:06:19.756 debug: Resolve file:///C:/Users/Admin/Desktop/coco/PipeRescue/assets/scripts/PathSolver.ts from cce:/internal/x/prerequisite-imports as file:///C:/Users/Admin/Desktop/coco/PipeRescue/assets/scripts/PathSolver.ts.
00:06:19.757 debug: Resolve file:///C:/Users/Admin/Desktop/coco/PipeRescue/assets/scripts/PipeTypes.ts from cce:/internal/x/prerequisite-imports as file:///C:/Users/Admin/Desktop/coco/PipeRescue/assets/scripts/PipeTypes.ts.
00:06:19.758 debug: Resolve file:///C:/Users/Admin/Desktop/coco/PipeRescue/assets/scripts/TileNode.ts from cce:/internal/x/prerequisite-imports as file:///C:/Users/Admin/Desktop/coco/PipeRescue/assets/scripts/TileNode.ts.
00:06:19.760 debug: Resolve cce:/internal/code-quality/cr.mjs from file:///C:/Users/Admin/Desktop/coco/PipeRescue/assets/scripts/GameController.ts as cce:/internal/code-quality/cr.mjs.
00:06:19.760 debug: Resolve cc from file:///C:/Users/Admin/Desktop/coco/PipeRescue/assets/scripts/GameController.ts as cce:/internal/x/cc.
00:06:19.760 debug: Resolve cc from file:///C:/Users/Admin/Desktop/coco/PipeRescue/assets/scripts/GameController.ts as cce:/internal/x/cc.
00:06:19.760 debug: Resolve cc from file:///C:/Users/Admin/Desktop/coco/PipeRescue/assets/scripts/GameController.ts as cce:/internal/x/cc.
00:06:19.762 debug: Resolve ./PipeTypes from file:///C:/Users/Admin/Desktop/coco/PipeRescue/assets/scripts/GameController.ts as file:///C:/Users/Admin/Desktop/coco/PipeRescue/assets/scripts/PipeTypes.ts.
00:06:19.763 debug: Resolve ./TileNode from file:///C:/Users/Admin/Desktop/coco/PipeRescue/assets/scripts/GameController.ts as file:///C:/Users/Admin/Desktop/coco/PipeRescue/assets/scripts/TileNode.ts.
00:06:19.766 debug: Resolve ./PathSolver from file:///C:/Users/Admin/Desktop/coco/PipeRescue/assets/scripts/GameController.ts as file:///C:/Users/Admin/Desktop/coco/PipeRescue/assets/scripts/PathSolver.ts.
00:06:19.799 debug: Target(editor) ends with cost 294.0164999999106ms.
00:06:19.800 debug: Target(preview) build started.
00:06:19.805 debug: Detected change: cce:/internal/x/prerequisite-imports. Last mtime: Thu Jan 01 1970 10:01:34 GMT+0530 (India Standard Time), Current mtime: Thu Jan 01 1970 10:04:13 GMT+0530 (India Standard Time)
00:06:19.805 debug: Inspect cce:/internal/x/prerequisite-imports
00:06:19.826 debug: transform url: 'cce:/internal/x/prerequisite-imports' costs: 19.90 ms
00:06:19.871 debug: Resolve file:///C:/ProgramData/cocos/editors/Creator/3.8.7/resources/resources/3d/engine/editor/assets/default_renderpipeline/builtin-dof-pass.ts from cce:/internal/x/prerequisite-imports as file:///C:/ProgramData/cocos/editors/Creator/3.8.7/resources/resources/3d/engine/editor/assets/default_renderpipeline/builtin-dof-pass.ts.
00:06:19.872 debug: Resolve file:///C:/ProgramData/cocos/editors/Creator/3.8.7/resources/resources/3d/engine/editor/assets/default_renderpipeline/builtin-pipeline-pass.ts from cce:/internal/x/prerequisite-imports as file:///C:/ProgramData/cocos/editors/Creator/3.8.7/resources/resources/3d/engine/editor/assets/default_renderpipeline/builtin-pipeline-pass.ts.
00:06:19.875 debug: Resolve file:///C:/ProgramData/cocos/editors/Creator/3.8.7/resources/resources/3d/engine/editor/assets/default_renderpipeline/builtin-pipeline-settings.ts from cce:/internal/x/prerequisite-imports as file:///C:/ProgramData/cocos/editors/Creator/3.8.7/resources/resources/3d/engine/editor/assets/default_renderpipeline/builtin-pipeline-settings.ts.
00:06:19.877 debug: Resolve file:///C:/ProgramData/cocos/editors/Creator/3.8.7/resources/resources/3d/engine/editor/assets/default_renderpipeline/builtin-pipeline-types.ts from cce:/internal/x/prerequisite-imports as file:///C:/ProgramData/cocos/editors/Creator/3.8.7/resources/resources/3d/engine/editor/assets/default_renderpipeline/builtin-pipeline-types.ts.
00:06:19.879 debug: Resolve file:///C:/ProgramData/cocos/editors/Creator/3.8.7/resources/resources/3d/engine/editor/assets/default_renderpipeline/builtin-pipeline.ts from cce:/internal/x/prerequisite-imports as file:///C:/ProgramData/cocos/editors/Creator/3.8.7/resources/resources/3d/engine/editor/assets/default_renderpipeline/builtin-pipeline.ts.
00:06:19.881 debug: Resolve file:///C:/ProgramData/cocos/editors/Creator/3.8.7/resources/resources/3d/engine/editor/assets/tools/debug-view-runtime-control.ts from cce:/internal/x/prerequisite-imports as file:///C:/ProgramData/cocos/editors/Creator/3.8.7/resources/resources/3d/engine/editor/assets/tools/debug-view-runtime-control.ts.
00:06:19.887 debug: Resolve file:///C:/Users/Admin/Desktop/coco/PipeRescue/assets/scripts/GameController.ts from cce:/internal/x/prerequisite-imports as file:///C:/Users/Admin/Desktop/coco/PipeRescue/assets/scripts/GameController.ts.
00:06:19.887 debug: Detected change: file:///C:/Users/Admin/Desktop/coco/PipeRescue/assets/scripts/GameController.ts. Last mtime: Mon Jun 08 2026 00:03:34 GMT+0530 (India Standard Time)@9a9c60fd-dcf6-41cd-836f-c29f0ad0170c, Current mtime: Mon Jun 08 2026 00:06:16 GMT+0530 (India Standard Time)@9a9c60fd-dcf6-41cd-836f-c29f0ad0170c
00:06:19.887 debug: Inspect file:///C:/Users/Admin/Desktop/coco/PipeRescue/assets/scripts/GameController.ts
00:06:20.026 debug: transform url: 'file:///C:/Users/Admin/Desktop/coco/PipeRescue/assets/scripts/GameController.ts' costs: 139.00 ms
00:06:20.031 debug: Resolve file:///C:/Users/Admin/Desktop/coco/PipeRescue/assets/scripts/PathSolver.ts from cce:/internal/x/prerequisite-imports as file:///C:/Users/Admin/Desktop/coco/PipeRescue/assets/scripts/PathSolver.ts.
00:06:20.033 debug: Resolve file:///C:/Users/Admin/Desktop/coco/PipeRescue/assets/scripts/PipeTypes.ts from cce:/internal/x/prerequisite-imports as file:///C:/Users/Admin/Desktop/coco/PipeRescue/assets/scripts/PipeTypes.ts.
00:06:20.034 debug: Resolve file:///C:/Users/Admin/Desktop/coco/PipeRescue/assets/scripts/TileNode.ts from cce:/internal/x/prerequisite-imports as file:///C:/Users/Admin/Desktop/coco/PipeRescue/assets/scripts/TileNode.ts.
00:06:20.035 debug: Resolve cce:/internal/code-quality/cr.mjs from file:///C:/Users/Admin/Desktop/coco/PipeRescue/assets/scripts/GameController.ts as cce:/internal/code-quality/cr.mjs.
00:06:20.035 debug: Resolve cc from file:///C:/Users/Admin/Desktop/coco/PipeRescue/assets/scripts/GameController.ts as cce:/internal/x/cc.
00:06:20.035 debug: Resolve cc from file:///C:/Users/Admin/Desktop/coco/PipeRescue/assets/scripts/GameController.ts as cce:/internal/x/cc.
00:06:20.036 debug: Resolve cc from file:///C:/Users/Admin/Desktop/coco/PipeRescue/assets/scripts/GameController.ts as cce:/internal/x/cc.
00:06:20.037 debug: Resolve ./PipeTypes from file:///C:/Users/Admin/Desktop/coco/PipeRescue/assets/scripts/GameController.ts as file:///C:/Users/Admin/Desktop/coco/PipeRescue/assets/scripts/PipeTypes.ts.
00:06:20.038 debug: Resolve ./TileNode from file:///C:/Users/Admin/Desktop/coco/PipeRescue/assets/scripts/GameController.ts as file:///C:/Users/Admin/Desktop/coco/PipeRescue/assets/scripts/TileNode.ts.
00:06:20.039 debug: Resolve ./PathSolver from file:///C:/Users/Admin/Desktop/coco/PipeRescue/assets/scripts/GameController.ts as file:///C:/Users/Admin/Desktop/coco/PipeRescue/assets/scripts/PathSolver.ts.
00:06:20.066 debug: Target(preview) ends with cost 265.45060000009835ms.
00:07:37.591 debug: Dispatch build request for time accumulated 1 asset changes.
00:07:37.594 debug: Build iteration starts.
Number of accumulated asset changes: 1
Feature changed: false
00:07:37.594 debug: Target(editor) build started.
00:07:37.598 debug: Detected change: cce:/internal/x/prerequisite-imports. Last mtime: Thu Jan 01 1970 10:04:13 GMT+0530 (India Standard Time), Current mtime: Thu Jan 01 1970 10:05:31 GMT+0530 (India Standard Time)
00:07:37.598 debug: Inspect cce:/internal/x/prerequisite-imports
00:07:37.612 debug: transform url: 'cce:/internal/x/prerequisite-imports' costs: 13.20 ms
00:07:37.616 debug: Resolve file:///C:/ProgramData/cocos/editors/Creator/3.8.7/resources/resources/3d/engine/editor/assets/default_renderpipeline/builtin-dof-pass.ts from cce:/internal/x/prerequisite-imports as file:///C:/ProgramData/cocos/editors/Creator/3.8.7/resources/resources/3d/engine/editor/assets/default_renderpipeline/builtin-dof-pass.ts.
00:07:37.617 debug: Resolve file:///C:/ProgramData/cocos/editors/Creator/3.8.7/resources/resources/3d/engine/editor/assets/default_renderpipeline/builtin-pipeline-pass.ts from cce:/internal/x/prerequisite-imports as file:///C:/ProgramData/cocos/editors/Creator/3.8.7/resources/resources/3d/engine/editor/assets/default_renderpipeline/builtin-pipeline-pass.ts.
00:07:37.618 debug: Resolve file:///C:/ProgramData/cocos/editors/Creator/3.8.7/resources/resources/3d/engine/editor/assets/default_renderpipeline/builtin-pipeline-settings.ts from cce:/internal/x/prerequisite-imports as file:///C:/ProgramData/cocos/editors/Creator/3.8.7/resources/resources/3d/engine/editor/assets/default_renderpipeline/builtin-pipeline-settings.ts.
00:07:37.620 debug: Resolve file:///C:/ProgramData/cocos/editors/Creator/3.8.7/resources/resources/3d/engine/editor/assets/default_renderpipeline/builtin-pipeline-types.ts from cce:/internal/x/prerequisite-imports as file:///C:/ProgramData/cocos/editors/Creator/3.8.7/resources/resources/3d/engine/editor/assets/default_renderpipeline/builtin-pipeline-types.ts.
00:07:37.621 debug: Resolve file:///C:/ProgramData/cocos/editors/Creator/3.8.7/resources/resources/3d/engine/editor/assets/default_renderpipeline/builtin-pipeline.ts from cce:/internal/x/prerequisite-imports as file:///C:/ProgramData/cocos/editors/Creator/3.8.7/resources/resources/3d/engine/editor/assets/default_renderpipeline/builtin-pipeline.ts.
00:07:37.622 debug: Resolve file:///C:/ProgramData/cocos/editors/Creator/3.8.7/resources/resources/3d/engine/editor/assets/tools/debug-view-runtime-control.ts from cce:/internal/x/prerequisite-imports as file:///C:/ProgramData/cocos/editors/Creator/3.8.7/resources/resources/3d/engine/editor/assets/tools/debug-view-runtime-control.ts.
00:07:37.623 debug: Resolve file:///C:/Users/Admin/Desktop/coco/PipeRescue/assets/scripts/GameController.ts from cce:/internal/x/prerequisite-imports as file:///C:/Users/Admin/Desktop/coco/PipeRescue/assets/scripts/GameController.ts.
00:07:37.623 debug: Detected change: file:///C:/Users/Admin/Desktop/coco/PipeRescue/assets/scripts/GameController.ts. Last mtime: Mon Jun 08 2026 00:06:16 GMT+0530 (India Standard Time)@9a9c60fd-dcf6-41cd-836f-c29f0ad0170c, Current mtime: Mon Jun 08 2026 00:07:12 GMT+0530 (India Standard Time)@9a9c60fd-dcf6-41cd-836f-c29f0ad0170c
00:07:37.623 debug: Inspect file:///C:/Users/Admin/Desktop/coco/PipeRescue/assets/scripts/GameController.ts
00:07:37.816 debug: transform url: 'file:///C:/Users/Admin/Desktop/coco/PipeRescue/assets/scripts/GameController.ts' costs: 193.00 ms
00:07:37.820 debug: Resolve file:///C:/Users/Admin/Desktop/coco/PipeRescue/assets/scripts/PathSolver.ts from cce:/internal/x/prerequisite-imports as file:///C:/Users/Admin/Desktop/coco/PipeRescue/assets/scripts/PathSolver.ts.
00:07:37.821 debug: Resolve file:///C:/Users/Admin/Desktop/coco/PipeRescue/assets/scripts/PipeTypes.ts from cce:/internal/x/prerequisite-imports as file:///C:/Users/Admin/Desktop/coco/PipeRescue/assets/scripts/PipeTypes.ts.
00:07:37.821 debug: Resolve file:///C:/Users/Admin/Desktop/coco/PipeRescue/assets/scripts/TileNode.ts from cce:/internal/x/prerequisite-imports as file:///C:/Users/Admin/Desktop/coco/PipeRescue/assets/scripts/TileNode.ts.
00:07:37.822 debug: Resolve cce:/internal/code-quality/cr.mjs from file:///C:/Users/Admin/Desktop/coco/PipeRescue/assets/scripts/GameController.ts as cce:/internal/code-quality/cr.mjs.
00:07:37.822 debug: Resolve cc from file:///C:/Users/Admin/Desktop/coco/PipeRescue/assets/scripts/GameController.ts as cce:/internal/x/cc.
00:07:37.822 debug: Resolve cc from file:///C:/Users/Admin/Desktop/coco/PipeRescue/assets/scripts/GameController.ts as cce:/internal/x/cc.
00:07:37.822 debug: Resolve cc from file:///C:/Users/Admin/Desktop/coco/PipeRescue/assets/scripts/GameController.ts as cce:/internal/x/cc.
00:07:37.822 debug: Resolve ./PipeTypes from file:///C:/Users/Admin/Desktop/coco/PipeRescue/assets/scripts/GameController.ts as file:///C:/Users/Admin/Desktop/coco/PipeRescue/assets/scripts/PipeTypes.ts.
00:07:37.823 debug: Resolve ./TileNode from file:///C:/Users/Admin/Desktop/coco/PipeRescue/assets/scripts/GameController.ts as file:///C:/Users/Admin/Desktop/coco/PipeRescue/assets/scripts/TileNode.ts.
00:07:37.824 debug: Resolve ./PathSolver from file:///C:/Users/Admin/Desktop/coco/PipeRescue/assets/scripts/GameController.ts as file:///C:/Users/Admin/Desktop/coco/PipeRescue/assets/scripts/PathSolver.ts.
00:07:37.846 debug: Target(editor) ends with cost 251.74330000020564ms.
00:07:37.846 debug: Target(preview) build started.
00:07:37.859 debug: Detected change: cce:/internal/x/prerequisite-imports. Last mtime: Thu Jan 01 1970 10:04:13 GMT+0530 (India Standard Time), Current mtime: Thu Jan 01 1970 10:05:31 GMT+0530 (India Standard Time)
00:07:37.859 debug: Inspect cce:/internal/x/prerequisite-imports
00:07:37.883 debug: transform url: 'cce:/internal/x/prerequisite-imports' costs: 23.80 ms
00:07:37.888 debug: Resolve file:///C:/ProgramData/cocos/editors/Creator/3.8.7/resources/resources/3d/engine/editor/assets/default_renderpipeline/builtin-dof-pass.ts from cce:/internal/x/prerequisite-imports as file:///C:/ProgramData/cocos/editors/Creator/3.8.7/resources/resources/3d/engine/editor/assets/default_renderpipeline/builtin-dof-pass.ts.
00:07:37.889 debug: Resolve file:///C:/ProgramData/cocos/editors/Creator/3.8.7/resources/resources/3d/engine/editor/assets/default_renderpipeline/builtin-pipeline-pass.ts from cce:/internal/x/prerequisite-imports as file:///C:/ProgramData/cocos/editors/Creator/3.8.7/resources/resources/3d/engine/editor/assets/default_renderpipeline/builtin-pipeline-pass.ts.
00:07:37.891 debug: Resolve file:///C:/ProgramData/cocos/editors/Creator/3.8.7/resources/resources/3d/engine/editor/assets/default_renderpipeline/builtin-pipeline-settings.ts from cce:/internal/x/prerequisite-imports as file:///C:/ProgramData/cocos/editors/Creator/3.8.7/resources/resources/3d/engine/editor/assets/default_renderpipeline/builtin-pipeline-settings.ts.
00:07:37.892 debug: Resolve file:///C:/ProgramData/cocos/editors/Creator/3.8.7/resources/resources/3d/engine/editor/assets/default_renderpipeline/builtin-pipeline-types.ts from cce:/internal/x/prerequisite-imports as file:///C:/ProgramData/cocos/editors/Creator/3.8.7/resources/resources/3d/engine/editor/assets/default_renderpipeline/builtin-pipeline-types.ts.
00:07:37.893 debug: Resolve file:///C:/ProgramData/cocos/editors/Creator/3.8.7/resources/resources/3d/engine/editor/assets/default_renderpipeline/builtin-pipeline.ts from cce:/internal/x/prerequisite-imports as file:///C:/ProgramData/cocos/editors/Creator/3.8.7/resources/resources/3d/engine/editor/assets/default_renderpipeline/builtin-pipeline.ts.
00:07:37.895 debug: Resolve file:///C:/ProgramData/cocos/editors/Creator/3.8.7/resources/resources/3d/engine/editor/assets/tools/debug-view-runtime-control.ts from cce:/internal/x/prerequisite-imports as file:///C:/ProgramData/cocos/editors/Creator/3.8.7/resources/resources/3d/engine/editor/assets/tools/debug-view-runtime-control.ts.
00:07:37.896 debug: Resolve file:///C:/Users/Admin/Desktop/coco/PipeRescue/assets/scripts/GameController.ts from cce:/internal/x/prerequisite-imports as file:///C:/Users/Admin/Desktop/coco/PipeRescue/assets/scripts/GameController.ts.
00:07:37.896 debug: Detected change: file:///C:/Users/Admin/Desktop/coco/PipeRescue/assets/scripts/GameController.ts. Last mtime: Mon Jun 08 2026 00:06:16 GMT+0530 (India Standard Time)@9a9c60fd-dcf6-41cd-836f-c29f0ad0170c, Current mtime: Mon Jun 08 2026 00:07:12 GMT+0530 (India Standard Time)@9a9c60fd-dcf6-41cd-836f-c29f0ad0170c
00:07:37.896 debug: Inspect file:///C:/Users/Admin/Desktop/coco/PipeRescue/assets/scripts/GameController.ts
00:07:38.156 debug: transform url: 'file:///C:/Users/Admin/Desktop/coco/PipeRescue/assets/scripts/GameController.ts' costs: 260.50 ms
00:07:38.161 debug: Resolve file:///C:/Users/Admin/Desktop/coco/PipeRescue/assets/scripts/PathSolver.ts from cce:/internal/x/prerequisite-imports as file:///C:/Users/Admin/Desktop/coco/PipeRescue/assets/scripts/PathSolver.ts.
00:07:38.162 debug: Resolve file:///C:/Users/Admin/Desktop/coco/PipeRescue/assets/scripts/PipeTypes.ts from cce:/internal/x/prerequisite-imports as file:///C:/Users/Admin/Desktop/coco/PipeRescue/assets/scripts/PipeTypes.ts.
00:07:38.164 debug: Resolve file:///C:/Users/Admin/Desktop/coco/PipeRescue/assets/scripts/TileNode.ts from cce:/internal/x/prerequisite-imports as file:///C:/Users/Admin/Desktop/coco/PipeRescue/assets/scripts/TileNode.ts.
00:07:38.166 debug: Resolve cce:/internal/code-quality/cr.mjs from file:///C:/Users/Admin/Desktop/coco/PipeRescue/assets/scripts/GameController.ts as cce:/internal/code-quality/cr.mjs.
00:07:38.166 debug: Resolve cc from file:///C:/Users/Admin/Desktop/coco/PipeRescue/assets/scripts/GameController.ts as cce:/internal/x/cc.
00:07:38.166 debug: Resolve cc from file:///C:/Users/Admin/Desktop/coco/PipeRescue/assets/scripts/GameController.ts as cce:/internal/x/cc.
00:07:38.166 debug: Resolve cc from file:///C:/Users/Admin/Desktop/coco/PipeRescue/assets/scripts/GameController.ts as cce:/internal/x/cc.
00:07:38.168 debug: Resolve ./PipeTypes from file:///C:/Users/Admin/Desktop/coco/PipeRescue/assets/scripts/GameController.ts as file:///C:/Users/Admin/Desktop/coco/PipeRescue/assets/scripts/PipeTypes.ts.
00:07:38.169 debug: Resolve ./TileNode from file:///C:/Users/Admin/Desktop/coco/PipeRescue/assets/scripts/GameController.ts as file:///C:/Users/Admin/Desktop/coco/PipeRescue/assets/scripts/TileNode.ts.
00:07:38.170 debug: Resolve ./PathSolver from file:///C:/Users/Admin/Desktop/coco/PipeRescue/assets/scripts/GameController.ts as file:///C:/Users/Admin/Desktop/coco/PipeRescue/assets/scripts/PathSolver.ts.
00:07:38.224 debug: Target(preview) ends with cost 377.638900000602ms.
00:11:20.271 debug: Dispatch build request for time accumulated 1 asset changes.
00:11:20.275 debug: Build iteration starts.
Number of accumulated asset changes: 1
Feature changed: false
00:11:20.276 debug: Target(editor) build started.
00:11:20.280 debug: Detected change: cce:/internal/x/prerequisite-imports. Last mtime: Thu Jan 01 1970 10:05:31 GMT+0530 (India Standard Time), Current mtime: Thu Jan 01 1970 10:09:14 GMT+0530 (India Standard Time)
00:11:20.280 debug: Inspect cce:/internal/x/prerequisite-imports
00:11:20.301 debug: transform url: 'cce:/internal/x/prerequisite-imports' costs: 20.40 ms
00:11:20.311 debug: Resolve file:///C:/ProgramData/cocos/editors/Creator/3.8.7/resources/resources/3d/engine/editor/assets/default_renderpipeline/builtin-dof-pass.ts from cce:/internal/x/prerequisite-imports as file:///C:/ProgramData/cocos/editors/Creator/3.8.7/resources/resources/3d/engine/editor/assets/default_renderpipeline/builtin-dof-pass.ts.
00:11:20.313 debug: Resolve file:///C:/ProgramData/cocos/editors/Creator/3.8.7/resources/resources/3d/engine/editor/assets/default_renderpipeline/builtin-pipeline-pass.ts from cce:/internal/x/prerequisite-imports as file:///C:/ProgramData/cocos/editors/Creator/3.8.7/resources/resources/3d/engine/editor/assets/default_renderpipeline/builtin-pipeline-pass.ts.
00:11:20.314 debug: Resolve file:///C:/ProgramData/cocos/editors/Creator/3.8.7/resources/resources/3d/engine/editor/assets/default_renderpipeline/builtin-pipeline-settings.ts from cce:/internal/x/prerequisite-imports as file:///C:/ProgramData/cocos/editors/Creator/3.8.7/resources/resources/3d/engine/editor/assets/default_renderpipeline/builtin-pipeline-settings.ts.
00:11:20.315 debug: Resolve file:///C:/ProgramData/cocos/editors/Creator/3.8.7/resources/resources/3d/engine/editor/assets/default_renderpipeline/builtin-pipeline-types.ts from cce:/internal/x/prerequisite-imports as file:///C:/ProgramData/cocos/editors/Creator/3.8.7/resources/resources/3d/engine/editor/assets/default_renderpipeline/builtin-pipeline-types.ts.
00:11:20.316 debug: Resolve file:///C:/ProgramData/cocos/editors/Creator/3.8.7/resources/resources/3d/engine/editor/assets/default_renderpipeline/builtin-pipeline.ts from cce:/internal/x/prerequisite-imports as file:///C:/ProgramData/cocos/editors/Creator/3.8.7/resources/resources/3d/engine/editor/assets/default_renderpipeline/builtin-pipeline.ts.
00:11:20.318 debug: Resolve file:///C:/ProgramData/cocos/editors/Creator/3.8.7/resources/resources/3d/engine/editor/assets/tools/debug-view-runtime-control.ts from cce:/internal/x/prerequisite-imports as file:///C:/ProgramData/cocos/editors/Creator/3.8.7/resources/resources/3d/engine/editor/assets/tools/debug-view-runtime-control.ts.
00:11:20.319 debug: Resolve file:///C:/Users/Admin/Desktop/coco/PipeRescue/assets/scripts/GameController.ts from cce:/internal/x/prerequisite-imports as file:///C:/Users/Admin/Desktop/coco/PipeRescue/assets/scripts/GameController.ts.
00:11:20.320 debug: Detected change: file:///C:/Users/Admin/Desktop/coco/PipeRescue/assets/scripts/GameController.ts. Last mtime: Mon Jun 08 2026 00:07:12 GMT+0530 (India Standard Time)@9a9c60fd-dcf6-41cd-836f-c29f0ad0170c, Current mtime: Mon Jun 08 2026 00:10:58 GMT+0530 (India Standard Time)@9a9c60fd-dcf6-41cd-836f-c29f0ad0170c
00:11:20.320 debug: Inspect file:///C:/Users/Admin/Desktop/coco/PipeRescue/assets/scripts/GameController.ts
00:11:20.496 debug: transform url: 'file:///C:/Users/Admin/Desktop/coco/PipeRescue/assets/scripts/GameController.ts' costs: 176.20 ms
00:11:20.501 debug: Resolve file:///C:/Users/Admin/Desktop/coco/PipeRescue/assets/scripts/PathSolver.ts from cce:/internal/x/prerequisite-imports as file:///C:/Users/Admin/Desktop/coco/PipeRescue/assets/scripts/PathSolver.ts.
00:11:20.503 debug: Resolve file:///C:/Users/Admin/Desktop/coco/PipeRescue/assets/scripts/PipeTypes.ts from cce:/internal/x/prerequisite-imports as file:///C:/Users/Admin/Desktop/coco/PipeRescue/assets/scripts/PipeTypes.ts.
00:11:20.505 debug: Resolve file:///C:/Users/Admin/Desktop/coco/PipeRescue/assets/scripts/TileNode.ts from cce:/internal/x/prerequisite-imports as file:///C:/Users/Admin/Desktop/coco/PipeRescue/assets/scripts/TileNode.ts.
00:11:20.507 debug: Resolve cce:/internal/code-quality/cr.mjs from file:///C:/Users/Admin/Desktop/coco/PipeRescue/assets/scripts/GameController.ts as cce:/internal/code-quality/cr.mjs.
00:11:20.507 debug: Resolve cc from file:///C:/Users/Admin/Desktop/coco/PipeRescue/assets/scripts/GameController.ts as cce:/internal/x/cc.
00:11:20.508 debug: Resolve cc from file:///C:/Users/Admin/Desktop/coco/PipeRescue/assets/scripts/GameController.ts as cce:/internal/x/cc.
00:11:20.508 debug: Resolve cc from file:///C:/Users/Admin/Desktop/coco/PipeRescue/assets/scripts/GameController.ts as cce:/internal/x/cc.
00:11:20.510 debug: Resolve ./PipeTypes from file:///C:/Users/Admin/Desktop/coco/PipeRescue/assets/scripts/GameController.ts as file:///C:/Users/Admin/Desktop/coco/PipeRescue/assets/scripts/PipeTypes.ts.
00:11:20.511 debug: Resolve ./TileNode from file:///C:/Users/Admin/Desktop/coco/PipeRescue/assets/scripts/GameController.ts as file:///C:/Users/Admin/Desktop/coco/PipeRescue/assets/scripts/TileNode.ts.
00:11:20.512 debug: Resolve ./PathSolver from file:///C:/Users/Admin/Desktop/coco/PipeRescue/assets/scripts/GameController.ts as file:///C:/Users/Admin/Desktop/coco/PipeRescue/assets/scripts/PathSolver.ts.
00:11:20.539 debug: Target(editor) ends with cost 262.59730000048876ms.
00:11:20.539 debug: Target(preview) build started.
00:11:20.545 debug: Detected change: cce:/internal/x/prerequisite-imports. Last mtime: Thu Jan 01 1970 10:05:31 GMT+0530 (India Standard Time), Current mtime: Thu Jan 01 1970 10:09:14 GMT+0530 (India Standard Time)
00:11:20.545 debug: Inspect cce:/internal/x/prerequisite-imports
00:11:20.566 debug: transform url: 'cce:/internal/x/prerequisite-imports' costs: 21.20 ms
00:11:20.570 debug: Resolve file:///C:/ProgramData/cocos/editors/Creator/3.8.7/resources/resources/3d/engine/editor/assets/default_renderpipeline/builtin-dof-pass.ts from cce:/internal/x/prerequisite-imports as file:///C:/ProgramData/cocos/editors/Creator/3.8.7/resources/resources/3d/engine/editor/assets/default_renderpipeline/builtin-dof-pass.ts.
00:11:20.572 debug: Resolve file:///C:/ProgramData/cocos/editors/Creator/3.8.7/resources/resources/3d/engine/editor/assets/default_renderpipeline/builtin-pipeline-pass.ts from cce:/internal/x/prerequisite-imports as file:///C:/ProgramData/cocos/editors/Creator/3.8.7/resources/resources/3d/engine/editor/assets/default_renderpipeline/builtin-pipeline-pass.ts.
00:11:20.573 debug: Resolve file:///C:/ProgramData/cocos/editors/Creator/3.8.7/resources/resources/3d/engine/editor/assets/default_renderpipeline/builtin-pipeline-settings.ts from cce:/internal/x/prerequisite-imports as file:///C:/ProgramData/cocos/editors/Creator/3.8.7/resources/resources/3d/engine/editor/assets/default_renderpipeline/builtin-pipeline-settings.ts.
00:11:20.574 debug: Resolve file:///C:/ProgramData/cocos/editors/Creator/3.8.7/resources/resources/3d/engine/editor/assets/default_renderpipeline/builtin-pipeline-types.ts from cce:/internal/x/prerequisite-imports as file:///C:/ProgramData/cocos/editors/Creator/3.8.7/resources/resources/3d/engine/editor/assets/default_renderpipeline/builtin-pipeline-types.ts.
00:11:20.576 debug: Resolve file:///C:/ProgramData/cocos/editors/Creator/3.8.7/resources/resources/3d/engine/editor/assets/default_renderpipeline/builtin-pipeline.ts from cce:/internal/x/prerequisite-imports as file:///C:/ProgramData/cocos/editors/Creator/3.8.7/resources/resources/3d/engine/editor/assets/default_renderpipeline/builtin-pipeline.ts.
00:11:20.577 debug: Resolve file:///C:/ProgramData/cocos/editors/Creator/3.8.7/resources/resources/3d/engine/editor/assets/tools/debug-view-runtime-control.ts from cce:/internal/x/prerequisite-imports as file:///C:/ProgramData/cocos/editors/Creator/3.8.7/resources/resources/3d/engine/editor/assets/tools/debug-view-runtime-control.ts.
00:11:20.578 debug: Resolve file:///C:/Users/Admin/Desktop/coco/PipeRescue/assets/scripts/GameController.ts from cce:/internal/x/prerequisite-imports as file:///C:/Users/Admin/Desktop/coco/PipeRescue/assets/scripts/GameController.ts.
00:11:20.578 debug: Detected change: file:///C:/Users/Admin/Desktop/coco/PipeRescue/assets/scripts/GameController.ts. Last mtime: Mon Jun 08 2026 00:07:12 GMT+0530 (India Standard Time)@9a9c60fd-dcf6-41cd-836f-c29f0ad0170c, Current mtime: Mon Jun 08 2026 00:10:58 GMT+0530 (India Standard Time)@9a9c60fd-dcf6-41cd-836f-c29f0ad0170c
00:11:20.578 debug: Inspect file:///C:/Users/Admin/Desktop/coco/PipeRescue/assets/scripts/GameController.ts
00:11:20.755 debug: transform url: 'file:///C:/Users/Admin/Desktop/coco/PipeRescue/assets/scripts/GameController.ts' costs: 177.30 ms
00:11:20.759 debug: Resolve file:///C:/Users/Admin/Desktop/coco/PipeRescue/assets/scripts/PathSolver.ts from cce:/internal/x/prerequisite-imports as file:///C:/Users/Admin/Desktop/coco/PipeRescue/assets/scripts/PathSolver.ts.
00:11:20.760 debug: Resolve file:///C:/Users/Admin/Desktop/coco/PipeRescue/assets/scripts/PipeTypes.ts from cce:/internal/x/prerequisite-imports as file:///C:/Users/Admin/Desktop/coco/PipeRescue/assets/scripts/PipeTypes.ts.
00:11:20.761 debug: Resolve file:///C:/Users/Admin/Desktop/coco/PipeRescue/assets/scripts/TileNode.ts from cce:/internal/x/prerequisite-imports as file:///C:/Users/Admin/Desktop/coco/PipeRescue/assets/scripts/TileNode.ts.
00:11:20.761 debug: Resolve cce:/internal/code-quality/cr.mjs from file:///C:/Users/Admin/Desktop/coco/PipeRescue/assets/scripts/GameController.ts as cce:/internal/code-quality/cr.mjs.
00:11:20.762 debug: Resolve cc from file:///C:/Users/Admin/Desktop/coco/PipeRescue/assets/scripts/GameController.ts as cce:/internal/x/cc.
00:11:20.762 debug: Resolve cc from file:///C:/Users/Admin/Desktop/coco/PipeRescue/assets/scripts/GameController.ts as cce:/internal/x/cc.
00:11:20.762 debug: Resolve cc from file:///C:/Users/Admin/Desktop/coco/PipeRescue/assets/scripts/GameController.ts as cce:/internal/x/cc.
00:11:20.763 debug: Resolve ./PipeTypes from file:///C:/Users/Admin/Desktop/coco/PipeRescue/assets/scripts/GameController.ts as file:///C:/Users/Admin/Desktop/coco/PipeRescue/assets/scripts/PipeTypes.ts.
00:11:20.764 debug: Resolve ./TileNode from file:///C:/Users/Admin/Desktop/coco/PipeRescue/assets/scripts/GameController.ts as file:///C:/Users/Admin/Desktop/coco/PipeRescue/assets/scripts/TileNode.ts.
00:11:20.765 debug: Resolve ./PathSolver from file:///C:/Users/Admin/Desktop/coco/PipeRescue/assets/scripts/GameController.ts as file:///C:/Users/Admin/Desktop/coco/PipeRescue/assets/scripts/PathSolver.ts.
00:11:20.792 debug: Target(preview) ends with cost 252.60669999942183ms.
00:12:21.788 debug: Dispatch build request for time accumulated 1 asset changes.
00:12:21.790 debug: Build iteration starts.
Number of accumulated asset changes: 1
Feature changed: false
00:12:21.790 debug: Target(editor) build started.
00:12:21.793 debug: Detected change: cce:/internal/x/prerequisite-imports. Last mtime: Thu Jan 01 1970 10:09:14 GMT+0530 (India Standard Time), Current mtime: Thu Jan 01 1970 10:10:15 GMT+0530 (India Standard Time)
00:12:21.793 debug: Inspect cce:/internal/x/prerequisite-imports
00:12:21.806 debug: transform url: 'cce:/internal/x/prerequisite-imports' costs: 12.80 ms
00:12:21.809 debug: Resolve file:///C:/ProgramData/cocos/editors/Creator/3.8.7/resources/resources/3d/engine/editor/assets/default_renderpipeline/builtin-dof-pass.ts from cce:/internal/x/prerequisite-imports as file:///C:/ProgramData/cocos/editors/Creator/3.8.7/resources/resources/3d/engine/editor/assets/default_renderpipeline/builtin-dof-pass.ts.
00:12:21.810 debug: Resolve file:///C:/ProgramData/cocos/editors/Creator/3.8.7/resources/resources/3d/engine/editor/assets/default_renderpipeline/builtin-pipeline-pass.ts from cce:/internal/x/prerequisite-imports as file:///C:/ProgramData/cocos/editors/Creator/3.8.7/resources/resources/3d/engine/editor/assets/default_renderpipeline/builtin-pipeline-pass.ts.
00:12:21.811 debug: Resolve file:///C:/ProgramData/cocos/editors/Creator/3.8.7/resources/resources/3d/engine/editor/assets/default_renderpipeline/builtin-pipeline-settings.ts from cce:/internal/x/prerequisite-imports as file:///C:/ProgramData/cocos/editors/Creator/3.8.7/resources/resources/3d/engine/editor/assets/default_renderpipeline/builtin-pipeline-settings.ts.
00:12:21.812 debug: Resolve file:///C:/ProgramData/cocos/editors/Creator/3.8.7/resources/resources/3d/engine/editor/assets/default_renderpipeline/builtin-pipeline-types.ts from cce:/internal/x/prerequisite-imports as file:///C:/ProgramData/cocos/editors/Creator/3.8.7/resources/resources/3d/engine/editor/assets/default_renderpipeline/builtin-pipeline-types.ts.
00:12:21.813 debug: Resolve file:///C:/ProgramData/cocos/editors/Creator/3.8.7/resources/resources/3d/engine/editor/assets/default_renderpipeline/builtin-pipeline.ts from cce:/internal/x/prerequisite-imports as file:///C:/ProgramData/cocos/editors/Creator/3.8.7/resources/resources/3d/engine/editor/assets/default_renderpipeline/builtin-pipeline.ts.
00:12:21.814 debug: Resolve file:///C:/ProgramData/cocos/editors/Creator/3.8.7/resources/resources/3d/engine/editor/assets/tools/debug-view-runtime-control.ts from cce:/internal/x/prerequisite-imports as file:///C:/ProgramData/cocos/editors/Creator/3.8.7/resources/resources/3d/engine/editor/assets/tools/debug-view-runtime-control.ts.
00:12:21.814 debug: Resolve file:///C:/Users/Admin/Desktop/coco/PipeRescue/assets/scripts/GameController.ts from cce:/internal/x/prerequisite-imports as file:///C:/Users/Admin/Desktop/coco/PipeRescue/assets/scripts/GameController.ts.
00:12:21.814 debug: Detected change: file:///C:/Users/Admin/Desktop/coco/PipeRescue/assets/scripts/GameController.ts. Last mtime: Mon Jun 08 2026 00:10:58 GMT+0530 (India Standard Time)@9a9c60fd-dcf6-41cd-836f-c29f0ad0170c, Current mtime: Mon Jun 08 2026 00:12:14 GMT+0530 (India Standard Time)@9a9c60fd-dcf6-41cd-836f-c29f0ad0170c
00:12:21.814 debug: Inspect file:///C:/Users/Admin/Desktop/coco/PipeRescue/assets/scripts/GameController.ts
00:12:21.949 debug: transform url: 'file:///C:/Users/Admin/Desktop/coco/PipeRescue/assets/scripts/GameController.ts' costs: 134.60 ms
00:12:21.953 debug: Resolve file:///C:/Users/Admin/Desktop/coco/PipeRescue/assets/scripts/PathSolver.ts from cce:/internal/x/prerequisite-imports as file:///C:/Users/Admin/Desktop/coco/PipeRescue/assets/scripts/PathSolver.ts.
00:12:21.954 debug: Resolve file:///C:/Users/Admin/Desktop/coco/PipeRescue/assets/scripts/PipeTypes.ts from cce:/internal/x/prerequisite-imports as file:///C:/Users/Admin/Desktop/coco/PipeRescue/assets/scripts/PipeTypes.ts.
00:12:21.955 debug: Resolve file:///C:/Users/Admin/Desktop/coco/PipeRescue/assets/scripts/TileNode.ts from cce:/internal/x/prerequisite-imports as file:///C:/Users/Admin/Desktop/coco/PipeRescue/assets/scripts/TileNode.ts.
00:12:21.955 debug: Resolve cce:/internal/code-quality/cr.mjs from file:///C:/Users/Admin/Desktop/coco/PipeRescue/assets/scripts/GameController.ts as cce:/internal/code-quality/cr.mjs.
00:12:21.955 debug: Resolve cc from file:///C:/Users/Admin/Desktop/coco/PipeRescue/assets/scripts/GameController.ts as cce:/internal/x/cc.
00:12:21.956 debug: Resolve cc from file:///C:/Users/Admin/Desktop/coco/PipeRescue/assets/scripts/GameController.ts as cce:/internal/x/cc.
00:12:21.956 debug: Resolve cc from file:///C:/Users/Admin/Desktop/coco/PipeRescue/assets/scripts/GameController.ts as cce:/internal/x/cc.
00:12:21.957 debug: Resolve ./PipeTypes from file:///C:/Users/Admin/Desktop/coco/PipeRescue/assets/scripts/GameController.ts as file:///C:/Users/Admin/Desktop/coco/PipeRescue/assets/scripts/PipeTypes.ts.
00:12:21.958 debug: Resolve ./TileNode from file:///C:/Users/Admin/Desktop/coco/PipeRescue/assets/scripts/GameController.ts as file:///C:/Users/Admin/Desktop/coco/PipeRescue/assets/scripts/TileNode.ts.
00:12:21.958 debug: Resolve ./PathSolver from file:///C:/Users/Admin/Desktop/coco/PipeRescue/assets/scripts/GameController.ts as file:///C:/Users/Admin/Desktop/coco/PipeRescue/assets/scripts/PathSolver.ts.
00:12:21.989 debug: Target(editor) ends with cost 198.0874000005424ms.
00:12:21.989 debug: Target(preview) build started.
00:12:21.996 debug: Detected change: cce:/internal/x/prerequisite-imports. Last mtime: Thu Jan 01 1970 10:09:14 GMT+0530 (India Standard Time), Current mtime: Thu Jan 01 1970 10:10:15 GMT+0530 (India Standard Time)
00:12:21.996 debug: Inspect cce:/internal/x/prerequisite-imports
00:12:22.018 debug: transform url: 'cce:/internal/x/prerequisite-imports' costs: 21.40 ms
00:12:22.021 debug: Resolve file:///C:/ProgramData/cocos/editors/Creator/3.8.7/resources/resources/3d/engine/editor/assets/default_renderpipeline/builtin-dof-pass.ts from cce:/internal/x/prerequisite-imports as file:///C:/ProgramData/cocos/editors/Creator/3.8.7/resources/resources/3d/engine/editor/assets/default_renderpipeline/builtin-dof-pass.ts.
00:12:22.022 debug: Resolve file:///C:/ProgramData/cocos/editors/Creator/3.8.7/resources/resources/3d/engine/editor/assets/default_renderpipeline/builtin-pipeline-pass.ts from cce:/internal/x/prerequisite-imports as file:///C:/ProgramData/cocos/editors/Creator/3.8.7/resources/resources/3d/engine/editor/assets/default_renderpipeline/builtin-pipeline-pass.ts.
00:12:22.024 debug: Resolve file:///C:/ProgramData/cocos/editors/Creator/3.8.7/resources/resources/3d/engine/editor/assets/default_renderpipeline/builtin-pipeline-settings.ts from cce:/internal/x/prerequisite-imports as file:///C:/ProgramData/cocos/editors/Creator/3.8.7/resources/resources/3d/engine/editor/assets/default_renderpipeline/builtin-pipeline-settings.ts.
00:12:22.026 debug: Resolve file:///C:/ProgramData/cocos/editors/Creator/3.8.7/resources/resources/3d/engine/editor/assets/default_renderpipeline/builtin-pipeline-types.ts from cce:/internal/x/prerequisite-imports as file:///C:/ProgramData/cocos/editors/Creator/3.8.7/resources/resources/3d/engine/editor/assets/default_renderpipeline/builtin-pipeline-types.ts.
00:12:22.027 debug: Resolve file:///C:/ProgramData/cocos/editors/Creator/3.8.7/resources/resources/3d/engine/editor/assets/default_renderpipeline/builtin-pipeline.ts from cce:/internal/x/prerequisite-imports as file:///C:/ProgramData/cocos/editors/Creator/3.8.7/resources/resources/3d/engine/editor/assets/default_renderpipeline/builtin-pipeline.ts.
00:12:22.028 debug: Resolve file:///C:/ProgramData/cocos/editors/Creator/3.8.7/resources/resources/3d/engine/editor/assets/tools/debug-view-runtime-control.ts from cce:/internal/x/prerequisite-imports as file:///C:/ProgramData/cocos/editors/Creator/3.8.7/resources/resources/3d/engine/editor/assets/tools/debug-view-runtime-control.ts.
00:12:22.029 debug: Resolve file:///C:/Users/Admin/Desktop/coco/PipeRescue/assets/scripts/GameController.ts from cce:/internal/x/prerequisite-imports as file:///C:/Users/Admin/Desktop/coco/PipeRescue/assets/scripts/GameController.ts.
00:12:22.029 debug: Detected change: file:///C:/Users/Admin/Desktop/coco/PipeRescue/assets/scripts/GameController.ts. Last mtime: Mon Jun 08 2026 00:10:58 GMT+0530 (India Standard Time)@9a9c60fd-dcf6-41cd-836f-c29f0ad0170c, Current mtime: Mon Jun 08 2026 00:12:14 GMT+0530 (India Standard Time)@9a9c60fd-dcf6-41cd-836f-c29f0ad0170c
00:12:22.029 debug: Inspect file:///C:/Users/Admin/Desktop/coco/PipeRescue/assets/scripts/GameController.ts
00:12:22.426 debug: transform url: 'file:///C:/Users/Admin/Desktop/coco/PipeRescue/assets/scripts/GameController.ts' costs: 397.20 ms
00:12:22.430 debug: Resolve file:///C:/Users/Admin/Desktop/coco/PipeRescue/assets/scripts/PathSolver.ts from cce:/internal/x/prerequisite-imports as file:///C:/Users/Admin/Desktop/coco/PipeRescue/assets/scripts/PathSolver.ts.
00:12:22.431 debug: Resolve file:///C:/Users/Admin/Desktop/coco/PipeRescue/assets/scripts/PipeTypes.ts from cce:/internal/x/prerequisite-imports as file:///C:/Users/Admin/Desktop/coco/PipeRescue/assets/scripts/PipeTypes.ts.
00:12:22.431 debug: Resolve file:///C:/Users/Admin/Desktop/coco/PipeRescue/assets/scripts/TileNode.ts from cce:/internal/x/prerequisite-imports as file:///C:/Users/Admin/Desktop/coco/PipeRescue/assets/scripts/TileNode.ts.
00:12:22.432 debug: Resolve cce:/internal/code-quality/cr.mjs from file:///C:/Users/Admin/Desktop/coco/PipeRescue/assets/scripts/GameController.ts as cce:/internal/code-quality/cr.mjs.
00:12:22.432 debug: Resolve cc from file:///C:/Users/Admin/Desktop/coco/PipeRescue/assets/scripts/GameController.ts as cce:/internal/x/cc.
00:12:22.432 debug: Resolve cc from file:///C:/Users/Admin/Desktop/coco/PipeRescue/assets/scripts/GameController.ts as cce:/internal/x/cc.
00:12:22.432 debug: Resolve cc from file:///C:/Users/Admin/Desktop/coco/PipeRescue/assets/scripts/GameController.ts as cce:/internal/x/cc.
00:12:22.433 debug: Resolve ./PipeTypes from file:///C:/Users/Admin/Desktop/coco/PipeRescue/assets/scripts/GameController.ts as file:///C:/Users/Admin/Desktop/coco/PipeRescue/assets/scripts/PipeTypes.ts.
00:12:22.435 debug: Resolve ./TileNode from file:///C:/Users/Admin/Desktop/coco/PipeRescue/assets/scripts/GameController.ts as file:///C:/Users/Admin/Desktop/coco/PipeRescue/assets/scripts/TileNode.ts.
00:12:22.436 debug: Resolve ./PathSolver from file:///C:/Users/Admin/Desktop/coco/PipeRescue/assets/scripts/GameController.ts as file:///C:/Users/Admin/Desktop/coco/PipeRescue/assets/scripts/PathSolver.ts.
00:12:22.455 debug: Target(preview) ends with cost 465.5321999974549ms.
